Area,Category,Validation_MAE,Validation_RMSE,Best_CPS,Best_CPR
Afghanistan,April,0.30291872782936163,0.3572909943636054,0.3,0.85
Afghanistan,August,0.5467230786686742,0.6174838426787047,0.4,0.85
Afghanistan,December,0.9313355832878747,1.3361967517743865,0.05,0.85
Afghanistan,Winter,0.9656665196338067,0.9854140549948089,0.4,0.9
Afghanistan,February,1.850079803633789,2.1092015660324055,0.01,0.9
Afghanistan,January,1.3685140738602046,1.5551435787549688,0.6,0.85
Afghanistan,July,0.5233484836303336,0.6748172807932175,0.4,0.85
Afghanistan,June,0.7034127959319082,0.7995200745603399,0.3,0.85
Afghanistan,Summer,0.13509786716605934,0.22699728245920137,0.6,0.9
Afghanistan,March,1.3576469604434116,1.6845666289510777,0.01,0.9
Afghanistan,Spring,0.6629959361110074,0.752134367612004,0.3,0.9
Afghanistan,May,1.007208872832561,1.1135195406990064,0.01,0.85
Afghanistan,Meteorological year,0.31922176769472516,0.3688920754117592,0.6,0.85
Afghanistan,November,1.619162491007159,1.869283543198885,0.6,0.9
Afghanistan,October,0.5965227901409362,0.7524317080940813,0.3,0.85
Afghanistan,September,0.8588095295103392,1.0192207873093246,0.01,0.9
Afghanistan,Autumn,0.5349606938153074,0.5700266916723327,0.01,0.85
Africa,April,0.2478236915950428,0.3158611966418137,0.1,0.9
Africa,August,0.1857527105213845,0.25160584040164646,0.05,0.85
Africa,December,0.22327961112103945,0.2651743728191412,0.6,0.85
Africa,Winter,0.1307561763669147,0.15583234573458646,0.3,0.85
Africa,February,0.1747382582666203,0.2281269678084684,0.3,0.85
Africa,January,0.27736741764201506,0.3796752913315189,0.4,0.9
Africa,July,0.2672300789641135,0.29079853786264,0.6,0.9
Africa,June,0.16068522215907963,0.19201175083087416,0.6,0.85
Africa,Summer,0.188329507608502,0.21650365805945898,0.6,0.9
Africa,March,0.2717992545061688,0.3069758733017191,0.3,0.9
Africa,Spring,0.14627685676305527,0.1992464442331649,0.3,0.9
Africa,May,0.22896951048923278,0.25692749598103737,0.6,0.9
Africa,Meteorological year,0.09582612261281036,0.12804515834173733,0.6,0.85
Africa,November,0.2851934555461831,0.37441407219644485,0.6,0.9
Africa,October,0.3496397131566746,0.45288382179455156,0.6,0.9
Africa,September,0.1945558967340788,0.22401025461716587,0.05,0.85
Africa,Autumn,0.23109066051942972,0.2828659661479798,0.6,0.9
Albania,April,1.204657419635118,1.5732954060366284,0.6,0.9
Albania,August,0.7082938926852663,0.8047455427599497,0.6,0.85
Albania,December,0.7951749517235265,0.9969669097359746,0.01,0.9
Albania,Winter,0.9743900224530299,1.1857355383061046,0.3,0.85
Albania,February,2.0309787515765914,2.5271564600452225,0.1,0.85
Albania,January,1.6445355522352918,2.028509194170837,0.01,0.9
Albania,July,0.8937802807018658,1.0799264226329943,0.1,0.9
Albania,June,0.6679212191404726,0.7919569078001432,0.3,0.9
Albania,Summer,0.6090423942974399,0.6879618108462134,0.6,0.85
Albania,March,1.0749084430687852,1.2780616574077677,0.4,0.9
Albania,Spring,0.5230674106913864,0.7580559584881733,0.6,0.9
Albania,May,1.3394004772804935,1.5236043018243295,0.3,0.9
Albania,Meteorological year,0.32237703224332365,0.3872658606757978,0.6,0.85
Albania,November,1.025973785225542,1.1738491074874338,0.6,0.85
Albania,October,0.7771275271866563,0.9646048500135136,0.6,0.85
Albania,September,0.9192071303780676,1.1436446451692794,0.6,0.85
Albania,Autumn,0.8149248641050314,1.0115338099933766,0.6,0.85
Algeria,April,0.7723231424240232,0.9302376560400237,0.01,0.85
Algeria,August,0.5727140463698408,0.6850739741734434,0.6,0.85
Algeria,December,0.7094035816501175,0.8678272609486337,0.6,0.9
Algeria,Winter,0.5938594310730764,0.6984452461600206,0.5,0.85
Algeria,February,1.1522887733857132,1.2688643789545004,0.5,0.9
Algeria,January,1.3737721939121676,1.4646586087121445,0.4,0.85
Algeria,July,0.6043085804056997,0.745785546605232,0.1,0.9
Algeria,June,0.5767571559481198,0.7447491278850147,0.05,0.9
Algeria,Summer,0.3403892914023728,0.4012390605861015,0.6,0.9
Algeria,March,1.1465439201885206,1.4049413214648807,0.1,0.9
Algeria,Spring,0.3733066846243221,0.5275152247580212,0.1,0.9
Algeria,May,0.9322287702760166,1.0843984004026546,0.6,0.9
Algeria,Meteorological year,0.3022701570974586,0.34346701507159716,0.01,0.9
Algeria,November,0.4746019334714125,0.587861257969989,0.05,0.85
Algeria,October,0.7821549281718108,0.9765000011330741,0.01,0.85
Algeria,September,0.38580325845221414,0.6204595128504629,0.6,0.9
Algeria,Autumn,0.4965113266337156,0.5726338258737049,0.6,0.85
Americas,April,0.31104893344870144,0.4343212666888516,0.4,0.9
Americas,August,0.2690717550194494,0.313268235612158,0.6,0.85
Americas,December,0.4904445226379221,0.5731848610237271,0.1,0.85
Americas,Winter,0.523198365581361,0.6143599078601297,0.05,0.9
Americas,February,0.9947719538834159,1.0308235412475237,0.6,0.9
Americas,January,0.4205111827974955,0.5578564714817784,0.01,0.85
Americas,July,0.12166851146151254,0.15452555752668748,0.4,0.9
Americas,June,0.20565254513070408,0.27467883200392895,0.6,0.9
Americas,Summer,0.1670765650537059,0.20812194869517642,0.6,0.85
Americas,March,0.49062916515352833,0.7147703930062363,0.1,0.85
Americas,Spring,0.25498471582010723,0.33482928289464087,0.01,0.85
Americas,May,0.3467000050063039,0.36839914667233276,0.01,0.85
Americas,Meteorological year,0.2664279633047398,0.3236453888570109,0.4,0.9
Americas,November,0.6579285188696417,0.7739540597603831,0.4,0.9
Americas,October,0.35287255349339913,0.39459039208136587,0.6,0.85
Americas,September,0.2452165238353858,0.2866364631486375,0.6,0.9
Americas,Autumn,0.2867961837292739,0.3711008385965828,0.5,0.9
Andorra,April,0.7448386597573614,0.8458096918186359,0.4,0.9
Andorra,August,0.5930146769095294,0.8925578768503067,0.01,0.9
Andorra,December,1.633898740492392,1.9459765788615968,0.05,0.9
Andorra,Winter,0.8508198934685014,1.062390627028832,0.01,0.85
Andorra,February,1.7100514244456997,1.7882679231576035,0.05,0.85
Andorra,January,1.657840758508548,1.8246356446731984,0.5,0.9
Andorra,July,1.059902406658767,1.274411847327436,0.5,0.9
Andorra,June,0.7275748665319132,0.9694410506281219,0.5,0.9
Andorra,Summer,0.6611762337312618,0.7035740345692609,0.5,0.85
Andorra,March,0.710294427419389,0.9047057534467537,0.6,0.85
Andorra,Spring,0.5059640085582849,0.5917169456537196,0.6,0.85
Andorra,May,1.039762806391954,1.1497747167836334,0.01,0.85
Andorra,Meteorological year,0.3467506739612704,0.36166439911364107,0.4,0.9
Andorra,November,1.1510081316296865,1.352788281777863,0.5,0.85
Andorra,October,0.9285194099253499,1.0925225142696473,0.6,0.85
Andorra,September,1.4769519712434078,1.531000849410612,0.5,0.85
Andorra,Autumn,0.7280241100512613,0.9179888612845115,0.6,0.9
Angola,April,0.6051780809803965,0.8186775366820334,0.4,0.9
Angola,August,0.29578608761142305,0.32533823753151614,0.05,0.85
Angola,December,0.6214404177034131,0.6759856287548768,0.05,0.85
Angola,Winter,0.4950031689966455,0.6326428772254485,0.5,0.85
Angola,February,0.7922780640148543,0.9370951717340221,0.3,0.85
Angola,January,0.47965941147106667,0.6039434634796179,0.4,0.85
Angola,July,0.5174739243258172,0.59848062687447,0.01,0.85
Angola,June,0.2980581366447025,0.34090153860276534,0.1,0.85
Angola,Summer,0.25051402528619054,0.3347675116592534,0.05,0.9
Angola,March,0.8949101870237216,1.0879194049185539,0.01,0.9
Angola,Spring,0.564430885401438,0.7186183475493452,0.01,0.9
Angola,May,0.34413363403016684,0.45103003519572893,0.5,0.9
Angola,Meteorological year,0.4156974317239583,0.511820473894191,0.05,0.85
Angola,November,0.48971113301184577,0.5665927588764045,0.1,0.85
Angola,October,0.5185897712514062,0.7082048330175404,0.6,0.9
Angola,September,0.5422672122969862,0.5659905776648568,0.6,0.9
Angola,Autumn,0.4982137906885015,0.5530689979271439,0.4,0.85
Anguilla,April,0.21217150096207807,0.24627067397801583,0.1,0.9
Anguilla,August,0.15326964831583706,0.1734766559816486,0.6,0.85
Anguilla,December,0.4662437512764124,0.5765637706229962,0.6,0.85
Anguilla,Winter,0.2566986665154912,0.3080961323802958,0.6,0.9
Anguilla,February,0.3958186294161237,0.4409088793984382,0.6,0.85
Anguilla,January,0.32233782492220214,0.3508240491454038,0.6,0.9
Anguilla,July,0.17433913430323186,0.20997558866930022,0.6,0.9
Anguilla,June,0.15435079631487947,0.18479595013768335,0.4,0.9
Anguilla,Summer,0.12255636153479588,0.13586157207342583,0.6,0.85
Anguilla,March,0.1485102306501013,0.18781081406449385,0.6,0.85
Anguilla,Spring,0.16188065790225017,0.20209813078779434,0.01,0.85
Anguilla,May,0.2891452018779322,0.334245556778471,0.01,0.85
Anguilla,Meteorological year,0.12959442532731807,0.15730872429719633,0.6,0.9
Anguilla,November,0.3546843168494009,0.46439189760192046,0.4,0.85
Anguilla,October,0.2886532668048954,0.34498325169099897,0.6,0.85
Anguilla,September,0.1517261522607944,0.16812652824411667,0.6,0.85
Anguilla,Autumn,0.19692088879029193,0.23444411542227309,0.6,0.85
Annex I countries,April,0.3044511942430764,0.39904396557013855,0.4,0.85
Annex I countries,August,0.18053788822543482,0.21561923378996664,0.01,0.85
Annex I countries,December,1.0932015931437167,1.227262512506767,0.6,0.9
Annex I countries,Winter,0.5920756871555084,0.7741959885671955,0.01,0.9
Annex I countries,February,0.8922568425498841,1.1627923270441125,0.01,0.85
Annex I countries,January,0.3555059953343098,0.4289680364655223,0.05,0.9
Annex I countries,July,0.24798090224198802,0.28073069693503677,0.05,0.9
Annex I countries,June,0.22719544384070586,0.31255369048327664,0.01,0.9
Annex I countries,Summer,0.111209076244991,0.18364681135368371,0.05,0.85
Annex I countries,March,1.0815270595554491,1.1891120984766794,0.05,0.85
Annex I countries,Spring,0.44914301774562676,0.5105340869241888,0.6,0.85
Annex I countries,May,0.24182356269945338,0.2924934618090674,0.4,0.85
Annex I countries,Meteorological year,0.22404757798569394,0.29477268984370847,0.6,0.9
Annex I countries,November,0.42575946334275655,0.48329544324467466,0.01,0.9
Annex I countries,October,0.3298297181219741,0.4188138437182027,0.3,0.9
Annex I countries,September,0.22100683140253843,0.2849444733295043,0.05,0.85
Annex I countries,Autumn,0.1760929149638212,0.22681157754451126,0.1,0.9
Antarctica,April,0.9296745269369194,1.0163525229755492,0.01,0.9
Antarctica,August,1.4610596228508126,1.7340927629143177,0.01,0.9
Antarctica,December,0.7450058599183103,0.8647096527269831,0.01,0.85
Antarctica,Winter,0.6808500496085563,0.811906996840625,0.3,0.9
Antarctica,February,1.181078739585883,1.428544775423589,0.5,0.85
Antarctica,January,0.900762687320814,1.1739141491448075,0.05,0.85
Antarctica,July,1.3873120994846315,1.5738298261921644,0.01,0.85
Antarctica,June,1.780083646286515,2.362608768443407,0.01,0.85
Antarctica,Summer,0.9964399660770565,1.3448946864916875,0.4,0.85
Antarctica,March,1.2603282615936509,1.4480895070935853,0.01,0.85
Antarctica,Spring,0.7238320282996318,0.9007690988295777,0.01,0.85
Antarctica,May,1.7659627213360565,2.0975473521251904,0.6,0.9
Antarctica,Meteorological year,0.3442534907580102,0.4588964089844595,0.3,0.85
Antarctica,November,0.5820522630994599,0.6686040985786871,0.6,0.85
Antarctica,October,1.6460901912288406,2.054680640695404,0.6,0.9
Antarctica,September,1.6851325654841076,1.866103383013827,0.01,0.9
Antarctica,Autumn,0.32450398923402274,0.4046067079528448,0.4,0.9
Argentina,April,0.9787340894016415,1.230233846347155,0.01,0.9
Argentina,August,1.1713222445615232,1.4055303602998255,0.3,0.9
Argentina,December,0.30637818849216,0.38977747587278494,0.01,0.85
Argentina,Winter,0.48360308279849207,0.5509189312069195,0.1,0.85
Argentina,February,0.6076593831286131,0.7791649765825888,0.6,0.85
Argentina,January,0.3446152197280785,0.40544656192642886,0.6,0.9
Argentina,July,0.9936917803301434,1.1330918218803414,0.05,0.9
Argentina,June,0.9436001912577293,1.0491583701429645,0.05,0.9
Argentina,Summer,0.9070062042083876,1.014587476721696,0.01,0.9
Argentina,March,0.6927686447283182,0.8531966444742055,0.6,0.9
Argentina,Spring,0.6698303093319787,0.8083363303639238,0.5,0.9
Argentina,May,1.108946874398182,1.193999166352946,0.6,0.9
Argentina,Meteorological year,0.3606199667154258,0.4086988500774797,0.4,0.9
Argentina,November,0.44043726754781415,0.5928340221932071,0.3,0.9
Argentina,October,0.9908991330349107,1.1615153568589396,0.3,0.9
Argentina,September,0.651413891895623,0.90840027660346,0.6,0.85
Argentina,Autumn,0.4257446669384067,0.5412896849518632,0.3,0.9
Asia,April,0.24505068926085286,0.32587525635590825,0.6,0.85
Asia,August,0.17090675392240687,0.24200616784405007,0.05,0.9
Asia,December,0.529241427314287,0.623561432667463,0.01,0.9
Asia,Winter,0.4146277995156942,0.47178096269657427,0.1,0.85
Asia,February,0.6031487562475962,0.8394015681249811,0.3,0.85
Asia,January,0.6968555840770719,0.7679763543193584,0.1,0.85
Asia,July,0.18941247071953426,0.2394062846642804,0.6,0.9
Asia,June,0.07680329363495493,0.10225951535183193,0.1,0.85
Asia,Summer,0.11539582486718662,0.14368542729949244,0.3,0.85
Asia,March,0.6239728270520307,0.8192479466511827,0.3,0.9
Asia,Spring,0.24071486199284273,0.28400895261527864,0.3,0.85
Asia,May,0.19452273619736463,0.21973684773960245,0.3,0.85
Asia,Meteorological year,0.12928150064539567,0.16116050761640968,0.4,0.9
Asia,November,0.402470667569516,0.4841243994535961,0.01,0.85
Asia,October,0.3319525265271622,0.3724436822422406,0.1,0.9
Asia,September,0.26599554083452137,0.2896944085969604,0.6,0.9
Asia,Autumn,0.2461017796202175,0.3101665508493933,0.3,0.85
Australia,April,0.9320005524994942,1.0269811922487213,0.01,0.85
Australia,August,0.41423969568988467,0.48529890537854803,0.01,0.9
Australia,December,0.9909624598427338,1.2289180097854862,0.05,0.85
Australia,Winter,0.4708696716957738,0.6067776993385179,0.5,0.9
Australia,February,0.5150720128914713,0.6456214207451018,0.6,0.85
Australia,January,0.5348210700051693,0.7687154848019773,0.4,0.85
Australia,July,0.43385298332626876,0.480544030845344,0.01,0.9
Australia,June,0.4046667757505598,0.565382053299087,0.05,0.85
Australia,Summer,0.22760404725635586,0.24728493227756085,0.1,0.85
Australia,March,0.9826749868948713,1.0686314798086687,0.5,0.85
Australia,Spring,0.6732984906239444,0.7548594776369184,0.3,0.9
Australia,May,0.591605826469789,0.7767009426814578,0.3,0.9
Australia,Meteorological year,0.3195357798677142,0.335902555303983,0.1,0.9
Australia,November,0.4868701005735269,0.7064542052174899,0.6,0.9
Australia,October,1.1349594712178968,1.2091293632354458,0.6,0.9
Australia,September,0.5113441178899034,0.6633610120451561,0.01,0.9
Australia,Autumn,0.448758843562292,0.5540464712290653,0.6,0.9
Australia and New Zealand,April,0.8997491021175636,0.9948331425058594,0.1,0.9
Australia and New Zealand,August,0.4402488801987669,0.5048776683530584,0.6,0.85
Australia and New Zealand,December,0.9676354827962118,1.1965951126398335,0.01,0.9
Australia and New Zealand,Winter,0.46873422060285314,0.6052139506849508,0.05,0.9
Australia and New Zealand,February,0.5176906238685377,0.6392848924147196,0.6,0.9
Australia and New Zealand,January,0.5254490444695689,0.766821260699257,0.1,0.85
Australia and New Zealand,July,0.43031752752152336,0.4705023113056435,0.5,0.9
Australia and New Zealand,June,0.40204803552600415,0.5507871036628218,0.01,0.85
Australia and New Zealand,Summer,0.21546102123682398,0.2358651903641283,0.01,0.9
Australia and New Zealand,March,0.9779844092909994,1.0631573724904613,0.4,0.85
Australia and New Zealand,Spring,0.6629471612680744,0.7476229620421945,0.01,0.85
Australia and New Zealand,May,0.575913866833413,0.7532709693012531,0.3,0.9
Australia and New Zealand,Meteorological year,0.3209309705296947,0.33720143309861167,0.6,0.85
Australia and New Zealand,November,0.4799189971504259,0.6826784469723395,0.6,0.9
Australia and New Zealand,October,1.0850035392001733,1.1577635797410053,0.6,0.9
Australia and New Zealand,September,0.5046284380481502,0.6521785086857124,0.4,0.85
Australia and New Zealand,Autumn,0.43486956431724005,0.5304176205814741,0.6,0.9
Austria,April,1.1331880717865246,1.6448216196920442,0.05,0.85
Austria,August,1.314555973561285,1.428672968211151,0.6,0.85
Austria,December,1.081086272778249,1.4522611942301573,0.01,0.9
Austria,Winter,1.0954173938727136,1.34749132428526,0.3,0.85
Austria,February,2.3428701109197365,2.5523997923184556,0.3,0.9
Austria,January,2.0224234551130036,2.4586711908622556,0.01,0.85
Austria,July,0.6489188731148816,0.896351815238384,0.5,0.85
Austria,June,0.8579149806734758,1.1153945295897998,0.6,0.85
Austria,Summer,0.8567965981099585,0.9121700701185429,0.6,0.9
Austria,March,1.5522282742387468,1.8387888049430239,0.4,0.9
Austria,Spring,0.5784254167625783,0.6220244003747962,0.01,0.9
Austria,May,1.4854688347235279,1.8749446173134006,0.4,0.9
Austria,Meteorological year,0.549516660405923,0.6081165402160915,0.6,0.85
Austria,November,1.2082426712229624,1.3806609020191767,0.6,0.85
Austria,October,1.3114474688589308,1.3991195999877615,0.3,0.9
Austria,September,1.1528475362164807,1.421918654555004,0.3,0.9
Austria,Autumn,0.8307576372496849,0.9768839827700211,0.6,0.85
Bahamas,April,0.8041899967505245,0.9389852664105008,0.1,0.85
Bahamas,August,0.1468869191370619,0.21776974244087438,0.5,0.9
Bahamas,December,1.1063317379337414,1.3003049369924635,0.1,0.85
Bahamas,Winter,0.670593120867418,0.7202646915212845,0.1,0.85
Bahamas,February,1.225714879057859,1.295896012575139,0.1,0.85
Bahamas,January,0.3952635838701694,0.45050620330992736,0.05,0.85
Bahamas,July,0.3709258403385927,0.4480265554823453,0.1,0.9
Bahamas,June,0.410382174638416,0.48004791514717887,0.1,0.9
Bahamas,Summer,0.2632695255733436,0.31659963521167617,0.01,0.9
Bahamas,March,0.8238611639341306,0.9396042135766521,0.4,0.9
Bahamas,Spring,0.49125233729244494,0.5820228347802164,0.05,0.9
Bahamas,May,0.25322897013294093,0.3086502890350324,0.3,0.85
Bahamas,Meteorological year,0.3140270953345986,0.357996044939853,0.1,0.9
Bahamas,November,0.6788454617559099,0.7765022807616717,0.1,0.9
Bahamas,October,0.41952440395699825,0.5189048440893556,0.6,0.9
Bahamas,September,0.29117329080677207,0.3482749989950107,0.1,0.9
Bahamas,Autumn,0.4213510944536207,0.44254098495966215,0.01,0.9
Bahrain,April,0.6997602567865595,0.8323582595690096,0.05,0.9
Bahrain,August,0.36892584747541823,0.45026980124646276,0.5,0.85
Bahrain,December,0.9401218139731924,1.104541719358022,0.1,0.85
Bahrain,Winter,0.6115584168921239,0.8145902544221322,0.6,0.85
Bahrain,February,0.9113400317195471,1.313177356955965,0.5,0.9
Bahrain,January,0.9095744011337511,1.169420613391581,0.6,0.9
Bahrain,July,0.3309014163398529,0.4249598146269546,0.6,0.9
Bahrain,June,0.4749669793370055,0.5891386226969867,0.1,0.85
Bahrain,Summer,0.14714885173831674,0.16360166387421848,0.6,0.85
Bahrain,March,1.1211812012177504,1.399514950843159,0.5,0.85
Bahrain,Spring,0.47573914036472603,0.6785961822394868,0.4,0.85
Bahrain,May,0.6038412919877721,0.6995350200219091,0.1,0.9
Bahrain,Meteorological year,0.23731456879269897,0.2862886165579841,0.6,0.85
Bahrain,November,0.575913433926202,0.6979456139910725,0.1,0.9
Bahrain,October,1.2356967636133283,1.3835681575429022,0.1,0.85
Bahrain,September,0.7735220616234768,0.8591655213154755,0.6,0.9
Bahrain,Autumn,0.8158012370746149,0.9122057799149624,0.6,0.85
Bangladesh,April,0.7781661969140129,0.9774142596422863,0.3,0.85
Bangladesh,August,0.6777145036206647,0.7638049725363982,0.6,0.85
Bangladesh,December,0.661258405201103,0.8330848822245266,0.5,0.85
Bangladesh,Winter,0.6714978131057672,0.7593375124149965,0.01,0.85
Bangladesh,February,0.8589682055378592,1.0104339668262952,0.6,0.85
Bangladesh,January,0.9170200572867978,1.071732395141703,0.3,0.9
Bangladesh,July,0.241885113101137,0.3288471840736027,0.6,0.9
Bangladesh,June,0.4640528960303323,0.589973430738274,0.6,0.85
Bangladesh,Summer,0.3681720234632924,0.46295611602456066,0.6,0.85
Bangladesh,March,0.6658920308624784,0.8366741526668835,0.01,0.85
Bangladesh,Spring,0.3743748427832993,0.5056904588031161,0.4,0.9
Bangladesh,May,0.7761250238202974,0.8551912718619692,0.6,0.9
Bangladesh,Meteorological year,0.3311230977767983,0.40374624338739457,0.6,0.85
Bangladesh,November,0.3590632595327378,0.44030442073625137,0.4,0.9
Bangladesh,October,0.4833242510653331,0.5597047289243244,0.6,0.9
Bangladesh,September,0.42406112079883806,0.47208005968480676,0.6,0.9
Bangladesh,Autumn,0.37876745970803977,0.43231067439006393,0.6,0.85
Belize,April,0.2817204405328288,0.3944133420283603,0.4,0.85
Belize,August,0.6750449155643565,0.7967579101363796,0.01,0.85
Belize,December,0.705507315348964,1.0189601353092084,0.01,0.9
Belize,Winter,0.43096120520881387,0.549426849560114,0.1,0.9
Belize,February,0.7946287974171461,0.923241143345366,0.1,0.85
Belize,January,0.7501255388847158,0.9482585103846902,0.6,0.9
Belize,July,0.48298566845248087,0.5426414065998666,0.6,0.9
Belize,June,0.3438371399204488,0.46313468887991044,0.6,0.85
Belize,Summer,0.46224059388800426,0.5558335451027846,0.6,0.9
Belize,March,0.27641297615973176,0.3584891167211527,0.01,0.9
Belize,Spring,0.2540442918387496,0.3379230398799382,0.1,0.85
Belize,May,0.5610781730124584,0.6369563701350581,0.1,0.9
Belize,Meteorological year,0.3282414696208081,0.3578614010536267,0.05,0.85
Belize,November,0.8513473065208123,0.9877036308859315,0.1,0.9
Belize,October,0.7468632529722017,0.8605003543403134,0.01,0.9
Belize,September,0.49999868117820717,0.5763422965742933,0.6,0.9
Belize,Autumn,0.6388582067661773,0.7279562460673247,0.3,0.85
Benin,April,0.24298141107624835,0.3152860640232638,0.1,0.85
Benin,August,0.2832460672612506,0.2958944567977844,0.3,0.9
Benin,December,0.638914005985194,0.8047684058104217,0.3,0.9
Benin,Winter,0.30393038695860214,0.3499773628672829,0.3,0.9
Benin,February,0.3061515396001908,0.31432100844675825,0.1,0.9
Benin,January,0.5975144428896335,0.6669440997413781,0.5,0.9
Benin,July,0.2716276465434265,0.35684973184553626,0.6,0.85
Benin,June,0.24444829038098656,0.3429368244364494,0.6,0.85
Benin,Summer,0.2017950899770362,0.2457489669769073,0.05,0.9
Benin,March,0.2701563413863463,0.3096295416678464,0.05,0.85
Benin,Spring,0.14271627911304802,0.17353789606306996,0.05,0.9
Benin,May,0.3034556972434959,0.4181110538506257,0.6,0.9
Benin,Meteorological year,0.06421483247906057,0.08192735360161452,0.6,0.9
Benin,November,0.1693392042630872,0.2754492535857515,0.6,0.9
Benin,October,0.41111479115320543,0.46264829936440377,0.5,0.9
Benin,September,0.20448373939540454,0.22823706954355585,0.5,0.9
Benin,Autumn,0.19330857298048112,0.2519109256108218,0.6,0.85
Bhutan,April,0.5910002410803661,0.751275989536188,0.6,0.9
Bhutan,August,0.6668458679381531,0.7560834672764889,0.6,0.85
Bhutan,December,0.8034269956571181,0.9873193227954318,0.6,0.85
Bhutan,Winter,0.5710360351157533,0.7635893018855676,0.6,0.9
Bhutan,February,0.9597724275398744,1.2016945268177932,0.3,0.85
Bhutan,January,0.5427043084240982,0.6505460315881304,0.1,0.85
Bhutan,July,0.2034250629542135,0.22436471306924183,0.4,0.85
Bhutan,June,0.4017771423791842,0.545375016860857,0.6,0.9
Bhutan,Summer,0.19280999191534118,0.26332404407527077,0.6,0.9
Bhutan,March,0.5907175111212903,0.6883361641786414,0.05,0.85
Bhutan,Spring,0.2822695626982056,0.3292772965208854,0.5,0.85
Bhutan,May,0.2795624153293244,0.33064142888375775,0.6,0.9
Bhutan,Meteorological year,0.21907775389014505,0.26064003062715313,0.6,0.85
Bhutan,November,0.8150957705913667,0.9774252613199164,0.4,0.9
Bhutan,October,0.7044616192285872,0.8608727326805083,0.6,0.85
Bhutan,September,0.4883884477164968,0.5334204834126961,0.6,0.85
Bhutan,Autumn,0.5192683256169579,0.5979083365870623,0.6,0.9
Bolivia (Plurinational State of),April,0.5135546173194621,0.5685803746892488,0.6,0.9
Bolivia (Plurinational State of),August,0.9663890679238877,1.1031209847867665,0.6,0.85
Bolivia (Plurinational State of),December,0.28662209165413305,0.3724502706338361,0.05,0.85
Bolivia (Plurinational State of),Winter,0.3227503831779876,0.4155126031883787,0.01,0.85
Bolivia (Plurinational State of),February,0.3923885197986324,0.508547138432165,0.6,0.9
Bolivia (Plurinational State of),January,0.45647716192835364,0.551419526358578,0.5,0.9
Bolivia (Plurinational State of),July,0.8497921588846346,1.1781863528760927,0.05,0.9
Bolivia (Plurinational State of),June,0.9483712224159415,1.218098550559773,0.3,0.85
Bolivia (Plurinational State of),Summer,0.6593529194151704,0.9030611113209545,0.3,0.85
Bolivia (Plurinational State of),March,0.30601063957651736,0.37966698895514706,0.6,0.9
Bolivia (Plurinational State of),Spring,0.21510582069804737,0.31638798278084174,0.05,0.85
Bolivia (Plurinational State of),May,0.5736951298861203,0.6251735824804677,0.4,0.9
Bolivia (Plurinational State of),Meteorological year,0.25055026647396395,0.3351750958905961,0.6,0.9
Bolivia (Plurinational State of),November,0.3787238249877973,0.43056019380498556,0.01,0.9
Bolivia (Plurinational State of),October,0.4525439206222239,0.5549214697123512,0.6,0.85
Bolivia (Plurinational State of),September,0.8084466541468608,0.9798249069509526,0.6,0.9
Bolivia (Plurinational State of),Autumn,0.4477496715978792,0.5482110560942673,0.6,0.9
Botswana,April,0.895841210181212,1.0627790660528456,0.05,0.85
Botswana,August,0.910353023683709,1.1919441899916414,0.05,0.85
Botswana,December,1.2286603380479617,1.5671195771762487,0.4,0.9
Botswana,Winter,1.0317736289485635,1.2064642707157454,0.05,0.9
Botswana,February,1.4940752351916815,1.6405311312455486,0.6,0.9
Botswana,January,1.2623557069541027,1.4253156373234461,0.1,0.85
Botswana,July,0.5298403708375135,0.5867476581286655,0.5,0.85
Botswana,June,0.1861279333626604,0.24433854656497897,0.4,0.85
Botswana,Summer,0.3229965193706871,0.4340628014708885,0.05,0.85
Botswana,March,1.3915304239126982,1.5165037741261287,0.01,0.85
Botswana,Spring,0.8992542553934042,0.9940252021498108,0.4,0.9
Botswana,May,0.7178757102737144,0.7784412080582396,0.05,0.9
Botswana,Meteorological year,0.6624119036966111,0.7454250689756119,0.3,0.85
Botswana,November,0.9721959313733421,1.0953764758839903,0.4,0.85
Botswana,October,1.2869083772230099,1.4315724588241052,0.6,0.85
Botswana,September,0.6723202867198452,0.7736129979574117,0.6,0.85
Botswana,Autumn,0.5871490619647607,0.7163666363449221,0.6,0.85
Brazil,April,0.25818064080995934,0.4082073302173066,0.6,0.9
Brazil,August,0.4695043524804737,0.5628528719774397,0.6,0.85
Brazil,December,0.26058052366550893,0.38130784889097213,0.6,0.9
Brazil,Winter,0.22807723062053908,0.3300028486489354,0.5,0.85
Brazil,February,0.3001016183314316,0.44357627248477766,0.05,0.85
Brazil,January,0.31062849259652786,0.3724984104517152,0.6,0.85
Brazil,July,0.30312366446037436,0.4030470372477545,0.01,0.85
Brazil,June,0.46535002180289564,0.4948833137284009,0.6,0.9
Brazil,Summer,0.2547025069655762,0.3145904664084829,0.6,0.85
Brazil,March,0.22205544291058746,0.2671133961472152,0.1,0.9
Brazil,Spring,0.28629313889049096,0.34394826637449427,0.01,0.9
Brazil,May,0.45017849476450184,0.5465293452268797,0.05,0.85
Brazil,Meteorological year,0.25716386384406603,0.3021673107519039,0.5,0.9
Brazil,November,0.31351710322930887,0.46364603531367754,0.6,0.9
Brazil,October,0.34402999348775976,0.43120989981293345,0.6,0.85
Brazil,September,0.5380669126804092,0.6035966778048999,0.6,0.85
Brazil,Autumn,0.3764231419091136,0.4763658982675142,0.6,0.85
British Virgin Islands,April,0.2656790093351203,0.29816303665353106,0.4,0.9
British Virgin Islands,August,0.16441596579854337,0.2003591865683095,0.01,0.85
British Virgin Islands,December,0.511403184791488,0.596775377501765,0.4,0.85
British Virgin Islands,Winter,0.24920995840984353,0.2949353773628169,0.6,0.85
British Virgin Islands,February,0.35075785799581677,0.39808712785543016,0.6,0.85
British Virgin Islands,January,0.2730059356388465,0.3174942187222457,0.5,0.9
British Virgin Islands,July,0.2594047773421851,0.2769845210988268,0.1,0.9
British Virgin Islands,June,0.18489430682078192,0.21968024664428115,0.1,0.85
British Virgin Islands,Summer,0.12435387844687551,0.16746987923372952,0.6,0.85
British Virgin Islands,March,0.2107322315576894,0.28459134762890087,0.6,0.85
British Virgin Islands,Spring,0.19933259548626106,0.22996045159062797,0.6,0.9
British Virgin Islands,May,0.27202586701781956,0.31203320916381705,0.4,0.85
British Virgin Islands,Meteorological year,0.15199055026008304,0.17746662625095397,0.5,0.9
British Virgin Islands,November,0.33527480208442456,0.5030315453813445,0.5,0.85
British Virgin Islands,October,0.2516176926819304,0.29457536849893357,0.5,0.85
British Virgin Islands,September,0.14251393498370574,0.20374516366241283,0.6,0.85
British Virgin Islands,Autumn,0.2034417470035432,0.23396973771927068,0.6,0.85
Brunei Darussalam,April,0.3980477097055279,0.5392571456715903,0.05,0.9
Brunei Darussalam,August,0.3458010331806247,0.40260954848169045,0.01,0.85
Brunei Darussalam,December,0.2582015880444616,0.348113936132958,0.6,0.85
Brunei Darussalam,Winter,0.40735044010481475,0.49953843109908036,0.1,0.9
Brunei Darussalam,February,0.34149546999890035,0.471602885693633,0.01,0.9
Brunei Darussalam,January,0.6692075317620532,0.7823102240844397,0.6,0.9
Brunei Darussalam,July,0.41355923166176306,0.440793588219526,0.4,0.85
Brunei Darussalam,June,0.24045492393171405,0.30665399101550733,0.6,0.9
Brunei Darussalam,Summer,0.2357051375505863,0.25406061190824014,0.01,0.9
Brunei Darussalam,March,0.24160194956072298,0.4046881674524543,0.4,0.85
Brunei Darussalam,Spring,0.2646206961896351,0.429877898927942,0.01,0.85
Brunei Darussalam,May,0.39080099607644664,0.4847579767115495,0.6,0.85
Brunei Darussalam,Meteorological year,0.24914940086954407,0.3208877702395813,0.5,0.85
Brunei Darussalam,November,0.31894342697488115,0.3261197699083391,0.6,0.9
Brunei Darussalam,October,0.2305321258559189,0.3538631959491629,0.6,0.85
Brunei Darussalam,September,0.24753974759033723,0.29898524136098337,0.6,0.9
Brunei Darussalam,Autumn,0.22744348663643474,0.26380429447501963,0.6,0.85
Bulgaria,April,1.3268467479951613,1.8605579083116142,0.6,0.85
Bulgaria,August,0.4263183067456617,0.48848889240384985,0.1,0.85
Bulgaria,December,1.8089187512167653,1.9696381851411315,0.01,0.85
Bulgaria,Winter,1.3826929849384404,1.5159523539402728,0.05,0.9
Bulgaria,February,2.1187299098847547,2.71719987805605,0.01,0.9
Bulgaria,January,1.7732863818694262,2.2916931821252455,0.6,0.9
Bulgaria,July,0.5526502340128745,0.6289769256545485,0.05,0.9
Bulgaria,June,0.8619137733029559,0.995744387798973,0.6,0.9
Bulgaria,Summer,0.38172822594230854,0.4584195526328824,0.05,0.9
Bulgaria,March,1.4926180869107204,1.7645315979931964,0.5,0.85
Bulgaria,Spring,0.6874940461801388,0.8695518193688013,0.6,0.9
Bulgaria,May,0.9545117740562814,1.1216795269979347,0.01,0.85
Bulgaria,Meteorological year,0.4440758163635525,0.5161932623733709,0.6,0.9
Bulgaria,November,1.3062981474301143,1.7737013334359069,0.3,0.85
Bulgaria,October,0.9227530838049027,1.1696585346614112,0.05,0.85
Bulgaria,September,0.9070649179464528,1.0283592326582995,0.6,0.85
Bulgaria,Autumn,0.7461506743101731,0.9888779669369829,0.6,0.9
Burkina Faso,April,0.30726239687912643,0.38254575021993925,0.05,0.9
Burkina Faso,August,0.18410616066960275,0.20444012546318682,0.01,0.9
Burkina Faso,December,0.6352412119266707,0.8960797157120791,0.1,0.85
Burkina Faso,Winter,0.3634410817634976,0.46014993086674094,0.05,0.85
Burkina Faso,February,0.5812727273329018,0.6490784604130639,0.6,0.9
Burkina Faso,January,0.5183202340994343,0.649648181249886,0.01,0.9
Burkina Faso,July,0.27848350914875253,0.3831898931561837,0.05,0.85
Burkina Faso,June,0.3479306751556577,0.4272740959937663,0.1,0.85
Burkina Faso,Summer,0.1936864286424341,0.2713646696796459,0.1,0.9
Burkina Faso,March,0.526705862320822,0.6852509322700637,0.1,0.9
Burkina Faso,Spring,0.22354025165854954,0.27836190144212586,0.6,0.85
Burkina Faso,May,0.4212821912751032,0.5957258240275229,0.01,0.85
Burkina Faso,Meteorological year,0.07532123053425659,0.08881055495367757,0.01,0.85
Burkina Faso,November,0.37964707675812476,0.42887653066330395,0.01,0.9
Burkina Faso,October,0.4309964915935572,0.5269838444990085,0.4,0.85
Burkina Faso,September,0.4461731774806439,0.5184024750362268,0.01,0.85
Burkina Faso,Autumn,0.2343688721619219,0.29977528568996886,0.4,0.85
Cambodia,April,0.5296132806344102,0.778024414826015,0.1,0.9
Cambodia,August,0.3501120685959314,0.41922303554215495,0.3,0.85
Cambodia,December,0.6337337191380906,0.7795791986937319,0.6,0.85
Cambodia,Winter,0.7266144557490968,0.8339686029149425,0.5,0.9
Cambodia,February,0.9010444758308754,0.960895442224888,0.3,0.9
Cambodia,January,0.8817878607044239,1.074483897159352,0.05,0.9
Cambodia,July,0.25857398141470106,0.3162162187908312,0.05,0.85
Cambodia,June,0.2996304746992578,0.3543811718035085,0.1,0.9
Cambodia,Summer,0.26564679921952256,0.31475981854107604,0.05,0.85
Cambodia,March,0.38852310926146344,0.4425549175133609,0.01,0.85
Cambodia,Spring,0.47810099082395735,0.5791243843237225,0.01,0.9
Cambodia,May,0.5581376674385168,0.6569691990157991,0.3,0.9
Cambodia,Meteorological year,0.34169245783743646,0.39445271221048334,0.5,0.85
Cambodia,November,0.5715865892835619,0.6907191977605075,0.6,0.9
Cambodia,October,0.524320784877563,0.5619585591037762,0.6,0.85
Cambodia,September,0.4183126926462508,0.5180842573977646,0.05,0.9
Cambodia,Autumn,0.4937948347335756,0.5211706430016549,0.6,0.85
Cameroon,April,0.4692556917561687,0.6594586957610734,0.01,0.85
Cameroon,August,0.3209469372131302,0.3635604411712548,0.01,0.9
Cameroon,December,0.3205278942252291,0.40282203451264115,0.6,0.9
Cameroon,Winter,0.24953906117198324,0.2816883722619089,0.6,0.85
Cameroon,February,0.21153701324792462,0.2727400870997362,0.5,0.9
Cameroon,January,0.5999037733809899,0.730175897780794,0.6,0.85
Cameroon,July,0.18866914547503158,0.22312436844973502,0.3,0.9
Cameroon,June,0.219952593617292,0.2732118454574766,0.3,0.9
Cameroon,Summer,0.18037691893981558,0.24818619053160135,0.6,0.9
Cameroon,March,0.33122871723876496,0.40127299161595203,0.6,0.9
Cameroon,Spring,0.3694585715649881,0.46015263229704745,0.6,0.85
Cameroon,May,0.31863112384656245,0.45662438499245395,0.5,0.9
Cameroon,Meteorological year,0.16838661660865242,0.2125497190846743,0.6,0.85
Cameroon,November,0.34949410493554295,0.39762550892274745,0.6,0.85
Cameroon,October,0.4276831868825424,0.4776308423155408,0.4,0.9
Cameroon,September,0.24050926608198817,0.27154691710393575,0.01,0.9
Cameroon,Autumn,0.24340072320959724,0.29399087664029067,0.5,0.85
Canada,April,1.4731921870813238,1.6598736091183006,0.3,0.9
Canada,August,0.29553201384816646,0.35210754597438526,0.4,0.85
Canada,December,0.8256961616766461,1.0091555580150326,0.01,0.85
Canada,Winter,1.4482512086880999,1.6379905679029396,0.1,0.85
Canada,February,2.4563022503771816,2.91306117864957,0.1,0.9
Canada,January,1.2862375958566947,1.5749557713692492,0.1,0.9
Canada,July,0.22726746682436225,0.2823828268109714,0.05,0.9
Canada,June,0.29629235339785626,0.3648549374772665,0.1,0.85
Canada,Summer,0.2269172287006845,0.26057100826024976,0.1,0.9
Canada,March,1.3226649940169264,1.745224525333026,0.01,0.9
Canada,Spring,0.6500764585264552,0.8655864918412256,0.6,0.85
Canada,May,0.5286558631698751,0.6556916785637357,0.4,0.85
Canada,Meteorological year,0.7240482711775685,0.830393611738863,0.1,0.9
Canada,November,1.7103048373118546,1.971207763501193,0.01,0.85
Canada,October,0.7102891962931869,1.0892778769170004,0.5,0.9
Canada,September,0.6876464089083042,1.1808871485703294,0.01,0.85
Canada,Autumn,0.7758046380357002,1.0652543433173118,0.01,0.9
Caribbean,April,0.25020523949120915,0.300564353001309,0.4,0.85
Caribbean,August,0.29264961964545894,0.3067785274036813,0.01,0.85
Caribbean,December,0.6032083953102862,0.7322449101736621,0.05,0.9
Caribbean,Winter,0.3547551655685033,0.3829457227866146,0.05,0.9
Caribbean,February,0.4384358450608663,0.4642805981416996,0.6,0.85
Caribbean,January,0.12864793308934622,0.17514244914655216,0.05,0.9
Caribbean,July,0.3076099605672499,0.34337860244622986,0.05,0.9
Caribbean,June,0.24258893097735432,0.36282588933456805,0.05,0.85
Caribbean,Summer,0.23392606168993413,0.26707115725120384,0.1,0.85
Caribbean,March,0.33409369952404044,0.38769869959669895,0.05,0.9
Caribbean,Spring,0.21472392297581097,0.2446809706207089,0.01,0.9
Caribbean,May,0.23060809550656938,0.2698872214756881,0.3,0.9
Caribbean,Meteorological year,0.16229723739456695,0.19990254722342096,0.05,0.85
Caribbean,November,0.39715887857913107,0.4474284021271896,0.01,0.85
Caribbean,October,0.19848618660885164,0.2417652238447841,0.01,0.9
Caribbean,September,0.2939056628997905,0.3463182658348108,0.4,0.85
Caribbean,Autumn,0.2434780459745756,0.27615922655124286,0.1,0.9
Central America,April,0.21337404967325954,0.2333999088483111,0.6,0.85
Central America,August,0.38022047310615353,0.5430661691694499,0.6,0.9
Central America,December,0.6224476913136979,0.78572878662505,0.05,0.9
Central America,Winter,0.31400343400556485,0.44742580531811293,0.3,0.85
Central America,February,0.6601426726895785,0.7490949078898926,0.3,0.9
Central America,January,0.39612957328082693,0.440973035290959,0.05,0.9
Central America,July,0.3941718075474632,0.4777500125722155,0.6,0.85
Central America,June,0.136134777896567,0.1594292310594924,0.3,0.9
Central America,Summer,0.2428439975821071,0.3135290053046564,0.6,0.85
Central America,March,0.5689724456029226,0.6457287792357189,0.6,0.9
Central America,Spring,0.2762603887077133,0.3053459739767282,0.6,0.85
Central America,May,0.3483758422420964,0.4470402678223584,0.01,0.85
Central America,Meteorological year,0.27722261059557657,0.31708662306719154,0.6,0.85
Central America,November,0.7368089620038996,0.7783072828767221,0.1,0.9
Central America,October,0.5491236658879047,0.6266912408318688,0.3,0.85
Central America,September,0.3645107684443088,0.4300902431912778,0.6,0.85
Central America,Autumn,0.47444268881645096,0.5645314030035933,0.3,0.9
Chad,April,0.7407228417650087,0.9294331863496053,0.5,0.9
Chad,August,0.36384737205394796,0.446940275152295,0.05,0.85
Chad,December,1.1464168543641546,1.3425788526037252,0.5,0.85
Chad,Winter,0.5027777189476167,0.7798980603809239,0.4,0.9
Chad,February,1.3591975400015368,1.4517422701203424,0.01,0.9
Chad,January,1.2176078978522484,1.348523825869597,0.6,0.85
Chad,July,0.5407401692822503,0.7398242692490442,0.6,0.9
Chad,June,0.604363695027003,0.6399410420478346,0.6,0.9
Chad,Summer,0.32765877547765637,0.48498911314888765,0.6,0.85
Chad,March,0.8082075229287883,1.0850155390233116,0.6,0.9
Chad,Spring,0.4925882712071729,0.5708426345218943,0.6,0.85
Chad,May,0.4283740418329525,0.4871998475108444,0.1,0.9
Chad,Meteorological year,0.1672890147751229,0.19804514379814306,0.6,0.85
Chad,November,0.5572619521104162,0.6921508588241605,0.6,0.85
Chad,October,0.9047224864907175,1.1078241162030624,0.4,0.9
Chad,September,0.3436914695451024,0.4172456887611474,0.05,0.9
Chad,Autumn,0.5678307774865337,0.6217350796607312,0.3,0.85
Channel Islands,April,0.6639952976269844,0.7863005324252647,0.3,0.85
Channel Islands,August,0.5311954058285474,0.695186462720231,0.05,0.85
Channel Islands,December,1.2944546809952149,1.8679751154269315,0.3,0.85
Channel Islands,Winter,0.6972851596177329,0.9768684476558988,0.5,0.9
Channel Islands,February,1.3327868581612923,1.4321551170684754,0.4,0.9
Channel Islands,January,1.0336347396597223,1.1470013582490897,0.3,0.85
Channel Islands,July,0.6269503543993727,0.8519468313600245,0.3,0.9
Channel Islands,June,0.5638197849769915,0.8010344234782573,0.1,0.9
Channel Islands,Summer,0.3784687892294674,0.47353739216840957,0.1,0.9
Channel Islands,March,0.9411579923097045,1.0538818452794743,0.05,0.85
Channel Islands,Spring,0.32918821982285545,0.48118158229543695,0.6,0.85
Channel Islands,May,0.5627162438416317,0.6757517635297448,0.4,0.9
Channel Islands,Meteorological year,0.30245738600498656,0.35440179814662964,0.01,0.85
Channel Islands,November,0.9754662216147435,1.203938886554313,0.6,0.85
Channel Islands,October,0.6978045505763828,0.8418333680918557,0.6,0.9
Channel Islands,September,0.993590918072491,1.1165980827826305,0.3,0.85
Channel Islands,Autumn,0.3105569552148481,0.5400052327134585,0.05,0.9
Chile,April,0.4918408303976313,0.5829065109097874,0.4,0.9
Chile,August,0.7622535048220644,0.8329953689684794,0.05,0.9
Chile,December,0.2284840589300644,0.26564322887808783,0.01,0.9
Chile,Winter,0.267308194998968,0.36023746639188214,0.05,0.9
Chile,February,0.5692201140306002,0.6494383740897328,0.01,0.9
Chile,January,0.3935547972836661,0.48782824436302547,0.01,0.85
Chile,July,0.6486169902560018,0.6842022287622469,0.01,0.9
Chile,June,0.4072035998765157,0.5342712013442052,0.01,0.9
Chile,Summer,0.5422679186607245,0.5748150559798015,0.4,0.9
Chile,March,0.6332478216933948,0.711746028282415,0.4,0.85
Chile,Spring,0.36638235106266515,0.49744069574375993,0.4,0.9
Chile,May,0.5427661560948951,0.5906735696375247,0.1,0.85
Chile,Meteorological year,0.26374088942810214,0.3235031441872562,0.3,0.9
Chile,November,0.4215608720231032,0.48966992411975113,0.5,0.85
Chile,October,0.4658738981416836,0.5137452688739444,0.6,0.9
Chile,September,0.35504571893694387,0.4537826275297097,0.5,0.9
Chile,Autumn,0.26167043319931566,0.3476238917056183,0.05,0.9
China,April,0.5548363285449877,0.6306097326182446,0.6,0.85
China,August,0.41020690514054814,0.5239706744504187,0.3,0.9
China,December,0.9004072706640844,1.0687079058987219,0.6,0.9
China,Winter,0.4170394068343131,0.7165551499216308,0.5,0.85
China,February,0.9680663719293122,1.0596595475067567,0.4,0.9
China,January,1.0139061540929024,1.088159006958672,0.01,0.85
China,July,0.3818983335924811,0.4297288315715198,0.6,0.9
China,June,0.24284733965340363,0.27316908218885466,0.01,0.9
China,Summer,0.2817211485190288,0.3194620151572446,0.05,0.85
China,March,1.062310908277486,1.1634575315505495,0.6,0.85
China,Spring,0.3178514933411141,0.3945721901282577,0.6,0.9
China,May,0.35134956246605226,0.3756201821605188,0.1,0.9
China,Meteorological year,0.06859396148425827,0.11846779160214108,0.3,0.9
China,November,0.3224948503267362,0.41539681301020664,0.5,0.85
China,October,0.34283182964144593,0.47076457906602065,0.1,0.9
China,September,0.46687089076215865,0.47971376827509393,0.6,0.85
China,Autumn,0.21794059499343973,0.286926713748749,0.1,0.85
"China, Hong Kong SAR",April,0.6448367328623394,0.8304819369145838,0.1,0.85
"China, Hong Kong SAR",August,0.23128321722027742,0.2603277046909568,0.6,0.9
"China, Hong Kong SAR",December,1.1894331877630657,1.4001080650087847,0.1,0.85
"China, Hong Kong SAR",Winter,0.9630111349510216,1.1492426662000876,0.3,0.9
"China, Hong Kong SAR",February,1.5710849153439612,1.805690693793073,0.1,0.9
"China, Hong Kong SAR",January,1.1426312821515794,1.5318123096571281,0.4,0.85
"China, Hong Kong SAR",July,0.4540042310041615,0.529237115577907,0.6,0.85
"China, Hong Kong SAR",June,0.8940754746708773,0.9439050701551647,0.1,0.85
"China, Hong Kong SAR",Summer,0.44238457330158215,0.46164701396371366,0.6,0.85
"China, Hong Kong SAR",March,1.034877932108263,1.1456301180782973,0.01,0.85
"China, Hong Kong SAR",Spring,0.4771022111010031,0.5920477441429532,0.6,0.85
"China, Hong Kong SAR",May,0.7921285914908397,1.0631184335773847,0.5,0.9
"China, Hong Kong SAR",Meteorological year,0.3240667499385962,0.3888115466104134,0.6,0.85
"China, Hong Kong SAR",November,0.5823486728609003,0.7438760520065794,0.6,0.85
"China, Hong Kong SAR",October,0.5205925867272967,0.6378490283301633,0.6,0.85
"China, Hong Kong SAR",September,0.46893108375786463,0.6395408447280417,0.6,0.9
"China, Hong Kong SAR",Autumn,0.3017116281935088,0.3258194695495632,0.6,0.9
"China, Macao SAR",April,0.6448367328623394,0.8304819369145838,0.1,0.85
"China, Macao SAR",August,0.23128321722027742,0.2603277046909568,0.6,0.9
"China, Macao SAR",December,1.1894331877630657,1.4001080650087847,0.1,0.85
"China, Macao SAR",Winter,0.9630111349510216,1.1492426662000876,0.3,0.9
"China, Macao SAR",February,1.5710849153439612,1.805690693793073,0.1,0.9
"China, Macao SAR",January,1.1426312821515794,1.5318123096571281,0.4,0.85
"China, Macao SAR",July,0.4540042310041615,0.529237115577907,0.6,0.85
"China, Macao SAR",June,0.8940754746708773,0.9439050701551647,0.1,0.85
"China, Macao SAR",Summer,0.44238457330158215,0.46164701396371366,0.6,0.85
"China, Macao SAR",March,1.034877932108263,1.1456301180782973,0.01,0.85
"China, Macao SAR",Spring,0.4771022111010031,0.5920477441429532,0.6,0.85
"China, Macao SAR",May,0.7921285914908397,1.0631184335773847,0.5,0.9
"China, Macao SAR",Meteorological year,0.3240667499385962,0.3888115466104134,0.6,0.85
"China, Macao SAR",November,0.5823486728609003,0.7438760520065794,0.6,0.85
"China, Macao SAR",October,0.5205925867272967,0.6378490283301633,0.6,0.85
"China, Macao SAR",September,0.46893108375786463,0.6395408447280417,0.6,0.9
"China, Macao SAR",Autumn,0.3017116281935088,0.3258194695495632,0.6,0.9
"China, Taiwan Province of",April,1.1657101097294076,1.2699705939449122,0.5,0.85
"China, Taiwan Province of",August,0.425771433528538,0.5172810847536699,0.3,0.9
"China, Taiwan Province of",December,1.0005433053916242,1.135979753036234,0.3,0.85
"China, Taiwan Province of",Winter,0.7735819613161367,0.7991253101232164,0.1,0.9
"China, Taiwan Province of",February,0.7670870954045488,0.8970650314586185,0.3,0.85
"China, Taiwan Province of",January,0.7375586543325504,0.9653733013664143,0.1,0.85
"China, Taiwan Province of",July,0.3881506822513739,0.5992451624888891,0.6,0.85
"China, Taiwan Province of",June,0.6693573175550419,0.7511212513233702,0.01,0.9
"China, Taiwan Province of",Summer,0.2264403707262642,0.257296403879387,0.5,0.85
"China, Taiwan Province of",March,0.9013380018666429,1.1065704184488878,0.5,0.85
"China, Taiwan Province of",Spring,0.5879849087219918,0.9434779880966506,0.6,0.85
"China, Taiwan Province of",May,1.062027305942366,1.3212617304218706,0.6,0.85
"China, Taiwan Province of",Meteorological year,0.23283825210332254,0.27370468361927075,0.6,0.9
"China, Taiwan Province of",November,0.40054778336620894,0.6431738146243356,0.6,0.85
"China, Taiwan Province of",October,0.7675271377173801,0.9439336536834178,0.4,0.85
"China, Taiwan Province of",September,0.7264219608582957,0.8994877258364009,0.6,0.9
"China, Taiwan Province of",Autumn,0.4970901007533098,0.525111886964768,0.6,0.85
"China, mainland",April,0.5541578305704168,0.6295165698376743,0.6,0.85
"China, mainland",August,0.41210246757371866,0.5259840135668185,0.3,0.9
"China, mainland",December,0.9035202002580568,1.06997800974027,0.6,0.85
"China, mainland",Winter,0.40927559622014104,0.6853408019103843,0.5,0.85
"China, mainland",February,0.970863843094635,1.0626182120298162,0.6,0.9
"China, mainland",January,1.0151237414776182,1.0898002145757664,0.01,0.85
"China, mainland",July,0.38218482194148035,0.4298094222389826,0.6,0.9
"China, mainland",June,0.24288489240080627,0.27389856710632493,0.01,0.9
"China, mainland",Summer,0.28239156954761047,0.32054255272986965,0.1,0.85
"China, mainland",March,1.0644748328976685,1.165233944947726,0.6,0.85
"China, mainland",Spring,0.31661183532173315,0.39271465468858513,0.6,0.9
"China, mainland",May,0.3500018648529655,0.37347064774965893,0.1,0.9
"China, mainland",Meteorological year,0.06841337346158909,0.11836176243413617,0.3,0.85
"China, mainland",November,0.3231692103710338,0.41665052318352075,0.6,0.9
"China, mainland",October,0.34451957883579115,0.4724678415299737,0.1,0.9
"China, mainland",September,0.46781441437524984,0.48137867515133714,0.6,0.9
"China, mainland",Autumn,0.2194800351883983,0.2879430963078718,0.1,0.9
Colombia,April,0.2689393328031627,0.33900473204577,0.5,0.85
Colombia,August,0.4031837260441618,0.4903625812775169,0.6,0.85
Colombia,December,0.5454822991520689,0.6562788174365476,0.6,0.9
Colombia,Winter,0.46977887736620333,0.5725096573455725,0.01,0.85
Colombia,February,0.8844752046192217,1.0047671959478812,0.5,0.85
Colombia,January,0.4260118589504763,0.5900597951278725,0.6,0.85
Colombia,July,0.31306221235142645,0.3630024215356097,0.6,0.85
Colombia,June,0.3200930086336722,0.40807178804374833,0.4,0.85
Colombia,Summer,0.2716911339060649,0.3162082121213585,0.6,0.85
Colombia,March,0.5244019176143299,0.6714054777253669,0.1,0.85
Colombia,Spring,0.28516821465234393,0.34316058409278677,0.4,0.9
Colombia,May,0.406132306732907,0.45655552604434435,0.6,0.9
Colombia,Meteorological year,0.24959939740200218,0.3047206099399936,0.6,0.9
Colombia,November,0.6863032856941217,0.7840108819801558,0.01,0.85
Colombia,October,0.30589276833491835,0.40904527665198437,0.6,0.85
Colombia,September,0.4279610760099904,0.47854086410979796,0.6,0.9
Colombia,Autumn,0.440694309034581,0.48638619455654686,0.6,0.9
Cuba,April,0.5841415530942015,0.6232741563665525,0.3,0.9
Cuba,August,0.39922692985925606,0.42965664817175986,0.1,0.9
Cuba,December,0.8826123012261942,1.0303337740901812,0.01,0.9
Cuba,Winter,0.5304144467565449,0.5793175443366316,0.01,0.85
Cuba,February,0.7756782869505597,0.8012326053214044,0.05,0.9
Cuba,January,0.28395208799271754,0.3240117643484779,0.01,0.85
Cuba,July,0.47128284103054985,0.4824874568152931,0.01,0.85
Cuba,June,0.2804085167085143,0.358792278206688,0.05,0.85
Cuba,Summer,0.30671436300302285,0.3395456530429882,0.05,0.85
Cuba,March,0.3738385997172548,0.4660882098672876,0.4,0.9
Cuba,Spring,0.3037856781219856,0.3983334584983814,0.3,0.85
Cuba,May,0.4094133136148221,0.46198254768813846,0.01,0.9
Cuba,Meteorological year,0.2721683278971833,0.32568943893895375,0.1,0.85
Cuba,November,0.6131303501150258,0.6879915070433724,0.01,0.85
Cuba,October,0.31747542590828487,0.4141070625006355,0.1,0.9
Cuba,September,0.3633968129891519,0.3907390417951633,0.5,0.9
Cuba,Autumn,0.3831696084581863,0.439264946030778,0.1,0.9
Cyprus,April,1.2401695917442719,1.3682832550163437,0.3,0.9
Cyprus,August,0.19407012422039807,0.2255079649628536,0.05,0.9
Cyprus,December,1.1095544612544297,1.3435120799911289,0.6,0.85
Cyprus,Winter,0.5527345174654127,0.8616783474446277,0.6,0.9
Cyprus,February,1.0303884012246578,1.234323495046253,0.6,0.9
Cyprus,January,0.8924759194782118,1.0616047769070343,0.6,0.9
Cyprus,July,0.4439725127374792,0.546768501993546,0.01,0.85
Cyprus,June,0.7225000033069703,0.9645543145910602,0.3,0.85
Cyprus,Summer,0.35555652037611024,0.49593145515375625,0.3,0.85
Cyprus,March,0.8630858846150805,1.053106311668578,0.6,0.9
Cyprus,Spring,0.6828856597205452,0.9173945292730452,0.6,0.9
Cyprus,May,0.5934046902979321,0.9092994393811049,0.6,0.85
Cyprus,Meteorological year,0.3080579270405949,0.39451338151591336,0.6,0.9
Cyprus,November,0.701672737224472,0.8943171949341863,0.6,0.9
Cyprus,October,0.8384947543368737,0.9231044100227428,0.5,0.9
Cyprus,September,0.6197109790903329,0.8525714398931893,0.6,0.9
Cyprus,Autumn,0.558915819997001,0.6913567866538194,0.6,0.9
Côte d'Ivoire,April,0.32639134086208327,0.42151002514624203,0.01,0.85
Côte d'Ivoire,August,0.3278514388005814,0.3745824345427793,0.4,0.9
Côte d'Ivoire,December,0.3186418248677713,0.4101539728866721,0.5,0.9
Côte d'Ivoire,Winter,0.22878663104789634,0.3143688935855709,0.6,0.9
Côte d'Ivoire,February,0.3525889675333054,0.4012854613366449,0.6,0.85
Côte d'Ivoire,January,0.5688767470294552,0.5955512508709832,0.05,0.85
Côte d'Ivoire,July,0.39720076240170704,0.4664203602778756,0.6,0.85
Côte d'Ivoire,June,0.1766765163644873,0.2282656822696305,0.3,0.85
Côte d'Ivoire,Summer,0.28926490380513675,0.3375118462083372,0.5,0.9
Côte d'Ivoire,March,0.42326019695509504,0.49842756755478257,0.5,0.85
Côte d'Ivoire,Spring,0.3251969494139539,0.39409935810252344,0.05,0.9
Côte d'Ivoire,May,0.30602597702016227,0.31799375967681554,0.1,0.9
Côte d'Ivoire,Meteorological year,0.24232629441293682,0.2980361780693475,0.1,0.9
Côte d'Ivoire,November,0.26937309799895476,0.3366707741637854,0.01,0.9
Côte d'Ivoire,October,0.4479018526599769,0.5338028202789884,0.6,0.85
Côte d'Ivoire,September,0.41243225331380856,0.5032263898931223,0.01,0.85
Côte d'Ivoire,Autumn,0.3466513964158365,0.40396859527635026,0.6,0.9
Democratic People's Republic of Korea,April,0.8797300247648687,0.989745512973042,0.05,0.85
Democratic People's Republic of Korea,August,0.5932180180710762,0.701957131700383,0.6,0.85
Democratic People's Republic of Korea,December,1.4826123297966765,1.6103133442285689,0.05,0.9
Democratic People's Republic of Korea,Winter,0.6616454483473957,0.9364489379006208,0.05,0.9
Democratic People's Republic of Korea,February,0.7755864096650349,1.1436999936772942,0.6,0.85
Democratic People's Republic of Korea,January,1.3216659831142414,1.3891651237468021,0.05,0.85
Democratic People's Republic of Korea,July,0.6998092767357602,0.8832165686028026,0.3,0.85
Democratic People's Republic of Korea,June,0.22635546216418426,0.261205980530068,0.01,0.85
Democratic People's Republic of Korea,Summer,0.17981697489654724,0.214967527993113,0.6,0.9
Democratic People's Republic of Korea,March,1.0545540136899068,1.1600948880720934,0.05,0.85
Democratic People's Republic of Korea,Spring,0.816778405162372,0.8440141110403074,0.1,0.85
Democratic People's Republic of Korea,May,0.5264280007952652,0.6248570343847715,0.6,0.9
Democratic People's Republic of Korea,Meteorological year,0.31065625432473215,0.3594693054975195,0.05,0.9
Democratic People's Republic of Korea,November,0.9800758993681723,1.099022140774175,0.5,0.9
Democratic People's Republic of Korea,October,0.5585296711350846,0.6998667829591756,0.6,0.85
Democratic People's Republic of Korea,September,0.5601102616395922,0.6538302978021386,0.6,0.9
Democratic People's Republic of Korea,Autumn,0.3618490748194005,0.40192006160088334,0.05,0.9
Democratic Republic of the Congo,April,0.3027650493610443,0.3388993883566217,0.6,0.85
Democratic Republic of the Congo,August,0.39192798139425666,0.4233470639831101,0.4,0.85
Democratic Republic of the Congo,December,0.3565601516081225,0.4350029079700294,0.6,0.9
Democratic Republic of the Congo,Winter,0.255219616262656,0.30259770064182107,0.6,0.9
Democratic Republic of the Congo,February,0.29723051325245103,0.457836654659287,0.4,0.85
Democratic Republic of the Congo,January,0.4233224856441116,0.43896114401922703,0.6,0.9
Democratic Republic of the Congo,July,0.5831757865366272,0.6278737699991964,0.6,0.85
Democratic Republic of the Congo,June,0.4283123670633806,0.48747095859728595,0.6,0.9
Democratic Republic of the Congo,Summer,0.44289509515713243,0.47216513614197686,0.6,0.9
Democratic Republic of the Congo,March,0.5335652477714959,0.6459315589910705,0.6,0.9
Democratic Republic of the Congo,Spring,0.19638352606035978,0.2739057086654175,0.01,0.9
Democratic Republic of the Congo,May,0.26812235649564137,0.3009577044448688,0.01,0.9
Democratic Republic of the Congo,Meteorological year,0.2047036708861143,0.23313222075258672,0.6,0.9
Democratic Republic of the Congo,November,0.6653693894010358,0.7153601878709136,0.6,0.85
Democratic Republic of the Congo,October,0.49796748536424246,0.5762422400316569,0.6,0.9
Democratic Republic of the Congo,September,0.4555713386039277,0.4736872185283879,0.6,0.9
Democratic Republic of the Congo,Autumn,0.4122958958531929,0.4444484698506475,0.6,0.85
Denmark,April,0.8890910777778872,1.0149989144971012,0.6,0.9
Denmark,August,0.7477835554174598,0.8667629234621077,0.3,0.85
Denmark,December,1.7939835695463955,2.0961405787630225,0.4,0.9
Denmark,Winter,1.0683030789106296,1.2127815798441837,0.05,0.85
Denmark,February,1.8454664950758364,2.0576116399229654,0.4,0.85
Denmark,January,0.8649397683204786,1.0889782357990352,0.01,0.85
Denmark,July,1.3320504024776663,1.4340083306892215,0.5,0.85
Denmark,June,1.5749580550317834,1.7699203455469878,0.1,0.9
Denmark,Summer,0.7040062528731932,0.8423704834847648,0.01,0.9
Denmark,March,1.8727752048611581,2.05590758139588,0.01,0.9
Denmark,Spring,0.47023853611320027,0.6205737063211464,0.5,0.9
Denmark,May,1.3654440968107189,1.6894660125950245,0.1,0.9
Denmark,Meteorological year,0.5950086898728849,0.7166814719976267,0.1,0.9
Denmark,November,0.9035801186089619,1.2068345935625324,0.6,0.85
Denmark,October,1.1065640552298173,1.3926179767364655,0.3,0.85
Denmark,September,0.7979910839725957,1.2026885528074895,0.1,0.85
Denmark,Autumn,0.4420563546037312,0.6597587281868402,0.6,0.85
Dominican Republic,April,0.5117657488275703,0.617318580956697,0.1,0.85
Dominican Republic,August,0.25965486156206447,0.3099039262947057,0.05,0.9
Dominican Republic,December,0.4598735477248063,0.5280682774458607,0.6,0.85
Dominican Republic,Winter,0.26039469895895045,0.29308301072899096,0.6,0.9
Dominican Republic,February,0.3601331225724597,0.41452184575447104,0.6,0.85
Dominican Republic,January,0.31976239789048083,0.4025347467261323,0.01,0.85
Dominican Republic,July,0.32189796063214854,0.3787658589386242,0.1,0.85
Dominican Republic,June,0.3853881378665284,0.6889175853769106,0.5,0.9
Dominican Republic,Summer,0.25761224129262117,0.3453772674482652,0.05,0.9
Dominican Republic,March,0.3626776994978885,0.4225891295072816,0.05,0.9
Dominican Republic,Spring,0.3183146004654332,0.3498723862000989,0.6,0.9
Dominican Republic,May,0.35310340748692365,0.3733768045386131,0.6,0.85
Dominican Republic,Meteorological year,0.11336614894126391,0.12027049822850083,0.01,0.85
Dominican Republic,November,0.4745839498894389,0.5305531571710519,0.6,0.85
Dominican Republic,October,0.29229812526590876,0.369841083402721,0.3,0.9
Dominican Republic,September,0.6081721505919718,0.7067990382256268,0.01,0.85
Dominican Republic,Autumn,0.12706927880647614,0.21236159131370097,0.3,0.9
Eastern Africa,April,0.35633345310284276,0.5091877310121871,0.01,0.85
Eastern Africa,August,0.31224718373605626,0.3680284591553232,0.6,0.85
Eastern Africa,December,0.2443323877444925,0.31350933496449007,0.01,0.9
Eastern Africa,Winter,0.21570180647479154,0.25165383106134925,0.6,0.85
Eastern Africa,February,0.19306974728044812,0.2396620579336814,0.6,0.85
Eastern Africa,January,0.25487426121300116,0.28885217690982956,0.6,0.9
Eastern Africa,July,0.4768047004408961,0.5188318194057587,0.6,0.85
Eastern Africa,June,0.19638386413280315,0.2322598729570198,0.6,0.85
Eastern Africa,Summer,0.24273259796545707,0.2857326987474811,0.6,0.9
Eastern Africa,March,0.4871414710427371,0.6910876133180018,0.3,0.9
Eastern Africa,Spring,0.3244986534427121,0.39110669171375395,0.6,0.85
Eastern Africa,May,0.30596508742888573,0.38967593984200166,0.6,0.85
Eastern Africa,Meteorological year,0.21033460961867712,0.22577800241346202,0.6,0.9
Eastern Africa,November,0.3023156712124085,0.3574733450975062,0.3,0.85
Eastern Africa,October,0.41692616351630685,0.47088867126865286,0.6,0.85
Eastern Africa,September,0.33886069658607915,0.3532324898139592,0.6,0.9
Eastern Africa,Autumn,0.1822322329734888,0.24222963761887895,0.6,0.9
Eastern Asia,April,0.6790500937543099,0.7313962935505808,0.6,0.9
Eastern Asia,August,0.4032277755564649,0.5008747315566214,0.3,0.85
Eastern Asia,December,0.9065855948738086,1.0828385981698936,0.5,0.85
Eastern Asia,Winter,0.484494777515196,0.6693076573571494,0.3,0.9
Eastern Asia,February,1.0473952823088217,1.1274397057149161,0.6,0.9
Eastern Asia,January,1.2171158647636184,1.2925498346700202,0.05,0.9
Eastern Asia,July,0.38200432264144873,0.437446601906472,0.6,0.85
Eastern Asia,June,0.2692937750579892,0.3050777935796316,0.1,0.9
Eastern Asia,Summer,0.2921183534519547,0.3247453767701373,0.01,0.85
Eastern Asia,March,1.1691536700597258,1.2792183277648936,0.6,0.9
Eastern Asia,Spring,0.3688418061941652,0.4822346622181365,0.6,0.85
Eastern Asia,May,0.4394352424362589,0.49011953603499675,0.1,0.85
Eastern Asia,Meteorological year,0.10856274460456901,0.14614645690796324,0.4,0.9
Eastern Asia,November,0.3223978004692782,0.4681557139023485,0.01,0.9
Eastern Asia,October,0.39736205555993925,0.472526636659447,0.1,0.9
Eastern Asia,September,0.5619971236686591,0.5924647194883002,0.6,0.9
Eastern Asia,Autumn,0.2486032360339581,0.31276780007465294,0.3,0.85
Eastern Europe,April,0.7493293656599184,0.9627711054992787,0.6,0.9
Eastern Europe,August,0.3230673425180875,0.38930782693266697,0.6,0.9
Eastern Europe,December,1.5821203609677912,1.8074233612372095,0.6,0.9
Eastern Europe,Winter,1.2706606720022868,1.4449572367625547,0.1,0.85
Eastern Europe,February,1.858974025089422,2.2621537794691498,0.1,0.9
Eastern Europe,January,0.8087573401415143,1.1065459375578566,0.1,0.9
Eastern Europe,July,0.5574605891195272,0.5956030243604388,0.01,0.9
Eastern Europe,June,0.3407970978548193,0.4499748642938799,0.6,0.9
Eastern Europe,Summer,0.20646061760984716,0.29370968172874046,0.01,0.9
Eastern Europe,March,2.7980158028855144,2.9716516417274,0.3,0.85
Eastern Europe,Spring,1.00098041633947,1.0357667271694597,0.6,0.9
Eastern Europe,May,0.42665116225469485,0.6018820257805592,0.05,0.85
Eastern Europe,Meteorological year,0.3049432091253096,0.3602853295380472,0.6,0.9
Eastern Europe,November,0.7710050669840237,1.105756936623438,0.05,0.9
Eastern Europe,October,1.2672966034165618,1.3714450448170985,0.1,0.9
Eastern Europe,September,0.5932722815682473,0.656902499966853,0.5,0.9
Eastern Europe,Autumn,0.539701695027241,0.6544680808879069,0.01,0.85
Ecuador,April,0.26733941348065454,0.3004780002040189,0.01,0.85
Ecuador,August,0.3823841235458067,0.45581238139972485,0.6,0.9
Ecuador,December,0.34921295089569004,0.45355797041816104,0.1,0.9
Ecuador,Winter,0.2505645816110121,0.3792918362403463,0.6,0.9
Ecuador,February,0.3404460083093029,0.4114650957216411,0.05,0.9
Ecuador,January,0.45757918696895755,0.5525371222876823,0.6,0.9
Ecuador,July,0.5103996910203864,0.6061732294497043,0.01,0.85
Ecuador,June,0.4343037898333773,0.47545250983366777,0.3,0.9
Ecuador,Summer,0.3620578607022689,0.4054683147134975,0.05,0.85
Ecuador,March,0.3403852235293345,0.4072694843861442,0.6,0.9
Ecuador,Spring,0.22194309077943433,0.2946958542262359,0.1,0.85
Ecuador,May,0.3493113889598279,0.37012154164034544,0.05,0.9
Ecuador,Meteorological year,0.21290058146127022,0.2722611300387794,0.05,0.9
Ecuador,November,0.3500389405448465,0.45063037527676764,0.3,0.85
Ecuador,October,0.3409599684616828,0.44093305339564876,0.6,0.85
Ecuador,September,0.2693818669469616,0.42525625085850505,0.6,0.9
Ecuador,Autumn,0.2435496358654805,0.38441075157811505,0.01,0.9
Egypt,April,0.9426032323182209,1.0768796636626359,0.1,0.85
Egypt,August,0.480472719689373,0.7307241124629725,0.3,0.9
Egypt,December,0.8716308081223308,1.0441027787157726,0.4,0.85
Egypt,Winter,0.6951911480677696,0.8755883435776229,0.3,0.9
Egypt,February,1.1544574823827078,1.4789329459344098,0.05,0.9
Egypt,January,0.6627777431041567,0.7595509258540691,0.3,0.9
Egypt,July,0.2558535496729169,0.346971503284299,0.4,0.85
Egypt,June,0.7792116158112115,0.9051843812892818,0.6,0.9
Egypt,Summer,0.19759734785437777,0.2249397684652317,0.6,0.85
Egypt,March,1.3191355734085044,1.5522147749750297,0.6,0.85
Egypt,Spring,0.8006022867750567,1.0294790086637724,0.4,0.9
Egypt,May,0.7519519011109729,0.9345131702779809,0.6,0.9
Egypt,Meteorological year,0.3300420480918178,0.43683056401181564,0.4,0.9
Egypt,November,0.6634324142698387,0.7617639217816319,0.6,0.85
Egypt,October,0.8506131566654339,0.9451574491942313,0.6,0.9
Egypt,September,0.44595192760369784,0.75524402103687,0.05,0.85
Egypt,Autumn,0.5486674923135966,0.6577323282513822,0.6,0.85
El Salvador,April,0.4243571070883585,0.5091894155775879,0.6,0.85
El Salvador,August,0.3452840150556527,0.5001948670520221,0.3,0.85
El Salvador,December,0.5206003712208173,0.6718836633229872,0.1,0.85
El Salvador,Winter,0.2767372372037668,0.30073313469011265,0.5,0.85
El Salvador,February,0.2924176803249153,0.3566445853085621,0.5,0.85
El Salvador,January,0.4711061773268394,0.5756109762046719,0.05,0.9
El Salvador,July,0.2534431847580677,0.35383856239742373,0.01,0.85
El Salvador,June,0.4152239851514626,0.4568104684442527,0.6,0.85
El Salvador,Summer,0.27332244683663115,0.348704430561504,0.01,0.9
El Salvador,March,0.2076845025322349,0.25102668784020066,0.4,0.9
El Salvador,Spring,0.29495118674728427,0.39436844700543205,0.5,0.85
El Salvador,May,0.4156817540782977,0.5023456628252266,0.6,0.9
El Salvador,Meteorological year,0.2182908559586849,0.23587271963793993,0.1,0.9
El Salvador,November,0.4275415457175999,0.48763787891638016,0.01,0.85
El Salvador,October,0.329992783796722,0.37994575568223343,0.1,0.85
El Salvador,September,0.1868300030322756,0.2250446050988938,0.3,0.85
El Salvador,Autumn,0.27499942518911696,0.3348017042634137,0.05,0.85
Europe,April,0.5645493110039584,0.7550035504350108,0.6,0.9
Europe,August,0.20817091430724513,0.26277930498474994,0.6,0.9
Europe,December,1.393225565580231,1.6742618415934607,0.4,0.9
Europe,Winter,1.161367186304777,1.2899492900105074,0.4,0.9
Europe,February,1.7249192665356654,2.07823413298854,0.05,0.85
Europe,January,0.6585304448680341,0.8895788160051862,0.1,0.9
Europe,July,0.43614783611031643,0.48475710978514736,0.05,0.9
Europe,June,0.27617221056426017,0.3725291986489904,0.5,0.85
Europe,Summer,0.19476541176783949,0.25475813232098343,0.05,0.85
Europe,March,2.4860643157759568,2.622546736785528,0.01,0.85
Europe,Spring,0.8208309646674353,0.8575716422863441,0.6,0.85
Europe,May,0.277516345652673,0.44922079988111174,0.01,0.9
Europe,Meteorological year,0.29422245262628205,0.32789901635406465,0.6,0.9
Europe,November,0.5471328231074662,0.9054649346490571,0.1,0.9
Europe,October,0.9873932647740263,1.08142006514706,0.1,0.85
Europe,September,0.5502904598933717,0.65884819775853,0.4,0.85
Europe,Autumn,0.4106230002871117,0.519071995635493,0.05,0.9
European Union,April,0.6668235493376127,0.8937584593487322,0.05,0.85
European Union,August,0.51053409799117,0.5989408072024647,0.5,0.9
European Union,December,1.2305462761255268,1.5857229525272962,0.05,0.85
European Union,Winter,0.7591597103730422,0.9754053274401974,0.01,0.85
European Union,February,1.9599259061487204,2.07231697372228,0.5,0.9
European Union,January,1.0414844859530572,1.1250886280466077,0.5,0.85
European Union,July,0.35937699797925454,0.46546270608329565,0.6,0.9
European Union,June,0.5268202759141983,0.6504749020004501,0.6,0.9
European Union,Summer,0.27978852507318225,0.3616850557130208,0.3,0.85
European Union,March,1.2480980292366302,1.4342508730685897,0.05,0.85
European Union,Spring,0.23231492931342215,0.3083646865407591,0.6,0.85
European Union,May,0.6572077024666577,0.9137217829315989,0.01,0.9
European Union,Meteorological year,0.3463071809247342,0.3883621125984673,0.6,0.9
European Union,November,0.7637437903352969,0.9073598843227986,0.6,0.85
European Union,October,0.6595067937412713,0.6910510662734559,0.6,0.9
European Union,September,0.6816589925131987,0.8343642029608362,0.6,0.85
European Union,Autumn,0.3618741091341063,0.42597578256023516,0.6,0.85
Faroe Islands,April,0.6678621747613454,0.7674568727752272,0.01,0.9
Faroe Islands,August,0.22773403190619135,0.2725299072380119,0.6,0.85
Faroe Islands,December,0.7859828839468489,0.9993023649463817,0.05,0.9
Faroe Islands,Winter,0.7742330568532155,0.8632026054868626,0.6,0.9
Faroe Islands,February,0.8641551065688868,1.0496940543582343,0.4,0.85
Faroe Islands,January,1.149336588905382,1.1679315118186908,0.3,0.9
Faroe Islands,July,0.3702586891609186,0.5000080839122465,0.5,0.9
Faroe Islands,June,0.4773445085580741,0.5693018329112819,0.1,0.9
Faroe Islands,Summer,0.20963382528472466,0.29858951202887896,0.6,0.85
Faroe Islands,March,0.5298441497153829,0.6677084636433555,0.5,0.9
Faroe Islands,Spring,0.3852027566024417,0.45958894051085375,0.6,0.9
Faroe Islands,May,0.8220347915367809,0.8857350215625286,0.01,0.9
Faroe Islands,Meteorological year,0.3473384572812039,0.42191469479344396,0.1,0.85
Faroe Islands,November,1.379412912674822,1.5894951569719349,0.01,0.85
Faroe Islands,October,0.8260269268378643,0.9286752935298427,0.6,0.9
Faroe Islands,September,0.692321957178155,0.7602921275872723,0.6,0.85
Faroe Islands,Autumn,0.6238701734268459,0.7368905666847637,0.01,0.85
Fiji,April,0.49061411428288376,0.5555045109539988,0.05,0.85
Fiji,August,0.4084644731984115,0.4344168001773818,0.01,0.9
Fiji,December,0.15877695140226356,0.1879309655163602,0.3,0.9
Fiji,Winter,0.3433269508109966,0.37349101301586785,0.05,0.9
Fiji,February,0.48447217398778425,0.5785924072266497,0.01,0.85
Fiji,January,0.5576263826831456,0.5947124756489489,0.1,0.9
Fiji,July,0.3153794235662748,0.4305407958018368,0.6,0.9
Fiji,June,0.19345323006979775,0.25888848198327497,0.4,0.85
Fiji,Summer,0.2459791450394454,0.28726293603439373,0.3,0.9
Fiji,March,0.26696776976286246,0.38026214415039716,0.05,0.9
Fiji,Spring,0.2777880942885433,0.3062284163710346,0.05,0.9
Fiji,May,0.5097723101833399,0.5583955088311708,0.01,0.9
Fiji,Meteorological year,0.14664073137571662,0.17035310263555134,0.6,0.85
Fiji,November,0.3692400245210717,0.44106231513810135,0.1,0.9
Fiji,October,0.603970755483373,0.686604224100898,0.05,0.9
Fiji,September,0.4265396487515449,0.47126161000528666,0.3,0.85
Fiji,Autumn,0.33648767108133254,0.40122530399275336,0.6,0.85
Finland,April,1.0215595633723185,1.2432807175767688,0.1,0.85
Finland,August,0.7178372533871187,0.7611842807009856,0.1,0.9
Finland,December,1.897939958522575,2.1942060799395744,0.3,0.85
Finland,Winter,1.2271818100368799,1.5788314561470704,0.3,0.85
Finland,February,3.934390304600137,4.271090917024781,0.5,0.9
Finland,January,2.3623842814026843,3.053497325016853,0.4,0.9
Finland,July,1.8657664199102528,2.028232601359704,0.4,0.85
Finland,June,1.0492782328991606,1.1741470155926683,0.1,0.85
Finland,Summer,0.7690488390045801,0.9030046404262496,0.01,0.9
Finland,March,2.4958026687526713,2.8383399712666515,0.05,0.85
Finland,Spring,1.0371380182613714,1.1537475259031238,0.3,0.85
Finland,May,1.5678678771873835,1.9761648671419263,0.01,0.85
Finland,Meteorological year,0.5731239003886189,0.6524065044307792,0.6,0.85
Finland,November,1.4252082630804805,1.6936547687963905,0.6,0.85
Finland,October,0.5154337096518079,0.7475619555725437,0.01,0.9
Finland,September,0.6865291044063581,0.7632256446573242,0.6,0.9
Finland,Autumn,0.740909889704452,0.9638095215455785,0.3,0.85
France,April,0.8529140908342475,1.0881281374514165,0.01,0.85
France,August,0.5977466015280407,0.9397564403454597,0.01,0.9
France,December,1.2446577018511982,1.7000831212469973,0.01,0.9
France,Winter,0.7846668036701602,1.0960491275636364,0.05,0.9
France,February,1.8526599382809776,1.9304326440967,0.1,0.9
France,January,1.5458296963363487,1.7361567829933524,0.01,0.9
France,July,0.9377488808395436,1.1386649188367497,0.4,0.9
France,June,0.6973222046776391,0.8383852653030557,0.5,0.9
France,Summer,0.7441756927877882,0.8065019938515265,0.05,0.85
France,March,0.9976578895593052,1.1185796703334585,0.5,0.9
France,Spring,0.4386693357800067,0.5727410748469429,0.6,0.85
France,May,0.8918941345705585,1.076467693882784,0.4,0.9
France,Meteorological year,0.40708335088364817,0.43710146116769627,0.5,0.9
France,November,0.992916491210245,1.3094293745491123,0.05,0.85
France,October,1.0382415911801455,1.117290463341975,0.6,0.85
France,September,1.3392090667327594,1.3940477893961347,0.01,0.85
France,Autumn,0.567402483098873,0.7676997910186402,0.6,0.9
French Guiana,April,0.2277530485483272,0.28698643914640554,0.6,0.85
French Guiana,August,0.26222343393727626,0.3004248128187668,0.3,0.85
French Guiana,December,0.24700601057169466,0.3416285837760759,0.6,0.9
French Guiana,Winter,0.15537745357773858,0.20946434194225186,0.01,0.85
French Guiana,February,0.2619876647673663,0.33744176012115523,0.1,0.9
French Guiana,January,0.15870288333489227,0.19365389420616996,0.3,0.9
French Guiana,July,0.18335951740008263,0.22513565811407163,0.6,0.9
French Guiana,June,0.3050718564016401,0.33074622204047915,0.6,0.85
French Guiana,Summer,0.18736625377256108,0.2270775818312994,0.6,0.85
French Guiana,March,0.27072715802417274,0.3417214098362152,0.1,0.9
French Guiana,Spring,0.2335380488686626,0.2941573708361344,0.3,0.85
French Guiana,May,0.24288525645905903,0.31849045424498224,0.6,0.9
French Guiana,Meteorological year,0.1333804298298956,0.1856261428452533,0.6,0.9
French Guiana,November,0.2930655672601639,0.35212321086267384,0.6,0.85
French Guiana,October,0.15310594832154567,0.1957560349993234,0.6,0.9
French Guiana,September,0.286021715481073,0.3262168327094899,0.6,0.85
French Guiana,Autumn,0.20218067534532277,0.2495592397944047,0.6,0.9
French Polynesia,April,0.23664430647807208,0.31149007950613433,0.05,0.85
French Polynesia,August,0.24430090489774994,0.29941369100099696,0.6,0.85
French Polynesia,December,0.2255134296222454,0.2450694406624794,0.5,0.9
French Polynesia,Winter,0.23392112329589035,0.2699699342130109,0.05,0.85
French Polynesia,February,0.3918701017469543,0.4465398724116503,0.01,0.9
French Polynesia,January,0.16023932067156083,0.18264999551669103,0.01,0.9
French Polynesia,July,0.2800326940574587,0.3373144627389918,0.4,0.85
French Polynesia,June,0.19338579848506465,0.2594032880991136,0.01,0.85
French Polynesia,Summer,0.14529683758067388,0.18580162121983035,0.4,0.85
French Polynesia,March,0.3832727204020847,0.4533468085879497,0.6,0.85
French Polynesia,Spring,0.2477423248700242,0.2898574581907045,0.4,0.9
French Polynesia,May,0.16891868553981415,0.18809140055935314,0.3,0.85
French Polynesia,Meteorological year,0.15098646605372726,0.1872401383302714,0.1,0.85
French Polynesia,November,0.1754112374655503,0.19720676305540374,0.05,0.9
French Polynesia,October,0.3187315238911879,0.3634461411789604,0.6,0.85
French Polynesia,September,0.3093647459810855,0.3621013386950563,0.6,0.9
French Polynesia,Autumn,0.2200829427474534,0.2408466368659738,0.01,0.9
Gambia,April,0.42440555189715895,0.55106555761739,0.4,0.85
Gambia,August,0.3103150168364937,0.38305082818877095,0.01,0.9
Gambia,December,0.351383297103193,0.4169679521215425,0.3,0.85
Gambia,Winter,0.4203793204901936,0.47116697371204797,0.3,0.85
Gambia,February,0.4564532160354857,0.714258154495677,0.3,0.85
Gambia,January,0.47198420406858493,0.6823259521233868,0.3,0.9
Gambia,July,0.353276505877405,0.5013323714147696,0.6,0.9
Gambia,June,0.4011145678813179,0.4547997382666043,0.3,0.9
Gambia,Summer,0.2858277432459429,0.3336058537128941,0.1,0.9
Gambia,March,0.5775366199429213,0.7316321535386983,0.6,0.9
Gambia,Spring,0.3939815428038851,0.4201757703823679,0.6,0.9
Gambia,May,0.5120177942334005,0.713346413229778,0.01,0.85
Gambia,Meteorological year,0.20293037536466396,0.28111612015994675,0.3,0.9
Gambia,November,0.34761650201265964,0.41632572274391394,0.05,0.9
Gambia,October,0.37493991443728897,0.5118386490399864,0.1,0.9
Gambia,September,0.30599224214141724,0.40888970459419927,0.3,0.9
Gambia,Autumn,0.2802356841518696,0.3976148348218123,0.1,0.9
Germany,April,1.3956140395308656,1.6423758247719236,0.01,0.9
Germany,August,1.1287405292880988,1.2813761940911768,0.1,0.85
Germany,December,1.4678677853628412,2.0345144670708963,0.01,0.85
Germany,Winter,1.0528629668911924,1.3563064403923626,0.3,0.85
Germany,February,2.2153482519167276,2.43581520060516,0.1,0.85
Germany,January,1.4305613860690016,1.72922419042744,0.05,0.9
Germany,July,0.6256203694098001,0.7797027584749783,0.01,0.85
Germany,June,1.110946461517914,1.3847349137498848,0.6,0.85
Germany,Summer,0.6930935286010559,0.8746824166500119,0.6,0.9
Germany,March,1.6403058606263332,1.835203134780377,0.05,0.9
Germany,Spring,0.6087153316411382,0.6638150402231775,0.4,0.85
Germany,May,1.3117867160776537,1.6251445791468342,0.1,0.85
Germany,Meteorological year,0.6077973061096957,0.697254915121195,0.4,0.9
Germany,November,0.9477376339106368,1.2906202880166133,0.01,0.9
Germany,October,1.4911753935392094,1.5707161321637244,0.3,0.9
Germany,September,1.2597987021862067,1.5572040672248042,0.3,0.9
Germany,Autumn,0.4865633772865208,0.7452523342625558,0.6,0.85
Ghana,April,0.2867645661498002,0.351904505926939,0.01,0.85
Ghana,August,0.24751835060278937,0.2914997457462092,0.01,0.85
Ghana,December,0.3332337689875445,0.4219892610891892,0.6,0.85
Ghana,Winter,0.3007219443863513,0.36222032602970844,0.1,0.85
Ghana,February,0.310949075574732,0.34901265438119256,0.01,0.9
Ghana,January,0.6041470230679561,0.6383235505803165,0.3,0.9
Ghana,July,0.23638681922941995,0.2650894696126324,0.6,0.9
Ghana,June,0.2003027741607805,0.2364283636536641,0.5,0.9
Ghana,Summer,0.19578512958265673,0.22817920759232033,0.3,0.85
Ghana,March,0.2573426555643408,0.3009981311302603,0.6,0.85
Ghana,Spring,0.22313664786873696,0.2511550406430144,0.1,0.85
Ghana,May,0.3105206882661555,0.36956351128897996,0.4,0.85
Ghana,Meteorological year,0.159115284352471,0.17959905229481885,0.01,0.85
Ghana,November,0.2511671271959976,0.29000937457481757,0.5,0.85
Ghana,October,0.3142848169102053,0.3610111714787543,0.3,0.9
Ghana,September,0.14911791483355624,0.22360485726270712,0.6,0.9
Ghana,Autumn,0.1450634021175524,0.1577015892289205,0.4,0.85
Gibraltar,April,0.8723321303084668,0.9593615077325167,0.1,0.85
Gibraltar,August,0.3669459241840897,0.4553934410914777,0.6,0.9
Gibraltar,December,1.2815402875595365,1.5506367754841348,0.1,0.85
Gibraltar,Winter,0.6543518615330401,0.8421976503029649,0.1,0.9
Gibraltar,February,0.8295845245061847,1.0085032422328863,0.01,0.9
Gibraltar,January,0.7998150052201791,1.0091512344227394,0.1,0.9
Gibraltar,July,1.0768572389750017,1.2254782347645579,0.01,0.9
Gibraltar,June,0.9608380400072267,1.2027702017344455,0.01,0.85
Gibraltar,Summer,0.7587647002964055,0.7683683504950093,0.05,0.9
Gibraltar,March,0.5403337974627768,0.6668300091519628,0.6,0.85
Gibraltar,Spring,0.635337289995974,0.740204428908152,0.5,0.9
Gibraltar,May,0.9730175070086341,1.0971233920456487,0.6,0.9
Gibraltar,Meteorological year,0.36868844094294495,0.46284635840369864,0.4,0.9
Gibraltar,November,0.647395493947286,0.7087788377698493,0.6,0.85
Gibraltar,October,0.8581142855004099,1.037702819295004,0.6,0.9
Gibraltar,September,0.5707360596260239,0.7336388592538408,0.01,0.85
Gibraltar,Autumn,0.4188266792646229,0.5209786224470095,0.1,0.9
Greece,April,1.0789620452355102,1.5667260410131412,0.5,0.9
Greece,August,0.47752238647883366,0.8410023898798332,0.05,0.9
Greece,December,1.1037148089535205,1.3267316499680313,0.6,0.85
Greece,Winter,0.9541925850593396,1.0497798269045349,0.6,0.9
Greece,February,1.8264516053537907,2.2246894427835335,0.05,0.9
Greece,January,1.1882702071496314,1.518470093675841,0.01,0.85
Greece,July,0.37738507144225997,0.4926089192882724,0.1,0.9
Greece,June,0.7278822194531704,0.959088972668278,0.4,0.9
Greece,Summer,0.43514403428232634,0.5962269646014899,0.01,0.85
Greece,March,0.9066063164414134,0.9814055436381118,0.6,0.85
Greece,Spring,0.5715213991189493,0.8494429581731822,0.6,0.85
Greece,May,0.7729561892332732,0.9622077401777748,0.3,0.85
Greece,Meteorological year,0.33069949878488003,0.39899463089827675,0.6,0.9
Greece,November,0.8910995667576049,1.2365468460984854,0.6,0.85
Greece,October,0.661701879770825,0.8248759628897814,0.01,0.85
Greece,September,0.5318092653272001,0.7055070652288676,0.6,0.9
Greece,Autumn,0.6185740944815002,0.8342024043709797,0.6,0.9
Greenland,April,1.6625006226897707,1.7108078744477182,0.3,0.9
Greenland,August,0.41823600321599974,0.5005849675511699,0.3,0.85
Greenland,December,1.5097771316663249,1.81092704045746,0.1,0.85
Greenland,Winter,0.729743475057082,0.8704955735105114,0.01,0.9
Greenland,February,1.1718549213048135,1.7799732157458164,0.3,0.9
Greenland,January,1.198521111775886,1.426165710177077,0.1,0.9
Greenland,July,0.5033835419905249,0.7067333307815984,0.3,0.85
Greenland,June,0.7454323352219863,0.89240226782928,0.1,0.9
Greenland,Summer,0.5488323327687045,0.6718273551495005,0.1,0.9
Greenland,March,1.0669147717436374,1.3088541627047705,0.05,0.85
Greenland,Spring,1.013729377594827,1.1734928474936266,0.01,0.9
Greenland,May,0.9564456910225957,1.240213728851438,0.01,0.85
Greenland,Meteorological year,0.5580572360918045,0.6735540025875203,0.1,0.85
Greenland,November,1.165607090416402,1.3446493129273214,0.6,0.85
Greenland,October,0.9444403405053694,1.0059731664846472,0.6,0.9
Greenland,September,0.47824931582040925,0.6186476452850976,0.01,0.9
Greenland,Autumn,0.8549404298872751,0.886657340232049,0.6,0.9
Grenada,April,0.3394523003718184,0.44404923066165547,0.05,0.9
Grenada,August,0.21269277563678032,0.24418078689674988,0.01,0.9
Grenada,December,0.26523989939855747,0.35185643163890085,0.6,0.9
Grenada,Winter,0.16998646451459365,0.2078266896710319,0.05,0.9
Grenada,February,0.24672912680584125,0.2916705827077161,0.01,0.85
Grenada,January,0.22397739567030064,0.2848837517457998,0.1,0.9
Grenada,July,0.21452398961143263,0.2726889722832207,0.01,0.85
Grenada,June,0.11835877975596577,0.19107166609866205,0.05,0.9
Grenada,Summer,0.11747103489774287,0.19876445384436123,0.3,0.9
Grenada,March,0.12526422586867478,0.15133881462362672,0.1,0.9
Grenada,Spring,0.1793165286985042,0.2313370738217003,0.1,0.85
Grenada,May,0.26984313553774036,0.3874290659490394,0.05,0.85
Grenada,Meteorological year,0.12397423510532729,0.1521920222896896,0.05,0.85
Grenada,November,0.12639009429481882,0.13760330697523232,0.05,0.9
Grenada,October,0.2521074744178214,0.3226953634228196,0.3,0.9
Grenada,September,0.2790442449775638,0.30172543744896674,0.1,0.9
Grenada,Autumn,0.1528755345426427,0.19793895164524913,0.05,0.85
Guadeloupe,April,0.2146232277411281,0.2788475121455439,0.4,0.9
Guadeloupe,August,0.1741940106943695,0.19965236384142865,0.6,0.85
Guadeloupe,December,0.4403615007616852,0.5223155602696972,0.6,0.9
Guadeloupe,Winter,0.25024825670367395,0.2926193776571764,0.6,0.85
Guadeloupe,February,0.3517222633118899,0.41191367713624255,0.6,0.85
Guadeloupe,January,0.34566964305148695,0.36761935525240624,0.6,0.85
Guadeloupe,July,0.1424923825754917,0.1487610565814317,0.01,0.85
Guadeloupe,June,0.15379234437118028,0.19410730548116983,0.4,0.85
Guadeloupe,Summer,0.11810781178172618,0.14524428132748077,0.6,0.85
Guadeloupe,March,0.15343076193847532,0.17608186421568653,0.6,0.9
Guadeloupe,Spring,0.16699939643039716,0.2178159680036649,0.05,0.9
Guadeloupe,May,0.30868005319528896,0.3689288553721107,0.1,0.9
Guadeloupe,Meteorological year,0.12142513234791368,0.15807901317659592,0.6,0.85
Guadeloupe,November,0.26768008110401836,0.33526193719371594,0.6,0.9
Guadeloupe,October,0.32026877255008573,0.4078461190299989,0.6,0.9
Guadeloupe,September,0.1599005398083526,0.177414213195867,0.6,0.9
Guadeloupe,Autumn,0.19910236513595972,0.22820535051309687,0.6,0.85
Guatemala,April,0.359806272785067,0.45821314091711646,0.01,0.85
Guatemala,August,0.45485183185657346,0.5620104100311551,0.05,0.9
Guatemala,December,0.6661792439784819,0.8963102394367977,0.1,0.9
Guatemala,Winter,0.3925386795995334,0.42336737279039915,0.05,0.9
Guatemala,February,0.6112792330232159,0.6609842696131234,0.4,0.9
Guatemala,January,0.5631700084008774,0.7748484764112168,0.1,0.9
Guatemala,July,0.3094187067145365,0.31988042060377364,0.01,0.85
Guatemala,June,0.3593320008267293,0.5031238112905798,0.01,0.9
Guatemala,Summer,0.36217820270198214,0.4250892371981812,0.05,0.85
Guatemala,March,0.47293142066257515,0.6013732018837962,0.4,0.9
Guatemala,Spring,0.24444786667162233,0.45018076432957094,0.5,0.9
Guatemala,May,0.5801836553588998,0.6806222827344208,0.1,0.85
Guatemala,Meteorological year,0.2585458363925272,0.3086127008316313,0.01,0.9
Guatemala,November,0.6148364244521646,0.7262755451776585,0.01,0.85
Guatemala,October,0.5182244484564645,0.6675700129746464,0.01,0.9
Guatemala,September,0.37084106092152164,0.4226009365830257,0.6,0.85
Guatemala,Autumn,0.44594251840523347,0.5766847756613797,0.05,0.85
Guinea,April,0.2538912871792974,0.29991653709970234,0.01,0.9
Guinea,August,0.30728853718931576,0.3659292153388386,0.01,0.9
Guinea,December,0.4642357752623281,0.7501679873324395,0.3,0.85
Guinea,Winter,0.32172077042649644,0.40527457566887903,0.05,0.85
Guinea,February,0.38194311669799164,0.44577951904395796,0.1,0.85
Guinea,January,0.2840376045483883,0.34301725271609573,0.01,0.9
Guinea,July,0.30176669258691974,0.36945889842713864,0.6,0.9
Guinea,June,0.3248834802425455,0.44617505520268774,0.6,0.9
Guinea,Summer,0.3255565494542584,0.3597911823558789,0.6,0.9
Guinea,March,0.6086883037017699,0.6996974343648784,0.1,0.85
Guinea,Spring,0.26021043187213844,0.3337148732929547,0.6,0.9
Guinea,May,0.3693585632200858,0.43706193937847926,0.6,0.9
Guinea,Meteorological year,0.13124092935499776,0.16766621412659,0.6,0.85
Guinea,November,0.35515119079541346,0.3752751928936537,0.6,0.9
Guinea,October,0.35683800881309113,0.46561764335265904,0.6,0.85
Guinea,September,0.49011483136714107,0.5954632491963625,0.4,0.85
Guinea,Autumn,0.33695544421273826,0.4152687321541992,0.6,0.9
Guinea-Bissau,April,0.31757862661205594,0.4346377490959704,0.01,0.9
Guinea-Bissau,August,0.4453595177844365,0.4978141903375385,0.01,0.9
Guinea-Bissau,December,0.27161177641262524,0.3614998163878006,0.3,0.9
Guinea-Bissau,Winter,0.23766408852073403,0.3389197185646334,0.01,0.9
Guinea-Bissau,February,0.3230479892711207,0.5219640741252486,0.4,0.9
Guinea-Bissau,January,0.2984378580913633,0.40857552379359324,0.4,0.9
Guinea-Bissau,July,0.3378873098392643,0.5031655458299398,0.6,0.9
Guinea-Bissau,June,0.4678644462702859,0.5126587816965722,0.6,0.85
Guinea-Bissau,Summer,0.41207979693641655,0.44936748713633734,0.6,0.9
Guinea-Bissau,March,0.5018628508212378,0.5679769480411727,0.1,0.9
Guinea-Bissau,Spring,0.29046118376148705,0.2962926021013887,0.3,0.9
Guinea-Bissau,May,0.35520038155368167,0.4485306341765045,0.1,0.9
Guinea-Bissau,Meteorological year,0.19017801397906545,0.23101871026899767,0.05,0.85
Guinea-Bissau,November,0.3682155465484583,0.428076051652115,0.1,0.9
Guinea-Bissau,October,0.4467212583507017,0.5465606647610379,0.5,0.9
Guinea-Bissau,September,0.39342429062665757,0.4873341596552702,0.01,0.9
Guinea-Bissau,Autumn,0.362348901398515,0.44739635939224565,0.3,0.85
Haiti,April,0.2954968712336948,0.38674519147326886,0.05,0.9
Haiti,August,0.28965437524902166,0.3017716387966569,0.1,0.9
Haiti,December,0.35127126138776327,0.42953184569291636,0.01,0.9
Haiti,Winter,0.24459546299613102,0.29765907911057155,0.1,0.85
Haiti,February,0.3852171284181077,0.4250112647819374,0.6,0.9
Haiti,January,0.22100984467839438,0.3154917504511515,0.1,0.85
Haiti,July,0.20670389193785568,0.3035648358968481,0.01,0.85
Haiti,June,0.2927230575790549,0.3946374760711952,0.05,0.9
Haiti,Summer,0.22287762262143926,0.24291999588780708,0.05,0.9
Haiti,March,0.30393076169773614,0.34693677571696524,0.4,0.9
Haiti,Spring,0.22615411557822043,0.28950937007831096,0.6,0.85
Haiti,May,0.21560082691493546,0.2864269213457181,0.6,0.9
Haiti,Meteorological year,0.08150215903604323,0.10813071878967612,0.1,0.9
Haiti,November,0.36646434412731393,0.4284630190232605,0.01,0.85
Haiti,October,0.20780130562150645,0.22203769708422846,0.6,0.9
Haiti,September,0.3360389391834436,0.4075467912249306,0.5,0.9
Haiti,Autumn,0.17760138107380619,0.20113258647086893,0.4,0.9
Holy See,April,0.9743724517164783,1.3423550358735843,0.3,0.9
Holy See,August,0.7010653291504472,0.8411062339404062,0.6,0.85
Holy See,December,0.9288336090814364,1.0394210905479178,0.6,0.9
Holy See,Winter,0.7472534684504771,1.0748044937024175,0.4,0.85
Holy See,February,1.7768214278151193,2.096664545340425,0.3,0.85
Holy See,January,1.606444612073436,1.7385996464397846,0.4,0.85
Holy See,July,0.9238825038953143,1.2849180770404534,0.6,0.85
Holy See,June,0.6960647798181862,0.830678411458553,0.5,0.9
Holy See,Summer,0.7301038778387774,0.8358877549348557,0.5,0.85
Holy See,March,0.4632865238300874,0.613372209781207,0.6,0.85
Holy See,Spring,0.49834663022379533,0.6293703085357346,0.6,0.9
Holy See,May,1.1537123556305728,1.5801270569640329,0.6,0.9
Holy See,Meteorological year,0.2421215062847112,0.2830372624582849,0.6,0.9
Holy See,November,0.8215984529717795,1.0440677314235174,0.6,0.85
Holy See,October,0.6427677303261875,0.7066325579075037,0.6,0.9
Holy See,September,0.7987844378830231,0.9264551453805958,0.4,0.9
Holy See,Autumn,0.6425796864124641,0.7526877659080169,0.6,0.85
Honduras,April,0.41343429539003346,0.5082408843555665,0.05,0.9
Honduras,August,0.3932782745834132,0.5369474649050814,0.6,0.9
Honduras,December,0.4953547010977067,0.7717147403277896,0.3,0.9
Honduras,Winter,0.26920561137020443,0.32590786906090136,0.05,0.9
Honduras,February,0.6980040555834942,0.7990887882379448,0.6,0.9
Honduras,January,0.5456402724922329,0.6696442149980695,0.3,0.85
Honduras,July,0.19838481791053728,0.23567672551698557,0.01,0.9
Honduras,June,0.2946552520958177,0.4108820382319098,0.5,0.9
Honduras,Summer,0.2039522329939852,0.29087500538521305,0.3,0.9
Honduras,March,0.4831103283038818,0.5658952661780661,0.01,0.85
Honduras,Spring,0.3005312927401638,0.4408658172601086,0.01,0.9
Honduras,May,0.5252692211653737,0.6500645608095232,0.3,0.85
Honduras,Meteorological year,0.21924304147601625,0.26826012592078236,0.01,0.85
Honduras,November,0.607689532982674,0.7545817253829633,0.01,0.9
Honduras,October,0.530676156320918,0.570382421350665,0.3,0.9
Honduras,September,0.3448790467801938,0.4039738662312938,0.6,0.9
Honduras,Autumn,0.4264146133573104,0.5014698576835962,0.05,0.85
Hungary,April,1.1541648832683682,1.5790687226615363,0.5,0.9
Hungary,August,1.3471734435850917,1.3968341769466397,0.6,0.9
Hungary,December,1.4236321845734459,1.6040640828122423,0.5,0.9
Hungary,Winter,1.4533980308268528,1.5840553241375772,0.01,0.85
Hungary,February,2.4925798322808492,2.8208038013942844,0.1,0.9
Hungary,January,2.3944680052028366,2.8422603493796457,0.05,0.9
Hungary,July,0.41126277288083274,0.6607908445351658,0.01,0.9
Hungary,June,0.8046078288340555,1.0747242958593684,0.6,0.9
Hungary,Summer,0.6981969304041872,0.7467307221120204,0.6,0.85
Hungary,March,1.993690038292011,2.2337644430399344,0.4,0.9
Hungary,Spring,0.5031559708347353,0.6393559082026218,0.6,0.85
Hungary,May,1.2950795910059425,1.6200100511012927,0.5,0.85
Hungary,Meteorological year,0.6370556026702068,0.6931972967723659,0.6,0.9
Hungary,November,1.070531025932839,1.1956854595652622,0.6,0.85
Hungary,October,1.3265400013466524,1.4810689174301608,0.6,0.85
Hungary,September,1.161808828308931,1.3091059353375658,0.1,0.85
Hungary,Autumn,0.827704828900214,0.9898185196217666,0.6,0.9
Iceland,April,0.8960836770999987,1.1104383351190286,0.6,0.85
Iceland,August,0.4600439361605643,0.5456609828268649,0.01,0.85
Iceland,December,1.2384449587722395,1.369951072533146,0.5,0.85
Iceland,Winter,0.801914897460131,0.9662708084179776,0.3,0.85
Iceland,February,0.9044546141933246,1.1962486627125921,0.5,0.9
Iceland,January,0.8219622213244437,0.9194736457323017,0.01,0.9
Iceland,July,0.5160532616630344,0.7685971329204128,0.6,0.85
Iceland,June,0.6229615000824086,0.821100030985631,0.4,0.9
Iceland,Summer,0.43952129933688266,0.5556483020742936,0.01,0.85
Iceland,March,0.6100235144893527,0.7488834808204397,0.6,0.9
Iceland,Spring,0.6174830373824686,0.6611364799424075,0.6,0.85
Iceland,May,0.8504681892938923,1.133274928428875,0.6,0.9
Iceland,Meteorological year,0.40427344239079915,0.4665573310488716,0.5,0.85
Iceland,November,1.206871940673286,1.4582638382355664,0.4,0.9
Iceland,October,1.1289024994058907,1.5735683168687193,0.6,0.85
Iceland,September,0.6665955504284965,0.8286035340449371,0.6,0.85
Iceland,Autumn,0.5968576512827845,0.7272742182152638,0.6,0.9
India,April,0.6258903433799976,0.7335650013654,0.1,0.85
India,August,0.23311949210818794,0.24996218874821707,0.6,0.85
India,December,0.517435627715939,0.5770983631912802,0.1,0.9
India,Winter,0.46203643246019727,0.4872308396599655,0.4,0.9
India,February,0.6583665089615397,0.7344853554959597,0.6,0.9
India,January,0.35733748675384014,0.4041979705926903,0.3,0.9
India,July,0.28275893330663454,0.32542267113124296,0.05,0.9
India,June,0.5669440109876424,0.761947497465457,0.3,0.85
India,Summer,0.2964817694167436,0.4040716593092039,0.05,0.9
India,March,0.6955894402948607,0.7559647021798246,0.3,0.85
India,Spring,0.40591843894818386,0.4833093639773785,0.6,0.85
India,May,0.2963290905194102,0.35192997391777237,0.4,0.85
India,Meteorological year,0.14568410039749605,0.18181000225600652,0.6,0.9
India,November,0.30434688773973445,0.3695483542095301,0.5,0.9
India,October,0.4536448844337459,0.5233556085010117,0.6,0.9
India,September,0.26942142134879243,0.3420056516040936,0.6,0.85
India,Autumn,0.21151778265960477,0.33754254352353963,0.6,0.9
Indonesia,April,0.3471039789572654,0.4440190401211789,0.1,0.9
Indonesia,August,0.23918446299656138,0.3460384032115143,0.05,0.9
Indonesia,December,0.40528838637875503,0.5050793477745038,0.6,0.85
Indonesia,Winter,0.3139637484732656,0.4170552765670934,0.6,0.85
Indonesia,February,0.3045009544177282,0.37193615270436453,0.6,0.9
Indonesia,January,0.34709790541775437,0.4639824297287868,0.6,0.85
Indonesia,July,0.27245149311049804,0.3367067812807667,0.1,0.9
Indonesia,June,0.14817538173958386,0.22973114226118932,0.01,0.85
Indonesia,Summer,0.1843203611475972,0.2842700289685778,0.05,0.9
Indonesia,March,0.38983761114765764,0.5002659545203665,0.3,0.85
Indonesia,Spring,0.35201566959744773,0.4563110783750234,0.4,0.9
Indonesia,May,0.29383801376463037,0.40385249824999314,0.6,0.85
Indonesia,Meteorological year,0.2562168209193771,0.3340367810314045,0.6,0.85
Indonesia,November,0.3639302141787846,0.4013238201080708,0.6,0.9
Indonesia,October,0.1466410323936496,0.18980713264560412,0.6,0.9
Indonesia,September,0.25833663225116393,0.30938457101635325,0.6,0.85
Indonesia,Autumn,0.20406876917674943,0.23423373427594796,0.6,0.9
Iran (Islamic Republic of),April,0.7258488191893763,0.819909750738687,0.6,0.85
Iran (Islamic Republic of),August,0.2578861214251436,0.2894325164196518,0.05,0.85
Iran (Islamic Republic of),December,0.8471530542278735,0.9142386965360025,0.3,0.9
Iran (Islamic Republic of),Winter,0.9103346081267568,1.00766313384283,0.3,0.9
Iran (Islamic Republic of),February,1.4644493249998252,1.6137239149763591,0.01,0.9
Iran (Islamic Republic of),January,1.256409651917951,1.405452905195459,0.4,0.9
Iran (Islamic Republic of),July,0.31711584468159437,0.43263992963099646,0.4,0.85
Iran (Islamic Republic of),June,0.32350415345267863,0.4014262025954205,0.6,0.9
Iran (Islamic Republic of),Summer,0.1904507436546474,0.2275433557974399,0.6,0.85
Iran (Islamic Republic of),March,1.1212232698362412,1.5799131755245668,0.01,0.85
Iran (Islamic Republic of),Spring,0.33013672739500716,0.6548812451407441,0.5,0.9
Iran (Islamic Republic of),May,0.6191519151622343,0.7164672624100465,0.6,0.9
Iran (Islamic Republic of),Meteorological year,0.2193618124503137,0.2812879445280641,0.4,0.9
Iran (Islamic Republic of),November,1.0963289006927317,1.2480673401881053,0.01,0.9
Iran (Islamic Republic of),October,0.5065802457003087,0.5992838250944678,0.5,0.9
Iran (Islamic Republic of),September,0.3975830281400638,0.46430525016367313,0.6,0.9
Iran (Islamic Republic of),Autumn,0.3080175875379653,0.3451524092389135,0.3,0.9
Iraq,April,0.8520736058862267,1.2681427417484732,0.3,0.85
Iraq,August,0.5050034677040498,0.672279480387129,0.5,0.9
Iraq,December,1.580315413887315,1.607712444627754,0.1,0.9
Iraq,Winter,1.0695954113054749,1.232019963178655,0.6,0.85
Iraq,February,1.3394935109458068,1.6533151460363982,0.6,0.85
Iraq,January,0.879231401284402,1.086083525296223,0.4,0.9
Iraq,July,0.6595050266927972,0.8336115924445293,0.6,0.9
Iraq,June,0.5499947536635005,0.7375499904361612,0.05,0.85
Iraq,Summer,0.3217892140826423,0.4223670367248204,0.3,0.85
Iraq,March,1.2707015659029224,1.8620945118491787,0.4,0.85
Iraq,Spring,0.5723125935592502,0.762377961594407,0.6,0.9
Iraq,May,0.5218831915306416,0.6083724415483391,0.5,0.85
Iraq,Meteorological year,0.2829185043605303,0.4063621142418841,0.6,0.9
Iraq,November,0.6121891514278684,0.7373242821110021,0.01,0.9
Iraq,October,0.7616545743957882,0.927409142244848,0.6,0.85
Iraq,September,1.1038292280038586,1.3458415570386195,0.6,0.85
Iraq,Autumn,0.7358052441599577,0.8073534672784476,0.6,0.9
Ireland,April,0.5966743028859202,0.8221154528376512,0.6,0.85
Ireland,August,0.6274046290542117,0.7786259341369105,0.6,0.85
Ireland,December,1.109473614887775,1.4457723127350017,0.05,0.85
Ireland,Winter,0.718898563121731,0.782334327270595,0.05,0.85
Ireland,February,1.0536307259784214,1.2051301312459541,0.05,0.9
Ireland,January,0.3285654965615209,0.36439797194327883,0.4,0.85
Ireland,July,0.7358508091199769,0.8297681111759924,0.01,0.9
Ireland,June,0.8891230855498155,0.9723395346308018,0.01,0.85
Ireland,Summer,0.4471450540546793,0.5799872248519774,0.4,0.85
Ireland,March,0.8259498140195713,1.1160448047422544,0.05,0.9
Ireland,Spring,0.5186401181097912,0.5573580715234018,0.6,0.85
Ireland,May,0.6892561225706259,0.7653304090558131,0.6,0.85
Ireland,Meteorological year,0.27685732103732646,0.3211235092295061,0.01,0.9
Ireland,November,0.9022939773487161,1.1417042350116577,0.5,0.9
Ireland,October,0.5484236565544567,0.6738162514156034,0.6,0.85
Ireland,September,0.7805611474352031,0.8536585637922279,0.1,0.85
Ireland,Autumn,0.4638143969690098,0.5276738942514755,0.05,0.9
Isle of Man,April,0.6058155025029617,0.9065260025757935,0.4,0.9
Isle of Man,August,0.6509840860901311,0.8015292854425845,0.3,0.85
Isle of Man,December,1.2603832032996998,1.6735963459857461,0.01,0.85
Isle of Man,Winter,0.8517244766460679,0.8871272914437189,0.05,0.85
Isle of Man,February,1.0849261259889238,1.2329540468661822,0.3,0.85
Isle of Man,January,0.3485750115858985,0.398921426124266,0.05,0.9
Isle of Man,July,0.7654199410616359,0.8616761817484178,0.01,0.9
Isle of Man,June,0.8772736448771892,0.9415628222187821,0.01,0.9
Isle of Man,Summer,0.3994163264971435,0.5577354348910555,0.6,0.9
Isle of Man,March,0.9284190683310728,1.1219835320786913,0.3,0.9
Isle of Man,Spring,0.5778166396440335,0.6388899558043996,0.6,0.85
Isle of Man,May,0.8576264734246047,0.938689693323973,0.05,0.9
Isle of Man,Meteorological year,0.3234435272132383,0.3749597289800893,0.5,0.9
Isle of Man,November,1.0292962578007652,1.1652317213160623,0.4,0.9
Isle of Man,October,0.6486754925139415,0.7811971693673642,0.6,0.9
Isle of Man,September,0.7987634538690461,0.8794260946834055,0.01,0.85
Isle of Man,Autumn,0.3677075421499687,0.46531243898534885,0.4,0.9
Israel,April,1.18754870976286,1.3379587639300927,0.6,0.9
Israel,August,0.460366967409036,0.5978824239351399,0.3,0.9
Israel,December,0.965695946092019,1.0871567268491273,0.6,0.85
Israel,Winter,0.4947911593117464,0.7898860019438866,0.3,0.9
Israel,February,1.0214230878107406,1.3166527511571022,0.4,0.85
Israel,January,0.6233845879596446,0.6654587025063972,0.4,0.85
Israel,July,0.40704368561083565,0.5403080378095702,0.1,0.9
Israel,June,0.8307813439145182,0.9541731952414425,0.6,0.9
Israel,Summer,0.28226082252958307,0.3501862065127043,0.3,0.85
Israel,March,1.1703505767886637,1.365914499688119,0.6,0.9
Israel,Spring,0.7824356370980622,1.0157182042994737,0.6,0.85
Israel,May,0.9328674693803686,1.169417043063161,0.05,0.85
Israel,Meteorological year,0.37167943086589506,0.42521821781972563,0.3,0.85
Israel,November,0.6185899534698175,0.7619459286872566,0.6,0.9
Israel,October,0.8561722281034431,0.8923120418631665,0.6,0.9
Israel,September,0.5689103994489173,0.8967089859182558,0.6,0.9
Israel,Autumn,0.5828883498410228,0.6984232732566428,0.6,0.9
Italy,April,0.7221458421343675,0.9387347485645003,0.3,0.85
Italy,August,0.6800540118050876,0.8800750994379191,0.5,0.85
Italy,December,0.9648478544609245,1.091316033826081,0.01,0.85
Italy,Winter,0.6841243744522418,1.0185787839276759,0.5,0.9
Italy,February,1.6772427980645686,1.9402475769607688,0.3,0.85
Italy,January,1.5258300638768612,1.6561647800274728,0.6,0.9
Italy,July,0.7314192507493278,1.1094005973696348,0.6,0.9
Italy,June,0.7079000463538382,0.9766571034903209,0.1,0.9
Italy,Summer,0.6762829141309276,0.7688016633380965,0.4,0.85
Italy,March,0.6048240430881794,0.7460203521844165,0.5,0.9
Italy,Spring,0.38499700654037833,0.5128509538683057,0.3,0.85
Italy,May,1.1246869272983273,1.5992840573983407,0.6,0.9
Italy,Meteorological year,0.19824697416212098,0.21730442278184786,0.5,0.85
Italy,November,0.809629735590755,1.0065685244641154,0.6,0.85
Italy,October,0.605774735780317,0.6706686862027246,0.6,0.9
Italy,September,0.8137809535759907,0.8913751440538213,0.05,0.85
Italy,Autumn,0.6070778395077192,0.6924255664847897,0.6,0.9
Japan,April,0.788677743884215,0.9626951986643627,0.01,0.9
Japan,August,0.40766320634571,0.5051585872506555,0.5,0.85
Japan,December,1.0975338639626127,1.1547406048190918,0.3,0.9
Japan,Winter,0.5570337354003906,0.6406739976232743,0.4,0.9
Japan,February,0.5560543811066189,0.7852483182024024,0.4,0.9
Japan,January,0.35324142079003423,0.3773382553295084,0.1,0.85
Japan,July,0.5215889646248234,0.690600024938294,0.6,0.85
Japan,June,0.299754356606961,0.45415100259927593,0.1,0.9
Japan,Summer,0.2170962315312143,0.24804168960517406,0.4,0.9
Japan,March,0.7100792861516841,0.7802706322700909,0.5,0.85
Japan,Spring,0.6769775410122012,0.7974464849677269,0.6,0.85
Japan,May,0.8744112538855223,0.9569598626376936,0.6,0.9
Japan,Meteorological year,0.19850440300864558,0.24964713591131718,0.4,0.85
Japan,November,0.6611073020827778,0.7518523439684827,0.3,0.9
Japan,October,0.5780614024375833,0.631351123982228,0.05,0.85
Japan,September,0.842998025064348,0.8903182202647373,0.05,0.85
Japan,Autumn,0.37323298882022976,0.4430749771667481,0.3,0.9
Jordan,April,1.3571886891553058,1.5450079124842526,0.01,0.85
Jordan,August,0.6712353003340673,0.7863397317105656,0.3,0.9
Jordan,December,1.4060165956069903,1.5327162592412549,0.3,0.85
Jordan,Winter,0.6472503280904108,0.93439021500939,0.6,0.85
Jordan,February,1.1472477990176522,1.4833109009734824,0.6,0.9
Jordan,January,0.5613672193823961,0.7027766961162097,0.6,0.9
Jordan,July,0.641244742801879,0.9301021831147489,0.1,0.9
Jordan,June,0.9151516412718325,1.112086962923684,0.1,0.85
Jordan,Summer,0.4850092195792142,0.5479104467421892,0.4,0.85
Jordan,March,1.4400031563448625,1.6883572739610107,0.6,0.85
Jordan,Spring,0.8611596411159264,1.0714794009065678,0.6,0.9
Jordan,May,0.8105744489708773,0.9640980205091579,0.01,0.85
Jordan,Meteorological year,0.35547147263405704,0.4313588982468192,0.6,0.85
Jordan,November,0.6613170086670247,0.7740689534734124,0.6,0.85
Jordan,October,1.1051586059203466,1.1642101200020252,0.6,0.9
Jordan,September,0.9680359763964913,1.1900553005415417,0.01,0.85
Jordan,Autumn,0.7110791286014404,0.8416244990006688,0.6,0.85
Kenya,April,0.8769273861021311,1.0761360022429043,0.6,0.9
Kenya,August,0.35539960327235304,0.40706967883540013,0.6,0.9
Kenya,December,0.2741986051740188,0.3160245248829056,0.01,0.85
Kenya,Winter,0.2352613519926793,0.2772699170013773,0.5,0.85
Kenya,February,0.2241669370978112,0.27784510579313465,0.05,0.85
Kenya,January,0.36202471867083874,0.4235601437464578,0.6,0.9
Kenya,July,0.3227207676074399,0.37022661629540127,0.6,0.85
Kenya,June,0.3505346536123908,0.3834731600613016,0.6,0.9
Kenya,Summer,0.32331726146648504,0.3701690646794324,0.6,0.9
Kenya,March,0.6490556020817864,0.8174808516539609,0.01,0.85
Kenya,Spring,0.6234814075370448,0.756606606697993,0.6,0.85
Kenya,May,0.5118258688975323,0.5833977691109504,0.6,0.85
Kenya,Meteorological year,0.2677346238866157,0.3262351766247525,0.6,0.85
Kenya,November,0.22084895119450676,0.32089025750182976,0.6,0.85
Kenya,October,0.2590640573410081,0.37971720246083207,0.05,0.85
Kenya,September,0.6435484326490073,0.8753309527740711,0.6,0.85
Kenya,Autumn,0.22873566063557813,0.3080194554955319,0.5,0.85
Kuwait,April,0.9101708922547695,1.1570151411915133,0.6,0.9
Kuwait,August,0.5328244074797767,0.5825805547305966,0.6,0.85
Kuwait,December,1.2391830615787658,1.3369742197428354,0.5,0.9
Kuwait,Winter,0.818969531815462,0.922917379820996,0.6,0.85
Kuwait,February,1.2741657534232809,1.4951994514032152,0.4,0.9
Kuwait,January,0.6363801338919645,0.8517621374288962,0.6,0.85
Kuwait,July,0.5674859050605092,0.7187640673308315,0.5,0.85
Kuwait,June,0.38253452313052905,0.5112500769628278,0.01,0.85
Kuwait,Summer,0.295585261883367,0.39144613402213063,0.01,0.85
Kuwait,March,1.3647480626311064,1.671434222728603,0.3,0.85
Kuwait,Spring,0.543840248779604,0.7773572147656613,0.3,0.9
Kuwait,May,0.5202338612298413,0.6323976508031318,0.05,0.85
Kuwait,Meteorological year,0.24103512969234245,0.2777282739186931,0.6,0.9
Kuwait,November,0.7614797700946228,0.8384517794453932,0.3,0.85
Kuwait,October,0.8564522106533122,1.042840771469409,0.6,0.85
Kuwait,September,0.8334376581010269,1.0391724136917557,0.6,0.85
Kuwait,Autumn,0.6684056809313885,0.7318559717405906,0.6,0.9
Land Locked Developing Countries,April,0.3549190767113059,0.374604225422898,0.05,0.85
Land Locked Developing Countries,August,0.20705131482087802,0.22880098003943095,0.1,0.9
Land Locked Developing Countries,December,0.5870240516987255,0.6714866176237628,0.01,0.85
Land Locked Developing Countries,Winter,0.4277589020947861,0.5044360049296177,0.01,0.85
Land Locked Developing Countries,February,0.8701870224120037,1.1197035006228775,0.05,0.9
Land Locked Developing Countries,January,0.7424674001024189,0.7719408509833271,0.3,0.85
Land Locked Developing Countries,July,0.3828127227716233,0.4645753978639906,0.6,0.9
Land Locked Developing Countries,June,0.29251800945489936,0.35536334194135777,0.3,0.9
Land Locked Developing Countries,Summer,0.17623172498786435,0.24874330942851944,0.6,0.9
Land Locked Developing Countries,March,0.586251794644543,0.6814360395933609,0.6,0.9
Land Locked Developing Countries,Spring,0.2403895280993719,0.33044320303527663,0.1,0.85
Land Locked Developing Countries,May,0.2251112932034409,0.25018017021317657,0.6,0.85
Land Locked Developing Countries,Meteorological year,0.18091266503785122,0.19465649864328155,0.5,0.85
Land Locked Developing Countries,November,0.5584423636010564,0.6462498803036719,0.01,0.85
Land Locked Developing Countries,October,0.40123045330398216,0.47508247601950265,0.05,0.9
Land Locked Developing Countries,September,0.2050730379247048,0.2626640911587856,0.6,0.85
Land Locked Developing Countries,Autumn,0.23310682049766343,0.3071862647772944,0.1,0.9
Lao People's Democratic Republic,April,0.9888129718187377,1.2844925551951605,0.6,0.85
Lao People's Democratic Republic,August,0.33801506111064367,0.3897628689679199,0.01,0.9
Lao People's Democratic Republic,December,0.9537560506387401,1.1663362245522702,0.05,0.9
Lao People's Democratic Republic,Winter,0.9129503911372493,1.0672917492674368,0.1,0.9
Lao People's Democratic Republic,February,1.2664538022034852,1.443914250504862,0.3,0.85
Lao People's Democratic Republic,January,0.8808684763074187,1.1111943558150208,0.01,0.85
Lao People's Democratic Republic,July,0.37201729555817414,0.4564804736618811,0.1,0.9
Lao People's Democratic Republic,June,0.5830625603456908,0.7747781020595332,0.01,0.9
Lao People's Democratic Republic,Summer,0.34589468504406234,0.47500088455251094,0.01,0.85
Lao People's Democratic Republic,March,0.6260864559181891,0.7425080757321398,0.1,0.9
Lao People's Democratic Republic,Spring,0.7800321344992783,0.9225447350673938,0.01,0.9
Lao People's Democratic Republic,May,0.9250799195355978,1.1323427848947427,0.5,0.9
Lao People's Democratic Republic,Meteorological year,0.44542353000705237,0.5707098657665761,0.3,0.85
Lao People's Democratic Republic,November,1.0231606396672472,1.1801109470064823,0.6,0.85
Lao People's Democratic Republic,October,0.6516208528056254,0.7440077823475951,0.4,0.9
Lao People's Democratic Republic,September,0.5652390156116579,0.6365810019808815,0.05,0.9
Lao People's Democratic Republic,Autumn,0.7269494686637459,0.7630630054385181,0.6,0.9
Least Developed Countries,April,0.29153991419132236,0.32967012888748254,0.05,0.9
Least Developed Countries,August,0.18537711882179153,0.20352845509123302,0.1,0.9
Least Developed Countries,December,0.2514192203897076,0.3362068637597007,0.01,0.9
Least Developed Countries,Winter,0.1404528857579828,0.18661473343450907,0.3,0.85
Least Developed Countries,February,0.23136959670542448,0.2944233507820323,0.01,0.85
Least Developed Countries,January,0.38252978782984465,0.39960394211946687,0.6,0.9
Least Developed Countries,July,0.38244657643661695,0.44217994866534094,0.4,0.9
Least Developed Countries,June,0.2260868087923281,0.25275526632287304,0.6,0.9
Least Developed Countries,Summer,0.25735669422923607,0.28588374611796924,0.3,0.85
Least Developed Countries,March,0.31066995800232494,0.39854305753968194,0.6,0.85
Least Developed Countries,Spring,0.18664016636896044,0.2548992712641991,0.01,0.85
Least Developed Countries,May,0.21748399686378328,0.23346181617345596,0.6,0.9
Least Developed Countries,Meteorological year,0.13499042553417331,0.14777492208110862,0.6,0.85
Least Developed Countries,November,0.24961981005998057,0.32252745664243937,0.6,0.9
Least Developed Countries,October,0.31301108194788396,0.3805411663828355,0.6,0.85
Least Developed Countries,September,0.2917716527265883,0.3023520581060146,0.1,0.9
Least Developed Countries,Autumn,0.27439727787193907,0.29393743868197086,0.6,0.85
Lebanon,April,1.3471306840718842,1.4718617762346948,0.6,0.9
Lebanon,August,0.32182043180839875,0.3912361703309215,0.3,0.9
Lebanon,December,1.2173020048513352,1.3430973209657278,0.6,0.85
Lebanon,Winter,0.5211260719894653,0.8119982216169693,0.6,0.85
Lebanon,February,1.0184781257838564,1.2641495435615575,0.5,0.85
Lebanon,January,0.7546538759214303,0.8838246481256167,0.3,0.9
Lebanon,July,0.49742502142926465,0.6960624099092578,0.05,0.9
Lebanon,June,0.6738642903162209,0.8565903855492011,0.3,0.85
Lebanon,Summer,0.34952937536733364,0.3832920945165531,0.3,0.85
Lebanon,March,1.1132607583883458,1.3103393748271592,0.6,0.9
Lebanon,Spring,0.8041067610347651,1.0072227663420636,0.6,0.9
Lebanon,May,0.7131915671597501,0.943700062570465,0.5,0.85
Lebanon,Meteorological year,0.30105555309435317,0.3909074538251749,0.3,0.9
Lebanon,November,0.5454350887661102,0.7260987107187062,0.6,0.9
Lebanon,October,0.8214282198012489,0.8589410295555848,0.6,0.9
Lebanon,September,0.7151664143325728,1.0003087755224866,0.05,0.9
Lebanon,Autumn,0.5242711442222555,0.676281964647751,0.6,0.9
Lesotho,April,0.6617206984304395,0.8809365516669687,0.4,0.9
Lesotho,August,0.7396653869985291,0.8582867822212641,0.01,0.85
Lesotho,December,1.1742787638054908,1.5497712295433879,0.05,0.85
Lesotho,Winter,0.49496901004039245,0.8281839916773953,0.5,0.85
Lesotho,February,0.42073911501495687,0.6059984169982829,0.3,0.9
Lesotho,January,0.614226391342232,0.7635022515660028,0.01,0.9
Lesotho,July,0.8477063771515209,0.9936664967578875,0.4,0.85
Lesotho,June,0.5865809282793181,0.682468524731156,0.5,0.85
Lesotho,Summer,0.541514578629835,0.687285765739604,0.05,0.9
Lesotho,March,0.5395822681427883,0.8037547297304984,0.01,0.85
Lesotho,Spring,0.3938912965542097,0.6181484598852611,0.1,0.9
Lesotho,May,0.6988160344631377,0.8001223155175856,0.1,0.9
Lesotho,Meteorological year,0.41892599441900186,0.585368315768261,0.01,0.9
Lesotho,November,0.7224570457453571,0.7672124629176268,0.05,0.85
Lesotho,October,0.8506241694908162,1.0829768087615645,0.01,0.85
Lesotho,September,0.9744303822272901,1.0319828889081377,0.6,0.9
Lesotho,Autumn,0.5198155001525236,0.6172371562140632,0.6,0.9
Libya,April,1.197798067197043,1.4043310527604862,0.05,0.85
Libya,August,0.6344352966119434,0.7889261552071367,0.3,0.9
Libya,December,0.4074859384199469,0.4896434809342174,0.1,0.9
Libya,Winter,0.5418033059218338,0.5851968566028937,0.05,0.9
Libya,February,1.1686739631292926,1.2847998075717433,0.5,0.85
Libya,January,1.1541613198885023,1.2403087530303094,0.1,0.85
Libya,July,0.519058524246787,0.6174613696366924,0.6,0.85
Libya,June,0.6031146772123902,0.7770435843679366,0.3,0.9
Libya,Summer,0.34258592454466563,0.3641983920334746,0.6,0.9
Libya,March,1.044558399322066,1.2876245931951569,0.05,0.9
Libya,Spring,0.8892413350732054,0.9770182928340719,0.3,0.9
Libya,May,0.5940891587488372,0.7074715302353981,0.05,0.85
Libya,Meteorological year,0.40478287455793716,0.4389929959775532,0.05,0.85
Libya,November,0.6956273493319549,0.9230514220608286,0.6,0.85
Libya,October,1.282502068039885,1.4509404015553404,0.5,0.85
Libya,September,0.605426969438521,0.6884590682194187,0.6,0.85
Libya,Autumn,0.500425201428337,0.766043321001503,0.6,0.85
Liechtenstein,April,1.0132817891399049,1.479265589294679,0.01,0.85
Liechtenstein,August,1.0637295632805197,1.2576825552456943,0.01,0.9
Liechtenstein,December,1.4760684063342362,1.7626823378203125,0.3,0.9
Liechtenstein,Winter,0.9805394049603033,1.2989957949113928,0.05,0.9
Liechtenstein,February,2.40632447893583,2.5262139537945636,0.05,0.85
Liechtenstein,January,1.9165850297028004,2.1581015926392317,0.5,0.9
Liechtenstein,July,0.8155254669032477,1.0942016586712326,0.01,0.9
Liechtenstein,June,0.8093691342691766,1.0945542433113304,0.4,0.9
Liechtenstein,Summer,0.8445869753316201,0.9162318004332344,0.6,0.9
Liechtenstein,March,1.2882131283342113,1.4999026279508207,0.1,0.85
Liechtenstein,Spring,0.5634729957655119,0.6294304587599877,0.01,0.85
Liechtenstein,May,1.5031685121062444,1.95579709764134,0.3,0.9
Liechtenstein,Meteorological year,0.432344211471666,0.4659663149271489,0.6,0.85
Liechtenstein,November,1.1889570789142654,1.5201388603190635,0.6,0.9
Liechtenstein,October,1.1996266453937676,1.246513253633402,0.01,0.85
Liechtenstein,September,1.3190981832287967,1.502123988572016,0.3,0.9
Liechtenstein,Autumn,0.7761457832262145,0.9299296756668249,0.6,0.85
Low Income Food Deficit Countries,April,0.3170084452330249,0.3537402743825697,0.6,0.9
Low Income Food Deficit Countries,August,0.15886745635360144,0.18562000981287397,0.01,0.9
Low Income Food Deficit Countries,December,0.24901994180442433,0.34842195538364873,0.01,0.9
Low Income Food Deficit Countries,Winter,0.18420413364688357,0.23671681490193866,0.3,0.9
Low Income Food Deficit Countries,February,0.34779101115906697,0.43905794437652135,0.3,0.85
Low Income Food Deficit Countries,January,0.42065781805857133,0.4504127711276311,0.3,0.9
Low Income Food Deficit Countries,July,0.32477530955084866,0.38267729004225903,0.6,0.85
Low Income Food Deficit Countries,June,0.24175745247687563,0.28185945042665345,0.05,0.9
Low Income Food Deficit Countries,Summer,0.24994552278023976,0.2784502551050259,0.4,0.85
Low Income Food Deficit Countries,March,0.39310340820011297,0.520340365644926,0.05,0.85
Low Income Food Deficit Countries,Spring,0.22979929958932557,0.2980975711423253,0.5,0.85
Low Income Food Deficit Countries,May,0.21723736813988456,0.23371761446639563,0.6,0.9
Low Income Food Deficit Countries,Meteorological year,0.11620459262940303,0.1407128431025614,0.6,0.85
Low Income Food Deficit Countries,November,0.1577724232703016,0.1767685127116369,0.6,0.85
Low Income Food Deficit Countries,October,0.25287542361341214,0.317834199334119,0.6,0.85
Low Income Food Deficit Countries,September,0.24781021310131388,0.2736513834446708,0.1,0.9
Low Income Food Deficit Countries,Autumn,0.20019052319599007,0.2135941585850505,0.6,0.9
Malaysia,April,0.4394014403176231,0.5964179588327935,0.1,0.9
Malaysia,August,0.2909304036141651,0.35696409925598094,0.01,0.85
Malaysia,December,0.4272959528595317,0.48291349170494563,0.6,0.9
Malaysia,Winter,0.3566082355505658,0.47266264849235196,0.05,0.85
Malaysia,February,0.2776376315789687,0.3731041372423403,0.01,0.85
Malaysia,January,0.550484221080252,0.6718047674819473,0.6,0.9
Malaysia,July,0.4224170963758002,0.4562465551886766,0.01,0.85
Malaysia,June,0.237296967273772,0.31856304419586545,0.1,0.85
Malaysia,Summer,0.2666588650025878,0.28847777021493604,0.1,0.85
Malaysia,March,0.21592285765261143,0.35606635496589595,0.05,0.9
Malaysia,Spring,0.29980516430625087,0.44271666416317473,0.1,0.85
Malaysia,May,0.34086118067635157,0.411947179786124,0.6,0.85
Malaysia,Meteorological year,0.29179346853457894,0.3499854180874958,0.05,0.9
Malaysia,November,0.3933232828187585,0.4058762104727601,0.6,0.85
Malaysia,October,0.3314280815412154,0.3745930703615498,0.6,0.85
Malaysia,September,0.21708397622770756,0.2798131825777645,0.6,0.85
Malaysia,Autumn,0.29374814498334373,0.31126003034658667,0.6,0.85
Mali,April,0.29237321609017275,0.34581114852799916,0.6,0.85
Mali,August,0.14840596891221483,0.20778947927364672,0.1,0.9
Mali,December,0.6907385319208063,0.8418101093047428,0.3,0.85
Mali,Winter,0.40838239613143607,0.4424537022029224,0.1,0.9
Mali,February,0.7119691245662704,0.8074402357523807,0.6,0.85
Mali,January,0.46614248193002167,0.5893907605766735,0.3,0.85
Mali,July,0.2634263783541359,0.27839151958409414,0.6,0.9
Mali,June,0.3017797909350497,0.40327306613718794,0.05,0.9
Mali,Summer,0.16746267092630854,0.198752112349462,0.1,0.85
Mali,March,1.0442203569782598,1.1997487240315254,0.01,0.85
Mali,Spring,0.43378818424123633,0.5473181722092371,0.6,0.9
Mali,May,0.5472694630004559,0.6540543484516558,0.6,0.9
Mali,Meteorological year,0.18190100700169057,0.2019418223884808,0.6,0.85
Mali,November,0.31967572660389526,0.34644458888752144,0.6,0.9
Mali,October,0.28836750997552085,0.3535771566489169,0.01,0.85
Mali,September,0.4785923733159942,0.5161446354376451,0.1,0.85
Mali,Autumn,0.22968251937789705,0.2521259708298701,0.01,0.9
Malta,April,0.6890013918972411,0.8521906107706294,0.3,0.85
Malta,August,0.6028981540228366,0.6777489232226935,0.05,0.85
Malta,December,0.5399922447908954,0.7597204390728832,0.6,0.9
Malta,Winter,0.5487238113000542,0.6721590004923595,0.05,0.85
Malta,February,1.1351237344995069,1.5074732770325712,0.3,0.9
Malta,January,1.02527259967219,1.2012020326860517,0.05,0.9
Malta,July,0.4714562631220957,0.6261280582640472,0.01,0.9
Malta,June,0.5445928566378587,0.6291281665457962,0.05,0.9
Malta,Summer,0.4270479752451109,0.5619059617679162,0.3,0.85
Malta,March,0.35390268830745236,0.4185034835049821,0.6,0.85
Malta,Spring,0.45395379697082644,0.6376871233431793,0.3,0.9
Malta,May,0.7301501703355905,1.1045992669159659,0.01,0.85
Malta,Meteorological year,0.22262000620575284,0.2639994219937162,0.6,0.9
Malta,November,0.5351063827334221,0.6838384700105827,0.6,0.9
Malta,October,0.5643226678472055,0.747771375194008,0.6,0.85
Malta,September,0.6241726624346042,0.7159961390314751,0.6,0.9
Malta,Autumn,0.48954572397964435,0.6147959448278002,0.5,0.9
Mauritania,April,0.6184942706557846,0.8995942162143861,0.01,0.85
Mauritania,August,0.2738585559853381,0.31019671818865496,0.1,0.85
Mauritania,December,0.6196462565551006,0.8664422067395399,0.6,0.9
Mauritania,Winter,0.6907526505891645,0.7560788728766439,0.01,0.85
Mauritania,February,0.9473811507429205,1.0634205301972208,0.5,0.9
Mauritania,January,0.7939483413015296,1.137440111739451,0.01,0.85
Mauritania,July,0.28519280597736824,0.353937070817481,0.4,0.9
Mauritania,June,0.2613415515325149,0.29729961656112897,0.1,0.9
Mauritania,Summer,0.24908942007503135,0.25642196851349397,0.1,0.85
Mauritania,March,1.4533653828103474,1.6749126886225605,0.3,0.85
Mauritania,Spring,0.7459479276940701,0.7970821505370983,0.05,0.9
Mauritania,May,0.4275528908590099,0.5143695754174816,0.01,0.85
Mauritania,Meteorological year,0.25256208770121197,0.3027321995020664,0.6,0.85
Mauritania,November,0.3219398852870178,0.35965045513055804,0.01,0.85
Mauritania,October,0.3317691365844344,0.37675088464276524,0.01,0.9
Mauritania,September,0.4061248292131628,0.4497257688073477,0.01,0.85
Mauritania,Autumn,0.24466069818493483,0.2710114770189361,0.1,0.9
Mauritius,April,0.53017589665659,0.5763907896788631,0.6,0.9
Mauritius,August,0.6484658071991682,0.7080995449385914,0.3,0.85
Mauritius,December,0.5047814030108003,0.586046524427093,0.6,0.9
Mauritius,Winter,0.3005388983412404,0.39190884668879683,0.6,0.85
Mauritius,February,0.19727838897409544,0.3089383325587091,0.6,0.9
Mauritius,January,0.393888714463649,0.48323535165966847,0.05,0.9
Mauritius,July,0.7724836985495692,0.852651040468897,0.6,0.9
Mauritius,June,0.46072631679900633,0.5458639474549053,0.6,0.9
Mauritius,Summer,0.5672184307565314,0.6575972163688093,0.6,0.9
Mauritius,March,0.451064341777674,0.5563935387272895,0.01,0.85
Mauritius,Spring,0.3712644211223724,0.4114429951643652,0.6,0.85
Mauritius,May,0.2510784892547293,0.27763946149063945,0.6,0.85
Mauritius,Meteorological year,0.3780646991985919,0.4080890286753427,0.6,0.9
Mauritius,November,0.3692231949636248,0.45842067485674126,0.6,0.9
Mauritius,October,0.6325985738597582,0.6793432589397316,0.6,0.85
Mauritius,September,0.5297368351768285,0.5644850837633416,0.6,0.9
Mauritius,Autumn,0.4659223136364923,0.5185711860416266,0.6,0.9
Melanesia,April,0.3210045411452545,0.4492699230948602,0.1,0.85
Melanesia,August,0.48097127327654304,0.531899574521181,0.3,0.9
Melanesia,December,0.22746531223390046,0.25927305197610295,0.05,0.9
Melanesia,Winter,0.18908328519173043,0.21025879393824135,0.1,0.9
Melanesia,February,0.25869902086787333,0.29995282225763303,0.5,0.9
Melanesia,January,0.3284076839387417,0.3886462225491331,0.3,0.85
Melanesia,July,0.49462884158958786,0.5828165464171136,0.05,0.85
Melanesia,June,0.3338140839019284,0.4724321706054683,0.6,0.9
Melanesia,Summer,0.4003387930154417,0.48895073419196455,0.1,0.85
Melanesia,March,0.4748307792199295,0.6478325086514648,0.5,0.85
Melanesia,Spring,0.36753933198074845,0.5235350192946205,0.05,0.9
Melanesia,May,0.43940131839058,0.5898032018960623,0.01,0.9
Melanesia,Meteorological year,0.28872879936127793,0.36991544362499895,0.1,0.85
Melanesia,November,0.30952979732511315,0.3885624200886247,0.05,0.85
Melanesia,October,0.37934758120296225,0.4285626437900294,0.1,0.85
Melanesia,September,0.51223283504353,0.5548218919936989,0.1,0.85
Melanesia,Autumn,0.34662454861892344,0.3984310798889895,0.6,0.9
Mexico,April,0.19513241579654536,0.20450909941900158,0.6,0.9
Mexico,August,0.43210449502577203,0.5847889360399883,0.6,0.9
Mexico,December,0.676393501224572,0.8389106034091838,0.05,0.85
Mexico,Winter,0.40090352853797157,0.5413774552721317,0.05,0.85
Mexico,February,0.843351261183909,0.9585868157543178,0.1,0.9
Mexico,January,0.4325982139643337,0.49543702189053296,0.3,0.85
Mexico,July,0.4570509183750369,0.5372052276226512,0.6,0.85
Mexico,June,0.1373085329493848,0.17328821057781094,0.6,0.85
Mexico,Summer,0.2498991706778242,0.31649126142844897,0.6,0.85
Mexico,March,0.6230915347922766,0.7438224326821766,0.01,0.85
Mexico,Spring,0.332072584504466,0.3553160646957038,0.6,0.9
Mexico,May,0.40561106793079116,0.5082577815942838,0.01,0.85
Mexico,Meteorological year,0.28737027486696903,0.3424747067698324,0.6,0.9
Mexico,November,0.8946284953748824,0.9331290551242533,0.3,0.85
Mexico,October,0.6701062828028418,0.7410509590002275,0.05,0.85
Mexico,September,0.36223707406252864,0.4602024878885768,0.6,0.85
Mexico,Autumn,0.5362283807180661,0.6182208014708362,0.6,0.9
Micronesia,April,0.36319690921461856,0.4110670685457448,0.6,0.9
Micronesia,August,0.4480409112099331,0.508860950052962,0.6,0.85
Micronesia,December,0.2398155549514006,0.2631618597104786,0.6,0.85
Micronesia,Winter,0.33187850122297496,0.33985082332346306,0.6,0.85
Micronesia,February,0.3415780392227927,0.3727121784083371,0.6,0.9
Micronesia,January,0.24989515614334834,0.26999670412451926,0.6,0.9
Micronesia,July,0.3482169558158445,0.4034323203122718,0.6,0.85
Micronesia,June,0.31970573041780564,0.3853170226794738,0.6,0.85
Micronesia,Summer,0.34797903807232267,0.4017498352780532,0.6,0.9
Micronesia,March,0.3035788061996802,0.33338441490858106,0.6,0.9
Micronesia,Spring,0.2902562903496555,0.35373435331778813,0.6,0.9
Micronesia,May,0.3751487157201523,0.3876524566992803,0.6,0.85
Micronesia,Meteorological year,0.29938450676305056,0.3208856572610285,0.6,0.9
Micronesia,November,0.2950698594981712,0.3367423603400258,0.6,0.85
Micronesia,October,0.3770089975428584,0.40509897177988063,0.01,0.85
Micronesia,September,0.3024706183428603,0.3470342878455223,0.6,0.85
Micronesia,Autumn,0.32299955364828137,0.33390688861163603,0.6,0.85
Middle Africa,April,0.39575555175255134,0.4434552220741562,0.4,0.85
Middle Africa,August,0.297823452510704,0.33269509225921273,0.01,0.9
Middle Africa,December,0.5174832573373621,0.5433148974979297,0.6,0.85
Middle Africa,Winter,0.17493151230519954,0.18803355243447703,0.6,0.9
Middle Africa,February,0.28819079792700536,0.3563266638338778,0.4,0.85
Middle Africa,January,0.5122038041598964,0.5787537751796858,0.6,0.85
Middle Africa,July,0.4718396001923817,0.5229550541311853,0.6,0.85
Middle Africa,June,0.2223279344295143,0.25100893271937236,0.5,0.9
Middle Africa,Summer,0.3064884574019382,0.3382791832525033,0.05,0.85
Middle Africa,March,0.5001653243810787,0.6086046993861358,0.6,0.85
Middle Africa,Spring,0.26900436116678156,0.3395713772419775,0.6,0.9
Middle Africa,May,0.20028555472780973,0.20746431152575417,0.6,0.85
Middle Africa,Meteorological year,0.2215462132238388,0.2505841344193098,0.6,0.9
Middle Africa,November,0.5254753143394172,0.6232300913302214,0.6,0.85
Middle Africa,October,0.5094790715132559,0.5957376711389462,0.6,0.9
Middle Africa,September,0.33540368065511256,0.37511567597455003,0.6,0.9
Middle Africa,Autumn,0.4349011065298955,0.46797531847187884,0.6,0.9
Monaco,April,0.583252936142913,0.6632304985929103,0.3,0.9
Monaco,August,0.7673837557796025,0.9579006545826426,0.05,0.85
Monaco,December,1.4754256682965536,1.5345529354350949,0.05,0.85
Monaco,Winter,0.8062370331625347,0.8937220337203758,0.1,0.85
Monaco,February,1.2842023628371064,1.4128429471109725,0.1,0.9
Monaco,January,1.0480413601894065,1.1464158394216988,0.3,0.9
Monaco,July,1.078933491556254,1.3463009552847958,0.6,0.9
Monaco,June,0.6993378707304677,0.871767743941592,0.4,0.85
Monaco,Summer,0.834260474707953,0.860627231024835,0.4,0.9
Monaco,March,0.816050721688991,0.9330594842560114,0.3,0.9
Monaco,Spring,0.2755054861553566,0.37782499103618455,0.3,0.9
Monaco,May,0.753803249778382,1.0785361866660441,0.01,0.85
Monaco,Meteorological year,0.366584205417606,0.3707789474942015,0.4,0.85
Monaco,November,0.7875916944172775,1.0085454347247746,0.6,0.85
Monaco,October,0.9335488432941202,1.002424544310756,0.6,0.85
Monaco,September,1.2263988417506797,1.3715112910995,0.3,0.85
Monaco,Autumn,0.6810242012875257,0.8257767910729766,0.6,0.9
Mongolia,April,1.4131160668014544,1.5012787774557101,0.05,0.85
Mongolia,August,0.6180975179612822,0.6848541455313666,0.1,0.9
Mongolia,December,1.5337751923811862,1.734674991434744,0.1,0.9
Mongolia,Winter,1.0497717799033304,1.2957736897040124,0.05,0.9
Mongolia,February,1.5204749882196609,1.7974692495904463,0.5,0.9
Mongolia,January,2.7352435697293895,2.9664849998721214,0.1,0.9
Mongolia,July,0.7099199499515988,0.787755862108622,0.05,0.85
Mongolia,June,0.9789908769930049,1.0722688216245433,0.3,0.85
Mongolia,Summer,0.3603368543942536,0.48125016486455846,0.3,0.9
Mongolia,March,2.2402442171393493,2.668892417897018,0.6,0.9
Mongolia,Spring,0.998361070848134,1.2289857462686589,0.6,0.85
Mongolia,May,1.4126179261297829,1.4835280309206642,0.01,0.9
Mongolia,Meteorological year,0.4868779722291854,0.55599553933972,0.1,0.9
Mongolia,November,0.7877384359122891,1.0690819151025066,0.4,0.85
Mongolia,October,1.0110718987427196,1.2860665311112423,0.3,0.9
Mongolia,September,1.186788161183722,1.4916797796759345,0.3,0.85
Mongolia,Autumn,0.5378308132123152,0.6609050312536675,0.5,0.9
Morocco,April,0.9537327471265534,1.1162990160223025,0.5,0.9
Morocco,August,0.4538064348067799,0.5158141321879262,0.05,0.9
Morocco,December,0.8341415386210035,0.9567230549914265,0.01,0.9
Morocco,Winter,0.6921608818739887,0.8785491886090178,0.01,0.85
Morocco,February,0.8155407916923965,1.0206386446015763,0.01,0.9
Morocco,January,0.9301999506233787,1.2320361121969994,0.05,0.9
Morocco,July,0.5739353062380589,0.7592996914050256,0.01,0.85
Morocco,June,1.4802906136968472,1.619573066658777,0.1,0.9
Morocco,Summer,0.7578315101821463,0.8373184652382618,0.01,0.85
Morocco,March,0.9551248950827955,1.1064466752914248,0.01,0.85
Morocco,Spring,0.675933166676819,0.8355186434351943,0.05,0.9
Morocco,May,1.4380344110799077,1.6056954777252292,0.6,0.85
Morocco,Meteorological year,0.4411946959364377,0.5645520116082575,0.1,0.9
Morocco,November,0.5175645289609897,0.6087297859398821,0.05,0.85
Morocco,October,0.7884781637934336,0.9512549326592309,0.6,0.85
Morocco,September,0.40012134695381024,0.4536520874259291,0.3,0.85
Morocco,Autumn,0.40836979599637946,0.5201496834778753,0.5,0.9
Mozambique,April,0.4021467690545762,0.4804369645387516,0.1,0.85
Mozambique,August,0.5462997880545631,0.7583794376435992,0.5,0.85
Mozambique,December,0.4601538587529159,0.6062755960486118,0.1,0.9
Mozambique,Winter,0.3368150236089061,0.4208470348939704,0.5,0.85
Mozambique,February,0.2272611343280191,0.38529676268109064,0.4,0.9
Mozambique,January,0.31122293095699743,0.4592985807870193,0.1,0.85
Mozambique,July,0.5698908507634681,0.6567479636700514,0.05,0.85
Mozambique,June,0.12672871479798495,0.2088733736033426,0.01,0.9
Mozambique,Summer,0.31834743331278403,0.3440095865051411,0.6,0.85
Mozambique,March,0.49294911730262214,0.691292357042788,0.4,0.9
Mozambique,Spring,0.30543973113236017,0.3413482303398555,0.3,0.9
Mozambique,May,0.3417009450094803,0.42272779609248384,0.4,0.9
Mozambique,Meteorological year,0.21673357464728046,0.2927218196074574,0.1,0.85
Mozambique,November,0.7412852334986605,0.8323073717801827,0.4,0.9
Mozambique,October,0.718141776203483,0.8187425839929775,0.6,0.9
Mozambique,September,0.41991096317997706,0.5436740071114705,0.6,0.85
Mozambique,Autumn,0.43696687155694103,0.44708169712390033,0.6,0.85
Myanmar,April,0.6373183570658804,0.7762562744863812,0.5,0.9
Myanmar,August,0.3384525177701185,0.3653298581703173,0.6,0.85
Myanmar,December,0.7021903149940698,0.7541516418459889,0.6,0.85
Myanmar,Winter,0.30925108426332576,0.4218430119581419,0.6,0.9
Myanmar,February,0.3038401156596355,0.3974813001582635,0.5,0.85
Myanmar,January,0.42446069507886386,0.5278381153682685,0.1,0.85
Myanmar,July,0.196383755149434,0.22253375232422334,0.6,0.85
Myanmar,June,0.47156673403447025,0.5344205967694555,0.3,0.9
Myanmar,Summer,0.2614276095162691,0.3006470068366123,0.6,0.85
Myanmar,March,0.3802475037346021,0.5132289541944821,0.01,0.9
Myanmar,Spring,0.5396075517257735,0.6437606944639112,0.4,0.85
Myanmar,May,0.8302491209661103,1.0367411016281385,0.05,0.85
Myanmar,Meteorological year,0.2792286679053943,0.3518216875884641,0.6,0.85
Myanmar,November,0.5976066431749737,0.6785787918586749,0.6,0.9
Myanmar,October,0.4468809963564458,0.5506606830892742,0.6,0.85
Myanmar,September,0.37985062186123786,0.44836770843519463,0.6,0.85
Myanmar,Autumn,0.3957005756752199,0.4453392012964935,0.6,0.9
Namibia,April,0.7732589396043495,0.8896755148226181,0.4,0.85
Namibia,August,0.9867711914807119,1.209811836064462,0.05,0.9
Namibia,December,0.8814618105800612,1.108430461568694,0.3,0.9
Namibia,Winter,0.7064175131038398,0.8699361767015245,0.01,0.85
Namibia,February,0.9647471568935418,1.102781538655556,0.05,0.9
Namibia,January,0.8630290954613136,0.9363751638992922,0.1,0.85
Namibia,July,0.8569636367866532,1.1086438443039386,0.1,0.9
Namibia,June,0.6740797718764103,0.7604262414403176,0.4,0.85
Namibia,Summer,0.8142412493332465,0.9612264534167493,0.1,0.85
Namibia,March,0.944055070832612,1.1550469124088725,0.01,0.9
Namibia,Spring,0.5953431118251733,0.824394578533332,0.1,0.85
Namibia,May,0.6516746987362203,0.816526298102408,0.05,0.9
Namibia,Meteorological year,0.6209804353093166,0.7417107338835578,0.6,0.85
Namibia,November,1.1678340992435663,1.436107294849431,0.01,0.9
Namibia,October,0.780449500538511,0.9082848052078302,0.6,0.9
Namibia,September,0.8654303440353184,1.1026494656114671,0.6,0.85
Namibia,Autumn,0.7071799879740869,0.7614550379572099,0.6,0.9
Nepal,April,1.0006180576593453,1.3597308203128498,0.3,0.85
Nepal,August,0.366395671082693,0.4259250428354354,0.6,0.85
Nepal,December,1.0411903920067491,1.2674017029087603,0.4,0.9
Nepal,Winter,0.39728828864330096,0.4402285691080106,0.01,0.85
Nepal,February,1.015653264785125,1.1252079813419171,0.6,0.9
Nepal,January,0.48591043008870033,0.5830549529397759,0.05,0.9
Nepal,July,0.1572721537768212,0.264777770440114,0.4,0.85
Nepal,June,0.6755634649105616,0.7418254202378505,0.6,0.85
Nepal,Summer,0.20204932230630224,0.26758292161405073,0.6,0.9
Nepal,March,0.9139079560058864,1.0204646654377891,0.6,0.85
Nepal,Spring,0.4229084394030145,0.5949355101478156,0.01,0.85
Nepal,May,0.5101123652594,0.634562868385675,0.5,0.9
Nepal,Meteorological year,0.2190769024073249,0.30492089209637835,0.05,0.85
Nepal,November,0.35121351508554755,0.4250742608544468,0.05,0.85
Nepal,October,0.694907473602319,0.7363627687668669,0.01,0.85
Nepal,September,0.583533795540378,0.7495458457792958,0.3,0.9
Nepal,Autumn,0.4489834883455961,0.4671968980912701,0.05,0.9
Net Food Importing Developing Countries,April,0.234367306736883,0.28023110918419464,0.01,0.85
Net Food Importing Developing Countries,August,0.23448119983226126,0.265059210491057,0.5,0.85
Net Food Importing Developing Countries,December,0.1898677261067241,0.295683604143661,0.3,0.85
Net Food Importing Developing Countries,Winter,0.1347695646268308,0.1613077488339289,0.6,0.9
Net Food Importing Developing Countries,February,0.2828184089164108,0.3262980793458205,0.1,0.85
Net Food Importing Developing Countries,January,0.340598770344303,0.3768737015069965,0.3,0.85
Net Food Importing Developing Countries,July,0.27598203006071514,0.3136323301703994,0.6,0.85
Net Food Importing Developing Countries,June,0.15707658409001576,0.1837058534885383,0.6,0.85
Net Food Importing Developing Countries,Summer,0.2203103946833971,0.2389254942792704,0.6,0.9
Net Food Importing Developing Countries,March,0.3365457643871757,0.40068443066652343,0.6,0.9
Net Food Importing Developing Countries,Spring,0.15734664483611238,0.2065782152173052,0.6,0.85
Net Food Importing Developing Countries,May,0.19036964767689568,0.2124775876006006,0.6,0.9
Net Food Importing Developing Countries,Meteorological year,0.15876944248721772,0.173800320851365,0.5,0.9
Net Food Importing Developing Countries,November,0.22205431450249669,0.25951404248848103,0.6,0.9
Net Food Importing Developing Countries,October,0.22565655331687715,0.32696916397319087,0.6,0.9
Net Food Importing Developing Countries,September,0.29478534064690703,0.310453124483238,0.6,0.9
Net Food Importing Developing Countries,Autumn,0.21285714500055128,0.24288930766827288,0.6,0.9
Netherlands,April,1.4073521190676537,1.5237425600929881,0.05,0.85
Netherlands,August,0.8672679834948456,1.0018920716928656,0.05,0.9
Netherlands,December,1.575288518435852,2.2443892877432376,0.01,0.85
Netherlands,Winter,1.0189787873433651,1.373263742372766,0.3,0.85
Netherlands,February,1.9333003340043309,2.2051935967661374,0.5,0.85
Netherlands,January,1.1505817143534995,1.3682673064729656,0.1,0.85
Netherlands,July,0.6528574704633708,0.9146711318682963,0.6,0.9
Netherlands,June,1.085003454963699,1.291612721091567,0.6,0.9
Netherlands,Summer,0.48021831705805273,0.7087707517645405,0.1,0.9
Netherlands,March,1.5079045199280399,1.6712428844097142,0.3,0.85
Netherlands,Spring,0.687904466114218,0.7561840010610436,0.3,0.9
Netherlands,May,1.3389078589831531,1.5402034812643437,0.3,0.9
Netherlands,Meteorological year,0.5316151843638258,0.6247087707038527,0.01,0.85
Netherlands,November,0.9908796840075268,1.2965713504235408,0.1,0.85
Netherlands,October,1.3808717978207914,1.4952645910691467,0.3,0.9
Netherlands,September,1.1332626498508729,1.484415729584066,0.1,0.85
Netherlands,Autumn,0.372763918252721,0.6231364225789242,0.6,0.85
Netherlands Antilles (former),April,0.3359267077548665,0.42631902180102604,0.5,0.85
Netherlands Antilles (former),August,0.2564758542872345,0.29762637140012355,0.6,0.85
Netherlands Antilles (former),December,0.4939736000463368,0.5523908593551594,0.01,0.9
Netherlands Antilles (former),Winter,0.19524475090370177,0.2862407627655614,0.5,0.9
Netherlands Antilles (former),February,0.4119020633716273,0.4563766217659465,0.3,0.9
Netherlands Antilles (former),January,0.3179157862232495,0.4037127306238682,0.3,0.9
Netherlands Antilles (former),July,0.2804610676436077,0.3238954547751286,0.1,0.85
Netherlands Antilles (former),June,0.2354691079185216,0.26719108230287214,0.1,0.85
Netherlands Antilles (former),Summer,0.19302851063555626,0.23223605637594946,0.05,0.85
Netherlands Antilles (former),March,0.20652585830693193,0.250852720190009,0.1,0.85
Netherlands Antilles (former),Spring,0.16734274588147335,0.20945947181919444,0.1,0.9
Netherlands Antilles (former),May,0.2752521967834472,0.3047642141553346,0.01,0.9
Netherlands Antilles (former),Meteorological year,0.19362642571447952,0.2278792363620968,0.6,0.9
Netherlands Antilles (former),November,0.27634143776567077,0.37587492919892707,0.01,0.85
Netherlands Antilles (former),October,0.4151823184157415,0.45207395827821123,0.6,0.9
Netherlands Antilles (former),September,0.31467512088748145,0.464044748716629,0.6,0.85
Netherlands Antilles (former),Autumn,0.32063223866612794,0.3787270836162845,0.6,0.85
New Caledonia,April,0.472753436731751,0.5453247025474641,0.05,0.85
New Caledonia,August,0.576128406281654,0.7366602361420306,0.4,0.9
New Caledonia,December,0.28515087220229823,0.36967212147559086,0.4,0.85
New Caledonia,Winter,0.3443776321952929,0.42701032708228653,0.3,0.9
New Caledonia,February,0.6510358481804558,0.8535412655913849,0.6,0.85
New Caledonia,January,0.4060717541425985,0.4749303174200636,0.01,0.9
New Caledonia,July,0.477837783960898,0.6094277122697465,0.6,0.9
New Caledonia,June,0.5066584406887624,0.5962380040957486,0.5,0.9
New Caledonia,Summer,0.3452510734035326,0.4941204776732009,0.5,0.9
New Caledonia,March,0.6271642707294418,0.6778195691631537,0.01,0.9
New Caledonia,Spring,0.5309636595754085,0.6386821049596438,0.01,0.85
New Caledonia,May,0.5985105247874014,0.7884180288461863,0.01,0.85
New Caledonia,Meteorological year,0.3328892473804656,0.4377069174392762,0.05,0.9
New Caledonia,November,0.5649176770363898,0.6900379868131638,0.05,0.9
New Caledonia,October,0.6067697232419486,0.6953949449798367,0.3,0.9
New Caledonia,September,0.4168618973961513,0.4833073007371404,0.5,0.85
New Caledonia,Autumn,0.41984640870268813,0.49641477113285937,0.05,0.9
New Zealand,April,0.6046735132806436,0.6520624040774496,0.5,0.9
New Zealand,August,0.49045277659201786,0.5536906901277894,0.01,0.9
New Zealand,December,0.5975526641915871,0.9311168831094451,0.05,0.9
New Zealand,Winter,0.7438536245927163,0.966925792648032,0.01,0.9
New Zealand,February,0.6334821265628058,0.9632288122527888,0.1,0.9
New Zealand,January,1.260658547150688,1.5468198729262879,0.05,0.9
New Zealand,July,0.5342190116845417,0.6044110766469245,0.6,0.9
New Zealand,June,0.5875881423435841,0.6993610628747748,0.6,0.9
New Zealand,Summer,0.18668021451570746,0.2094780404623775,0.6,0.9
New Zealand,March,0.9320664913412541,1.061838008634177,0.05,0.85
New Zealand,Spring,0.5087116431821165,0.6513319606054677,0.6,0.9
New Zealand,May,0.659907002384661,0.9196451229931106,0.4,0.85
New Zealand,Meteorological year,0.33499429860055474,0.4388131206975398,0.1,0.9
New Zealand,November,0.6248909421217168,0.8116836312368899,0.05,0.85
New Zealand,October,0.4135110639127743,0.5303708060351698,0.6,0.9
New Zealand,September,0.4499135693568799,0.5474503812833007,0.1,0.85
New Zealand,Autumn,0.32991548379349106,0.40658112081973813,0.6,0.85
Nicaragua,April,0.332122245527643,0.40976424611292117,0.1,0.9
Nicaragua,August,0.3588712089073787,0.4477283979737158,0.6,0.85
Nicaragua,December,0.517615107361999,0.6866874669497783,0.5,0.85
Nicaragua,Winter,0.23370899499579703,0.27036741079830856,0.6,0.85
Nicaragua,February,0.47111230952765587,0.5512483452818094,0.4,0.85
Nicaragua,January,0.49783891730538526,0.5774786056714585,0.01,0.9
Nicaragua,July,0.22962505675442269,0.26374014654920486,0.6,0.9
Nicaragua,June,0.26061998952431337,0.33273734919984677,0.1,0.9
Nicaragua,Summer,0.18998353299865398,0.2386902974225968,0.3,0.85
Nicaragua,March,0.3519947973488268,0.49511681608058433,0.01,0.9
Nicaragua,Spring,0.25891358562136263,0.36773286050462406,0.3,0.85
Nicaragua,May,0.33213347297672563,0.4091656372527241,0.01,0.85
Nicaragua,Meteorological year,0.14145748182437648,0.18762459838624834,0.01,0.9
Nicaragua,November,0.4240093396317988,0.47443566186063474,0.01,0.9
Nicaragua,October,0.28458712229946703,0.3493984446128992,0.01,0.9
Nicaragua,September,0.39505057888122525,0.4831035821835771,0.05,0.85
Nicaragua,Autumn,0.2771736380888113,0.32948314505884235,0.1,0.9
Niger,April,1.088773979620102,1.437137549095843,0.1,0.9
Niger,August,0.29923102701826126,0.3318059841381501,0.6,0.9
Niger,December,1.0136840650286818,1.3919102869669593,0.3,0.9
Niger,Winter,0.5562797653547005,0.8178200336043141,0.05,0.85
Niger,February,1.2332511524146057,1.3406586555880313,0.01,0.85
Niger,January,0.8029211952430538,0.8404687630553416,0.3,0.85
Niger,July,0.4684308178861658,0.5966711538417191,0.1,0.9
Niger,June,0.3041505332711086,0.41775926929701995,0.6,0.85
Niger,Summer,0.2547529652637652,0.3643771620723392,0.4,0.9
Niger,March,0.6638694401582742,0.8479908957638951,0.01,0.9
Niger,Spring,0.5851307038644736,0.7666311165782156,0.3,0.85
Niger,May,0.48585346170324056,0.5247944108344208,0.1,0.9
Niger,Meteorological year,0.12582690369686825,0.14923617897742783,0.05,0.85
Niger,November,0.8450538314897091,0.9963544031208004,0.3,0.9
Niger,October,0.5197073018720774,0.5713372401083685,0.6,0.85
Niger,September,0.3109084042651041,0.32780516369016793,0.05,0.85
Niger,Autumn,0.30441235949846607,0.39534890978286424,0.01,0.85
Nigeria,April,0.3917554501328649,0.5235002281050265,0.6,0.9
Nigeria,August,0.20791587651486285,0.2705148556561118,0.01,0.9
Nigeria,December,0.6299057450547845,0.8268076736932444,0.01,0.85
Nigeria,Winter,0.3105432677268239,0.4630412159307157,0.4,0.9
Nigeria,February,0.7288914554048743,0.7710352618433215,0.01,0.9
Nigeria,January,0.6651343138537321,0.760941595679251,0.1,0.9
Nigeria,July,0.2942488688164558,0.3915299318746251,0.05,0.85
Nigeria,June,0.3691340418098545,0.5187176216909167,0.6,0.85
Nigeria,Summer,0.21663669481385295,0.32110068425898664,0.4,0.9
Nigeria,March,0.3986398878317379,0.6448724843233975,0.01,0.85
Nigeria,Spring,0.2656474431977878,0.3543985973953541,0.6,0.85
Nigeria,May,0.2901976876439301,0.35580004420068584,0.3,0.9
Nigeria,Meteorological year,0.08216110711668818,0.09234423504313348,0.6,0.9
Nigeria,November,0.4087647561989929,0.5639678580590067,0.01,0.9
Nigeria,October,0.43225251856397584,0.49268582534952127,0.01,0.85
Nigeria,September,0.2944105747550338,0.31373627805500465,0.01,0.85
Nigeria,Autumn,0.2096843901901221,0.2987850444362805,0.01,0.9
Non-Annex I countries,April,0.19632715367333195,0.2595393889448877,0.6,0.9
Non-Annex I countries,August,0.19282881307278796,0.24810397040060841,0.5,0.85
Non-Annex I countries,December,0.27007951209717146,0.34659961066121875,0.05,0.9
Non-Annex I countries,Winter,0.1978209047480751,0.24710807883005426,0.6,0.85
Non-Annex I countries,February,0.26436707289669387,0.33618295185102876,0.6,0.85
Non-Annex I countries,January,0.35193800942888237,0.39173908420454284,0.6,0.85
Non-Annex I countries,July,0.1437648964495346,0.17155611570837945,0.6,0.9
Non-Annex I countries,June,0.136313093422635,0.17976503313007133,0.6,0.85
Non-Annex I countries,Summer,0.14117378604442474,0.16657779477643075,0.6,0.85
Non-Annex I countries,March,0.3404161246396253,0.4246396308576206,0.3,0.9
Non-Annex I countries,Spring,0.1423621952762398,0.19309728645032975,0.6,0.9
Non-Annex I countries,May,0.19287342754583517,0.24278534616006914,0.6,0.9
Non-Annex I countries,Meteorological year,0.14736287134969486,0.1620946742120994,0.6,0.85
Non-Annex I countries,November,0.1555831589574694,0.19398946748076057,0.5,0.9
Non-Annex I countries,October,0.16318838807283245,0.2277775126927035,0.6,0.9
Non-Annex I countries,September,0.21344601720757836,0.24792135919979413,0.6,0.85
Non-Annex I countries,Autumn,0.13496656334639015,0.18353230175165572,0.6,0.85
Northern Africa,April,0.5776084027952912,0.6655599883549729,0.01,0.85
Northern Africa,August,0.4427616650600508,0.5144707546812509,0.4,0.85
Northern Africa,December,0.37570155121759125,0.4583977329981096,0.4,0.9
Northern Africa,Winter,0.48479541202176213,0.5477000549221448,0.1,0.9
Northern Africa,February,0.8309185065857365,0.9098331241010831,0.6,0.9
Northern Africa,January,1.082603261543279,1.125312674153351,0.01,0.9
Northern Africa,July,0.3547665872840455,0.452211589974149,0.4,0.85
Northern Africa,June,0.5264344494593899,0.5698778500841627,0.6,0.85
Northern Africa,Summer,0.16413934399316452,0.2075771174160159,0.4,0.9
Northern Africa,March,0.7881299077975723,0.9087318406353161,0.1,0.85
Northern Africa,Spring,0.35773275433286517,0.5064844903800748,0.4,0.85
Northern Africa,May,0.5085817263812599,0.6006563666131626,0.6,0.9
Northern Africa,Meteorological year,0.22527564444136627,0.24115246733154766,0.05,0.9
Northern Africa,November,0.36552786626372297,0.46502282160862013,0.1,0.9
Northern Africa,October,0.7084646488560983,0.8347869662982886,0.6,0.85
Northern Africa,September,0.30258528454395933,0.44277818917266093,0.5,0.9
Northern Africa,Autumn,0.3707785242778452,0.4663700211156067,0.5,0.85
Northern America,April,0.6120898693752708,0.9875163359473729,0.1,0.9
Northern America,August,0.24457392600179984,0.26388810800038187,0.3,0.9
Northern America,December,0.8834764324899836,0.985076172706145,0.05,0.85
Northern America,Winter,0.9452023140472255,1.0822886418102255,0.01,0.85
Northern America,February,1.87650494394856,1.983251940615007,0.6,0.85
Northern America,January,0.7646254816509224,0.932590161405597,0.5,0.85
Northern America,July,0.184813369435355,0.2313891312125204,0.3,0.9
Northern America,June,0.2743970979815093,0.3285826383360601,0.05,0.9
Northern America,Summer,0.16190652987437376,0.19590778283968527,0.1,0.85
Northern America,March,0.8392713231890223,1.2436702039265575,0.01,0.9
Northern America,Spring,0.4253000397268613,0.5663139918752292,0.6,0.85
Northern America,May,0.38026399979675224,0.4355170447966458,0.01,0.9
Northern America,Meteorological year,0.44681584410063935,0.5781550675037779,0.05,0.9
Northern America,November,1.1873502392556474,1.470748300445712,0.01,0.9
Northern America,October,0.564346790305032,0.6335714388437617,0.6,0.85
Northern America,September,0.4001596175849392,0.5547326463780107,0.5,0.9
Northern America,Autumn,0.5952431646445805,0.7397802348967524,0.3,0.85
Northern Europe,April,0.6378044422624272,0.8386860905528574,0.4,0.9
Northern Europe,August,0.3565522892524102,0.5011992038664349,0.01,0.9
Northern Europe,December,1.4079460216095245,1.7084245488483893,0.01,0.85
Northern Europe,Winter,1.025375562778155,1.139626233821487,0.1,0.9
Northern Europe,February,2.385110293614385,2.5339871555452094,0.1,0.85
Northern Europe,January,1.3286789289804302,1.699548064385222,0.01,0.85
Northern Europe,July,1.3805185973840473,1.546613497826196,0.4,0.85
Northern Europe,June,0.6364596478554668,0.7441797610182588,0.1,0.9
Northern Europe,Summer,0.5756037363501832,0.694812740950827,0.6,0.9
Northern Europe,March,1.7826997136396843,2.046304704027284,0.3,0.85
Northern Europe,Spring,0.5136774834950607,0.6074935340483637,0.05,0.85
Northern Europe,May,1.1479883857213125,1.3969882185825246,0.3,0.9
Northern Europe,Meteorological year,0.3163316405044577,0.44460579651916726,0.6,0.9
Northern Europe,November,1.1784378548370507,1.256914021634576,0.3,0.85
Northern Europe,October,0.4611164304703233,0.5885758086346465,0.6,0.85
Northern Europe,September,0.49659175486849166,0.6384642151269284,0.4,0.9
Northern Europe,Autumn,0.5235058733672097,0.6429041472795067,0.4,0.85
Norway,April,0.7351591619139692,0.9356669315916832,0.1,0.85
Norway,August,0.5874167520715602,0.6853020387142479,0.1,0.85
Norway,December,1.393692279724599,1.7248584553815325,0.4,0.85
Norway,Winter,1.024737945403344,1.2098140215853321,0.1,0.85
Norway,February,2.2142204879675886,2.486636668901538,0.01,0.85
Norway,January,1.6380415834460635,1.9525325052878195,0.4,0.9
Norway,July,1.477830403686317,1.7883787993220068,0.1,0.85
Norway,June,0.5079629754237983,0.7217828100332653,0.6,0.9
Norway,Summer,0.6367913165814586,0.7166852112365042,0.6,0.85
Norway,March,1.8923313744166712,2.240494420006633,0.1,0.85
Norway,Spring,0.5695369049042497,0.6630920084975973,0.01,0.85
Norway,May,1.3273421602481184,1.6046965241743234,0.3,0.85
Norway,Meteorological year,0.386185702473507,0.5155350493087929,0.6,0.9
Norway,November,1.4676759366893102,1.5896354570200726,0.01,0.9
Norway,October,0.828646075289679,0.9775731257068453,0.6,0.85
Norway,September,0.6836623125226072,0.9058009324275326,0.6,0.85
Norway,Autumn,0.6944042003251174,0.9218904032476593,0.6,0.85
OECD,April,0.25970690431242555,0.31265731871961305,0.01,0.9
OECD,August,0.16164675087469896,0.17581140188640035,0.01,0.9
OECD,December,0.8516762929810202,0.931520445208135,0.01,0.9
OECD,Winter,0.43441084276664926,0.5779717368381639,0.4,0.85
OECD,February,0.9601747369614119,0.9736900482763251,0.5,0.9
OECD,January,0.3310854463562604,0.40366450019377575,0.05,0.85
OECD,July,0.1863075794332698,0.21481972355404527,0.6,0.9
OECD,June,0.18080751338528597,0.2508299232242003,0.4,0.9
OECD,Summer,0.09828940907452062,0.14050669143686814,0.3,0.85
OECD,March,0.5428043444006742,0.7034361161349942,0.1,0.9
OECD,Spring,0.20540035791726874,0.33750754888036694,0.01,0.85
OECD,May,0.330284660364036,0.4145510688148757,0.01,0.85
OECD,Meteorological year,0.22897342533795248,0.3112078231900291,0.6,0.85
OECD,November,0.6374751194650131,0.8183843010063959,0.05,0.9
OECD,October,0.3984185576792781,0.4835649004434864,0.6,0.9
OECD,September,0.18710136383782117,0.2725665260939047,0.3,0.85
OECD,Autumn,0.28178415321104244,0.38057159257596157,0.3,0.85
Oceania,April,0.8486027338121608,0.9434843094620464,0.6,0.9
Oceania,August,0.41863846009085615,0.4729196777693417,0.1,0.85
Oceania,December,0.91961623408611,1.1342712950188283,0.01,0.9
Oceania,Winter,0.41222764548625407,0.5486808298722817,0.01,0.9
Oceania,February,0.4911671366504857,0.6026527237292015,0.5,0.9
Oceania,January,0.4917768683391663,0.7128696751123234,0.01,0.85
Oceania,July,0.42195272908658005,0.46104979267051427,0.1,0.85
Oceania,June,0.39287390324384047,0.5374445930323866,0.5,0.9
Oceania,Summer,0.2191648621803326,0.2447161485376176,0.5,0.85
Oceania,March,0.9287144669265613,1.015139262002994,0.6,0.9
Oceania,Spring,0.6436747759887363,0.7272146701023099,0.01,0.85
Oceania,May,0.5593980126991925,0.7332619274760542,0.3,0.9
Oceania,Meteorological year,0.3083460256553166,0.3233680859885577,0.05,0.85
Oceania,November,0.4516008844685819,0.6402027764128146,0.1,0.85
Oceania,October,0.9961905585420735,1.0600768172302866,0.6,0.9
Oceania,September,0.48120393004318096,0.6100815736967108,0.1,0.85
Oceania,Autumn,0.3963752249400437,0.47743304839327155,0.6,0.9
Pakistan,April,0.7366683838759424,0.8587373219911925,0.01,0.85
Pakistan,August,0.2929281701967756,0.36074744791683633,0.6,0.9
Pakistan,December,0.8707545179489434,1.1502704094258476,0.6,0.9
Pakistan,Winter,0.6062741964776226,0.6639221000312384,0.05,0.9
Pakistan,February,1.0592327821643992,1.2199551044376078,0.6,0.9
Pakistan,January,0.7043404950777759,0.8960149013708438,0.5,0.85
Pakistan,July,0.30423270556315846,0.36725907487576803,0.6,0.85
Pakistan,June,0.594748074815188,0.6564078261559609,0.01,0.9
Pakistan,Summer,0.3368367471156713,0.39911137373810174,0.6,0.9
Pakistan,March,1.234532507640169,1.418237892982194,0.1,0.9
Pakistan,Spring,0.8045860873382531,1.0312297822847922,0.6,0.9
Pakistan,May,0.8043812633755122,0.9928174409544136,0.1,0.85
Pakistan,Meteorological year,0.36153382436879133,0.37471713916296145,0.6,0.9
Pakistan,November,0.6135138549485578,0.7885811352340243,0.1,0.85
Pakistan,October,0.5180956700479009,0.592850820839342,0.6,0.9
Pakistan,September,0.6032335475694685,0.7889240467365461,0.6,0.9
Pakistan,Autumn,0.16722909736600008,0.22385859862472118,0.5,0.85
Palestine,April,1.1957121041182692,1.3555394846715498,0.6,0.9
Palestine,August,0.4573612332983829,0.5982453721019207,0.3,0.9
Palestine,December,0.9604043063730071,1.083596160351078,0.6,0.85
Palestine,Winter,0.49911428582425427,0.7918245702747949,0.3,0.85
Palestine,February,1.0276613806938328,1.310116058521608,0.4,0.9
Palestine,January,0.6331672619563213,0.6687518120431155,0.4,0.85
Palestine,July,0.4132377392870456,0.5481865699674111,0.05,0.9
Palestine,June,0.8414476114026775,0.9651879920488133,0.6,0.9
Palestine,Summer,0.2826274933531763,0.3538985579982572,0.3,0.85
Palestine,March,1.1595061785074339,1.3617780537536268,0.6,0.85
Palestine,Spring,0.792579632058421,1.0255652782207498,0.6,0.85
Palestine,May,0.9557433110538246,1.1947528513154213,0.1,0.85
Palestine,Meteorological year,0.37619983817781105,0.427227517912153,0.3,0.85
Palestine,November,0.6158024018023376,0.7618417640333672,0.6,0.85
Palestine,October,0.8569830300344501,0.8930115887590809,0.6,0.9
Palestine,September,0.5649204216449244,0.9005405659474474,0.6,0.85
Palestine,Autumn,0.580447938286889,0.6992792523046721,0.6,0.9
Papua New Guinea,April,0.3336752973100885,0.46440770151835103,0.01,0.9
Papua New Guinea,August,0.5382491618134603,0.5908485193379965,0.3,0.9
Papua New Guinea,December,0.2477127089510843,0.2784958539588504,0.1,0.9
Papua New Guinea,Winter,0.2050171055878923,0.25339719016323053,0.1,0.9
Papua New Guinea,February,0.2660944931787726,0.3236183023283036,0.6,0.85
Papua New Guinea,January,0.37937093708480013,0.47128046164221177,0.3,0.9
Papua New Guinea,July,0.5384613865385587,0.6424742697426508,0.05,0.85
Papua New Guinea,June,0.3717838457296754,0.5363702721387251,0.6,0.9
Papua New Guinea,Summer,0.4481956708572532,0.5308061864953516,0.01,0.85
Papua New Guinea,March,0.4995054365538718,0.6808700855141843,0.6,0.9
Papua New Guinea,Spring,0.38941217583990934,0.5368437052453049,0.1,0.85
Papua New Guinea,May,0.4600188482304748,0.6127921549691471,0.3,0.85
Papua New Guinea,Meteorological year,0.31118827111165676,0.3837227303055814,0.05,0.9
Papua New Guinea,November,0.327545131078863,0.38984915499529643,0.1,0.9
Papua New Guinea,October,0.4226321032804518,0.4695887355914502,0.6,0.85
Papua New Guinea,September,0.5701343023700319,0.6267368665079821,0.05,0.9
Papua New Guinea,Autumn,0.3717898853437042,0.4239866610819489,0.6,0.9
Paraguay,April,1.0794963162514035,1.2693696241392913,0.01,0.85
Paraguay,August,1.6904131495994292,2.0169673352002535,0.1,0.85
Paraguay,December,0.34300418976120434,0.36898091958567286,0.1,0.85
Paraguay,Winter,0.4877371959695535,0.5279397751318844,0.6,0.85
Paraguay,February,0.5460423556153802,0.6436764651723176,0.6,0.9
Paraguay,January,0.8362354440297125,0.9412035089860142,0.5,0.9
Paraguay,July,0.663392394523263,0.7974394052214309,0.1,0.85
Paraguay,June,1.546054551527473,1.9060682614515436,0.3,0.85
Paraguay,Summer,1.0783548056762353,1.1986158732799481,0.6,0.9
Paraguay,March,0.8412708295648059,0.9965242498203388,0.05,0.85
Paraguay,Spring,0.5944525805433151,0.726271018357405,0.4,0.9
Paraguay,May,1.3549848559757578,1.4968522276918392,0.05,0.85
Paraguay,Meteorological year,0.5450709497093664,0.6267879732540051,0.5,0.9
Paraguay,November,0.665605379263256,1.0249797472293196,0.6,0.9
Paraguay,October,0.7275895927561674,1.150958341020617,0.4,0.85
Paraguay,September,1.4953936184995051,1.5857242743550954,0.6,0.85
Paraguay,Autumn,0.8753252790735774,1.0213016087115807,0.6,0.9
Peru,April,0.1440093958581256,0.2432161568203991,0.4,0.85
Peru,August,0.4171826910102534,0.45255149275566386,0.01,0.85
Peru,December,0.13704359236920505,0.1960502536586784,0.6,0.9
Peru,Winter,0.2871935002503531,0.3732824093127673,0.5,0.85
Peru,February,0.26512933014813433,0.3684464809741303,0.05,0.9
Peru,January,0.5097422772349897,0.6457722761449383,0.01,0.85
Peru,July,0.2433454886918102,0.32194630781132244,0.01,0.85
Peru,June,0.506872290518995,0.5716877490268757,0.01,0.9
Peru,Summer,0.29884906744884304,0.3720005366612885,0.01,0.9
Peru,March,0.30156738440854874,0.3582577281138084,0.01,0.9
Peru,Spring,0.180868992234433,0.23950339351126115,0.3,0.9
Peru,May,0.34521367938598263,0.3479037863322832,0.05,0.9
Peru,Meteorological year,0.1865535450092701,0.25273150882978196,0.3,0.85
Peru,November,0.33688056774678815,0.437754754238608,0.01,0.9
Peru,October,0.3064034329435535,0.4221118052418801,0.05,0.85
Peru,September,0.26139466824392893,0.45140290038990943,0.6,0.9
Peru,Autumn,0.2734625137826079,0.39819426800617846,0.6,0.85
Philippines,April,0.2648975498750494,0.41938031086684574,0.5,0.9
Philippines,August,0.4056150182810443,0.47183785446668314,0.01,0.85
Philippines,December,0.3831877750273045,0.43794782431237167,0.6,0.85
Philippines,Winter,0.3338639348414561,0.38103348191432407,0.5,0.9
Philippines,February,0.4018744747018774,0.45647782268896275,0.6,0.9
Philippines,January,0.49400657680458976,0.6543172828054631,0.01,0.9
Philippines,July,0.30774654249454153,0.37609878447734335,0.01,0.9
Philippines,June,0.5077904473582132,0.5787426251871718,0.3,0.9
Philippines,Summer,0.40201391962592387,0.4423362269505569,0.01,0.85
Philippines,March,0.26464116325280473,0.30752376819051774,0.6,0.85
Philippines,Spring,0.19277639517581324,0.3018346607559388,0.01,0.9
Philippines,May,0.5632741916696389,0.5887574827982178,0.01,0.85
Philippines,Meteorological year,0.26475353051753453,0.30913621730582547,0.1,0.85
Philippines,November,0.37554413721774466,0.40596220288440676,0.6,0.9
Philippines,October,0.3705748743104696,0.40088987895700406,0.3,0.9
Philippines,September,0.3906523894395871,0.428892425151001,0.01,0.9
Philippines,Autumn,0.36140413640769703,0.39932841292085525,0.6,0.85
Poland,April,1.2456123586341235,1.5748565161257588,0.5,0.9
Poland,August,1.2123629908400824,1.3953513133294282,0.6,0.85
Poland,December,1.763704466016082,2.152167096031233,0.3,0.9
Poland,Winter,1.1720964774962492,1.3246585091595036,0.3,0.85
Poland,February,2.456323036029707,2.6967910366180154,0.01,0.9
Poland,January,1.669349362264043,1.846743185490876,0.6,0.85
Poland,July,0.6734220894511229,0.8361602742186743,0.1,0.85
Poland,June,1.4344397258627868,1.8321107754456567,0.6,0.9
Poland,Summer,0.5827656826646725,0.7303264072708816,0.6,0.9
Poland,March,2.2980649766229924,2.4507835773139344,0.3,0.85
Poland,Spring,0.6207402369726989,0.7498554553207251,0.01,0.9
Poland,May,1.1604867966382522,1.4021227909315774,0.6,0.9
Poland,Meteorological year,0.8458475002890581,0.921779697991804,0.6,0.9
Poland,November,0.8751517411895113,1.0134621996450341,0.5,0.9
Poland,October,1.5384784116539667,1.62593546687998,0.4,0.85
Poland,September,1.3757167741516207,1.558448186570198,0.1,0.85
Poland,Autumn,0.6133008285160246,0.7258934458186872,0.6,0.85
Polynesia,April,0.24897774169478726,0.2751504345550712,0.6,0.85
Polynesia,August,0.3077481934593312,0.37827000708636965,0.01,0.9
Polynesia,December,0.15785056722327764,0.17251142604807673,0.4,0.9
Polynesia,Winter,0.25375946211857175,0.31814870093741054,0.1,0.85
Polynesia,February,0.3321971722350931,0.47494000322956426,0.5,0.85
Polynesia,January,0.3108312236736882,0.3820619059730368,0.01,0.85
Polynesia,July,0.16681954460988538,0.20736203620824042,0.3,0.9
Polynesia,June,0.21378777226408655,0.23764876516090447,0.05,0.85
Polynesia,Summer,0.2027970745312314,0.21753981926768462,0.6,0.9
Polynesia,March,0.2676041685961488,0.3386597792345064,0.6,0.85
Polynesia,Spring,0.21049394138282748,0.22844659421123029,0.6,0.9
Polynesia,May,0.11968479081283719,0.1405201948308913,0.6,0.9
Polynesia,Meteorological year,0.16458185092802266,0.20000463352785633,0.6,0.9
Polynesia,November,0.16124511756057078,0.16859139836508974,0.3,0.9
Polynesia,October,0.2934002533035583,0.34012231246291313,0.1,0.9
Polynesia,September,0.26033991383912164,0.282606776166986,0.6,0.85
Polynesia,Autumn,0.14811835094705986,0.17991380191640483,0.1,0.9
Portugal,April,1.1322127328654992,1.2404786914970705,0.3,0.85
Portugal,August,0.7861661701865005,0.895545021245289,0.5,0.9
Portugal,December,1.270926079835842,1.5487874632208207,0.05,0.85
Portugal,Winter,0.6255872802962829,0.7724426375389506,0.01,0.85
Portugal,February,0.8480801862947717,0.967389542477078,0.1,0.9
Portugal,January,0.906261697795616,1.1090017403995769,0.3,0.85
Portugal,July,1.1022595077440067,1.2492997466540698,0.1,0.9
Portugal,June,1.2777762238634927,1.447048475092157,0.3,0.9
Portugal,Summer,0.8384154770658512,0.8605635093316478,0.01,0.85
Portugal,March,0.76726811020677,1.0074051634970087,0.4,0.85
Portugal,Spring,0.824109423583184,1.0098928597570898,0.3,0.9
Portugal,May,1.1118474973641401,1.2347896014015596,0.6,0.9
Portugal,Meteorological year,0.32844961173485004,0.41136112961537435,0.4,0.9
Portugal,November,0.5515373565425689,0.7393249253566686,0.01,0.9
Portugal,October,0.9842648576814983,1.4002202081619246,0.6,0.9
Portugal,September,0.8173113049942935,1.1338388812800106,0.05,0.85
Portugal,Autumn,0.5955547048165406,0.6899646383933815,0.4,0.9
Puerto Rico,April,0.1691937814596605,0.20189380259720865,0.01,0.85
Puerto Rico,August,0.14541401029718848,0.17389701812923958,0.5,0.9
Puerto Rico,December,0.5193189377403084,0.6522398864699737,0.4,0.9
Puerto Rico,Winter,0.2536723337951133,0.31367244923947607,0.6,0.85
Puerto Rico,February,0.45131918974660973,0.49801790796415596,0.1,0.85
Puerto Rico,January,0.3538240171475621,0.3810959585707072,0.6,0.85
Puerto Rico,July,0.19966798926671184,0.22153511303723428,0.05,0.9
Puerto Rico,June,0.14774802188481287,0.18375747310609922,0.5,0.9
Puerto Rico,Summer,0.1092501573983526,0.12547305501197234,0.6,0.9
Puerto Rico,March,0.18532185860908315,0.23570180304737828,0.5,0.9
Puerto Rico,Spring,0.13839566099995662,0.18791599153533298,0.01,0.9
Puerto Rico,May,0.27421024592701526,0.3141710756577054,0.5,0.9
Puerto Rico,Meteorological year,0.11990117299896907,0.14682379974373266,0.6,0.85
Puerto Rico,November,0.11298858948758021,0.14435192322810242,0.1,0.9
Puerto Rico,October,0.2451379970094426,0.30692135306304,0.6,0.9
Puerto Rico,September,0.24173751628076157,0.27937119904010466,0.5,0.85
Puerto Rico,Autumn,0.1679303047360071,0.20072329408119502,0.6,0.85
Qatar,April,0.7221778957087647,0.8430848775452627,0.6,0.85
Qatar,August,0.19888672904980176,0.24210586601748035,0.6,0.85
Qatar,December,0.7781340117766878,0.8962950745481661,0.1,0.9
Qatar,Winter,0.46764321795452557,0.6162858401364956,0.6,0.85
Qatar,February,0.8579075972618705,1.1757645060043593,0.4,0.85
Qatar,January,0.814929512454922,1.020001365185043,0.6,0.9
Qatar,July,0.2424101166771917,0.2888809671764619,0.6,0.9
Qatar,June,0.404499835550124,0.522984897591332,0.4,0.85
Qatar,Summer,0.0891627681074078,0.10219500406111082,0.6,0.9
Qatar,March,0.9277387775536168,1.2019206262422677,0.5,0.85
Qatar,Spring,0.4261577563378876,0.6639682403806473,0.6,0.85
Qatar,May,0.4770484972407951,0.6150543521724028,0.6,0.9
Qatar,Meteorological year,0.14908610208814152,0.18584353615257157,0.6,0.9
Qatar,November,0.37832679017875953,0.4606925582966081,0.6,0.85
Qatar,October,0.9807376601538307,1.0886825486718976,0.05,0.85
Qatar,September,0.551287583667365,0.6059048413650573,0.6,0.9
Qatar,Autumn,0.5519168920711721,0.6090075309508365,0.6,0.9
Republic of Korea,April,0.7429500720925274,0.876503168327704,0.01,0.85
Republic of Korea,August,0.9816064787645294,1.2351865896123178,0.6,0.9
Republic of Korea,December,2.089693416065368,2.4163718410225914,0.01,0.85
Republic of Korea,Winter,0.6047646287038534,0.9434175876613723,0.1,0.85
Republic of Korea,February,0.7496005817785347,1.1338829862005935,0.4,0.9
Republic of Korea,January,0.8591392113472255,0.9542932749991202,0.3,0.85
Republic of Korea,July,0.7994756454939417,1.0864323849294735,0.6,0.85
Republic of Korea,June,0.24929371516594948,0.31565193913535394,0.01,0.85
Republic of Korea,Summer,0.5937848786181029,0.7192615643749937,0.6,0.9
Republic of Korea,March,0.6085278237764667,0.6730567334100485,0.1,0.9
Republic of Korea,Spring,0.5710746434639239,0.6354999015888095,0.01,0.9
Republic of Korea,May,0.663555121324807,0.75621770638205,0.6,0.85
Republic of Korea,Meteorological year,0.2609826314701573,0.3186599163091484,0.1,0.9
Republic of Korea,November,0.7846650601157581,0.9005803914393795,0.3,0.9
Republic of Korea,October,0.5451009535294662,0.7860642896164886,0.4,0.9
Republic of Korea,September,0.35128138714114554,0.42142730026186476,0.1,0.85
Republic of Korea,Autumn,0.39248279246683576,0.4402084413072211,0.6,0.9
Romania,April,1.392636054095135,1.8683219268149012,0.5,0.85
Romania,August,0.6061093762984551,0.6730178790825597,0.6,0.9
Romania,December,1.8362567955677818,2.063427676856501,0.05,0.85
Romania,Winter,1.3014423136143862,1.4215131296538224,0.1,0.85
Romania,February,1.99784250697968,2.6366449173882125,0.1,0.85
Romania,January,1.8731476165834124,2.2781938477283012,0.6,0.85
Romania,July,0.5760682850691378,0.6519134363043839,0.05,0.85
Romania,June,0.8232961335271008,1.0218842226465386,0.6,0.85
Romania,Summer,0.3195947987737679,0.49397391085770054,0.3,0.9
Romania,March,1.9107854135951936,2.130688415523118,0.6,0.9
Romania,Spring,0.6321208966640391,0.7335046621392793,0.6,0.9
Romania,May,1.0207467993647352,1.1600433147686493,0.3,0.9
Romania,Meteorological year,0.4747328279962197,0.5162409508108641,0.6,0.9
Romania,November,1.1106036081258683,1.5972478896329647,0.3,0.85
Romania,October,1.1276330101438656,1.4245367718179707,0.6,0.9
Romania,September,1.396863251085012,1.5026692686823486,0.6,0.85
Romania,Autumn,0.6987806219029321,0.9173564294915862,0.6,0.85
"Saint Helena, Ascension and Tristan da Cunha",April,0.3413784290771895,0.4665178001521548,0.01,0.85
"Saint Helena, Ascension and Tristan da Cunha",August,0.34153333409952363,0.4027122765460494,0.3,0.85
"Saint Helena, Ascension and Tristan da Cunha",December,0.5428012195343362,0.6234804422752598,0.6,0.85
"Saint Helena, Ascension and Tristan da Cunha",Winter,0.30529779978672394,0.38823091029690454,0.1,0.9
"Saint Helena, Ascension and Tristan da Cunha",February,0.531308353527049,0.619708409200868,0.3,0.85
"Saint Helena, Ascension and Tristan da Cunha",January,0.39301257013812757,0.47234739110000434,0.01,0.9
"Saint Helena, Ascension and Tristan da Cunha",July,0.7498892804636238,0.9315574161151186,0.1,0.9
"Saint Helena, Ascension and Tristan da Cunha",June,0.4457349802023319,0.5399214564115724,0.5,0.85
"Saint Helena, Ascension and Tristan da Cunha",Summer,0.31157753248900144,0.46318278065074464,0.6,0.9
"Saint Helena, Ascension and Tristan da Cunha",March,0.3795669948727136,0.40307450020244745,0.1,0.9
"Saint Helena, Ascension and Tristan da Cunha",Spring,0.32197968181732045,0.33904335138457903,0.01,0.85
"Saint Helena, Ascension and Tristan da Cunha",May,0.33950135227318184,0.39413845844663886,0.3,0.85
"Saint Helena, Ascension and Tristan da Cunha",Meteorological year,0.19663667240655122,0.3024067535197142,0.05,0.9
"Saint Helena, Ascension and Tristan da Cunha",November,0.6469226914859602,0.761240918464622,0.1,0.85
"Saint Helena, Ascension and Tristan da Cunha",October,0.25764095548325966,0.27319078575954175,0.6,0.9
"Saint Helena, Ascension and Tristan da Cunha",September,0.39857032709760015,0.4756350749130094,0.01,0.9
"Saint Helena, Ascension and Tristan da Cunha",Autumn,0.24407353769743537,0.2892085191985791,0.1,0.9
Saint Lucia,April,0.3218270592394081,0.3949148635814508,0.1,0.9
Saint Lucia,August,0.19653984036642277,0.23519332485186797,0.05,0.85
Saint Lucia,December,0.33836869938293795,0.3632737446650198,0.6,0.85
Saint Lucia,Winter,0.18584701022072028,0.22300886797109148,0.3,0.9
Saint Lucia,February,0.25846255548975816,0.3666521478816044,0.6,0.85
Saint Lucia,January,0.19419211225649582,0.25171245418558014,0.3,0.85
Saint Lucia,July,0.15224874692072526,0.19176711156091292,0.6,0.9
Saint Lucia,June,0.11396048413139731,0.1527279967828573,0.01,0.85
Saint Lucia,Summer,0.09922879301455591,0.15430270300740076,0.5,0.85
Saint Lucia,March,0.14481408075297128,0.17762504305567545,0.4,0.85
Saint Lucia,Spring,0.1823175171293233,0.2311067111026574,0.01,0.85
Saint Lucia,May,0.24701483476431593,0.3255468953209957,0.3,0.9
Saint Lucia,Meteorological year,0.14003061022060467,0.17047442893360013,0.3,0.9
Saint Lucia,November,0.042673510128126556,0.05031902965016029,0.3,0.85
Saint Lucia,October,0.2552295088918234,0.3675320463450253,0.5,0.9
Saint Lucia,September,0.182733065018284,0.24906221317660066,0.05,0.85
Saint Lucia,Autumn,0.13720174281199543,0.18529369439272528,0.3,0.9
Saint Pierre and Miquelon,April,1.0242993719571762,1.1692971772652168,0.05,0.85
Saint Pierre and Miquelon,August,0.5983783251642107,0.6804188868801968,0.3,0.85
Saint Pierre and Miquelon,December,0.711127917776754,0.896964075904948,0.3,0.85
Saint Pierre and Miquelon,Winter,0.7996033517932339,0.9355691760358613,0.1,0.85
Saint Pierre and Miquelon,February,1.452168457322504,1.5749592396124743,0.5,0.9
Saint Pierre and Miquelon,January,0.46368246092351667,0.5808126275721572,0.5,0.85
Saint Pierre and Miquelon,July,0.726168564855533,0.8770926116933551,0.01,0.85
Saint Pierre and Miquelon,June,0.864642274181428,1.098961009168659,0.05,0.85
Saint Pierre and Miquelon,Summer,0.5603100677369648,0.6185524502758518,0.1,0.9
Saint Pierre and Miquelon,March,1.7286084745855048,2.089930135013335,0.1,0.9
Saint Pierre and Miquelon,Spring,0.9508593542141953,1.1032275591607916,0.05,0.9
Saint Pierre and Miquelon,May,0.8477395691315062,0.9813532691957927,0.1,0.9
Saint Pierre and Miquelon,Meteorological year,0.34382522945509253,0.4111250734474709,0.01,0.9
Saint Pierre and Miquelon,November,0.9169547379766273,1.106547314860883,0.3,0.85
Saint Pierre and Miquelon,October,0.6574756421349832,0.8726144900263175,0.01,0.85
Saint Pierre and Miquelon,September,0.7203260047861152,0.847627860376026,0.01,0.9
Saint Pierre and Miquelon,Autumn,0.5463096353372499,0.605543619032231,0.1,0.85
Saint Vincent and the Grenadines,April,0.33942629941401886,0.44395344506944195,0.05,0.9
Saint Vincent and the Grenadines,August,0.21268572141220587,0.24408504979630247,0.05,0.85
Saint Vincent and the Grenadines,December,0.26524469625932695,0.3521783102957079,0.6,0.85
Saint Vincent and the Grenadines,Winter,0.16884158972759075,0.20708155236594675,0.01,0.9
Saint Vincent and the Grenadines,February,0.24680280645970853,0.2915200877966001,0.3,0.9
Saint Vincent and the Grenadines,January,0.22416973947745186,0.28512396567456905,0.01,0.85
Saint Vincent and the Grenadines,July,0.21398288955397562,0.2721642598274016,0.01,0.85
Saint Vincent and the Grenadines,June,0.1182752812626373,0.19101868097031025,0.3,0.9
Saint Vincent and the Grenadines,Summer,0.1174395403820282,0.1984852520574479,0.3,0.9
Saint Vincent and the Grenadines,March,0.1253446170835392,0.1511508170972901,0.05,0.9
Saint Vincent and the Grenadines,Spring,0.17888063997018197,0.23099453693083208,0.1,0.85
Saint Vincent and the Grenadines,May,0.26926268888556293,0.3820260089040248,0.01,0.85
Saint Vincent and the Grenadines,Meteorological year,0.12395693590165842,0.15211575501101832,0.05,0.85
Saint Vincent and the Grenadines,November,0.1263305869460449,0.1372818779396779,0.05,0.9
Saint Vincent and the Grenadines,October,0.2519964545049202,0.3229570252850322,0.3,0.9
Saint Vincent and the Grenadines,September,0.2790586214918696,0.3017264261593103,0.1,0.9
Saint Vincent and the Grenadines,Autumn,0.15294706804287095,0.1996959447505894,0.1,0.85
San Marino,April,0.8785036045258318,1.137111520140891,0.3,0.9
San Marino,August,0.7967955360672799,1.0695801241777054,0.4,0.85
San Marino,December,0.7087379316066751,0.9128175830376498,0.5,0.9
San Marino,Winter,0.7752013316455976,1.1265649565748295,0.1,0.9
San Marino,February,2.0849456409402767,2.320514198649379,0.3,0.9
San Marino,January,1.7829261620811996,1.9427157240401045,0.1,0.9
San Marino,July,1.0241083198663254,1.4920891555644873,0.6,0.85
San Marino,June,0.8685565899121702,1.1609574942982914,0.01,0.9
San Marino,Summer,0.8104394350006051,0.9942936234209554,0.5,0.9
San Marino,March,0.8354131530970492,0.918582005013903,0.3,0.85
San Marino,Spring,0.3545712264479793,0.5153601699483817,0.4,0.85
San Marino,May,1.2559866628405165,1.6938284972172264,0.01,0.85
San Marino,Meteorological year,0.15224324116228236,0.18183650552324254,0.6,0.9
San Marino,November,0.7393923132333184,1.0251563934450811,0.6,0.9
San Marino,October,0.7296062854798196,0.796854278734721,0.6,0.9
San Marino,September,0.8463686589290793,0.8715487208442705,0.3,0.85
San Marino,Autumn,0.5485982493475565,0.623928469880828,0.6,0.9
Saudi Arabia,April,0.8383911822575053,1.0553045496498212,0.1,0.9
Saudi Arabia,August,0.5904003695176663,0.67084677593172,0.4,0.9
Saudi Arabia,December,0.9182984374475898,1.016222817008723,0.01,0.9
Saudi Arabia,Winter,0.5208279072948852,0.620556046153665,0.6,0.85
Saudi Arabia,February,0.9701042885045449,1.2356898951925457,0.4,0.85
Saudi Arabia,January,0.759682302584694,0.974732613648782,0.6,0.9
Saudi Arabia,July,0.49297855301893007,0.6404035712184135,0.3,0.85
Saudi Arabia,June,0.418120759152291,0.5265659872617467,0.6,0.85
Saudi Arabia,Summer,0.3504939333362394,0.4059625230346497,0.3,0.85
Saudi Arabia,March,1.1462131854702293,1.507629133823901,0.5,0.9
Saudi Arabia,Spring,0.5900941415850638,0.7061763503710728,0.6,0.85
Saudi Arabia,May,0.3595673035425134,0.44377141771320594,0.01,0.85
Saudi Arabia,Meteorological year,0.1953417256469873,0.24396882726556438,0.5,0.9
Saudi Arabia,November,0.5866009434533311,0.6585755344328047,0.6,0.9
Saudi Arabia,October,0.6411619612594688,0.9404641558944936,0.6,0.85
Saudi Arabia,September,0.7314838919353307,0.8311852963336922,0.6,0.85
Saudi Arabia,Autumn,0.5608030543200172,0.7145824784913727,0.6,0.9
Senegal,April,0.396724242733314,0.4517810711276567,0.6,0.9
Senegal,August,0.2769518824786838,0.32721255993224635,0.01,0.9
Senegal,December,0.495184893738898,0.5774079203860706,0.4,0.9
Senegal,Winter,0.4858680900836097,0.5881835245026071,0.4,0.85
Senegal,February,0.6374129900226174,0.8458871197461835,0.6,0.9
Senegal,January,0.45967085336660407,0.72980924085226,0.6,0.85
Senegal,July,0.36273546853035005,0.44292486893664706,0.05,0.85
Senegal,June,0.4139521644470095,0.4633892647935517,0.05,0.85
Senegal,Summer,0.2789663132225038,0.3472961425456324,0.1,0.85
Senegal,March,0.9880242514825718,1.1428064039224168,0.6,0.9
Senegal,Spring,0.5051011468716406,0.5426778649497096,0.6,0.9
Senegal,May,0.3975196474275496,0.5461660561555436,0.6,0.85
Senegal,Meteorological year,0.23791230655528103,0.2695557315064379,0.3,0.85
Senegal,November,0.28840275422079625,0.3406326821938305,0.01,0.85
Senegal,October,0.3490363755711081,0.4451644156294096,0.05,0.85
Senegal,September,0.3331202620945047,0.4715503470754518,0.01,0.9
Senegal,Autumn,0.24422621845520787,0.3256541008957217,0.1,0.85
Seychelles,April,0.3557306762618775,0.4340625318711735,0.6,0.85
Seychelles,August,0.3756951980425903,0.42347180480352203,0.6,0.85
Seychelles,December,0.33885554981418653,0.41486554911227697,0.6,0.9
Seychelles,Winter,0.16196509178770757,0.24275419723217012,0.6,0.85
Seychelles,February,0.20466876680742088,0.2427478085009613,0.01,0.85
Seychelles,January,0.3254168976509469,0.35892461174541845,0.6,0.9
Seychelles,July,0.3693654669387076,0.4640932789501959,0.6,0.9
Seychelles,June,0.4331863342827853,0.5192401977595253,0.6,0.85
Seychelles,Summer,0.38400877699889885,0.45521873297284726,0.6,0.85
Seychelles,March,0.33607882444861786,0.45879738189428476,0.05,0.9
Seychelles,Spring,0.3285489597667792,0.3914940046360855,0.6,0.9
Seychelles,May,0.2914243236975172,0.37388765132987056,0.6,0.9
Seychelles,Meteorological year,0.32172257459741194,0.36209571968093013,0.05,0.85
Seychelles,November,0.3703771625969405,0.41246801531750776,0.6,0.9
Seychelles,October,0.540832278915007,0.5728740291536585,0.01,0.9
Seychelles,September,0.35415450794888886,0.429086254373324,0.6,0.9
Seychelles,Autumn,0.43181253403951897,0.47329218424093344,0.6,0.85
Small Island Developing States,April,0.22266833555372703,0.2555361325189916,0.6,0.9
Small Island Developing States,August,0.26440403736202295,0.33994389122753227,0.6,0.85
Small Island Developing States,December,0.16921003082209027,0.20187016124674476,0.01,0.85
Small Island Developing States,Winter,0.14176550160054832,0.19694720963849086,0.5,0.9
Small Island Developing States,February,0.1946043419189457,0.22674433724649679,0.6,0.85
Small Island Developing States,January,0.20922212141714813,0.25324335105862644,0.6,0.9
Small Island Developing States,July,0.28902704515010064,0.38499447563631245,0.6,0.9
Small Island Developing States,June,0.23965283914698465,0.28651103535361194,0.05,0.9
Small Island Developing States,Summer,0.22052770447773606,0.3199141749180709,0.01,0.85
Small Island Developing States,March,0.32854093990795824,0.42319707133187534,0.3,0.85
Small Island Developing States,Spring,0.2599362571791461,0.33975719037175306,0.6,0.9
Small Island Developing States,May,0.26134275093589693,0.3815434790710535,0.01,0.9
Small Island Developing States,Meteorological year,0.14463697513687301,0.24026443068978004,0.1,0.9
Small Island Developing States,November,0.202974248131616,0.24929178467581908,0.1,0.85
Small Island Developing States,October,0.141396643070469,0.18342073609127924,0.05,0.85
Small Island Developing States,September,0.3133144561621155,0.34712423818620897,0.1,0.9
Small Island Developing States,Autumn,0.17931863483938404,0.214453523880105,0.01,0.9
South Africa,April,0.5434033619547386,0.6091230250622709,0.3,0.9
South Africa,August,0.7884469716585306,0.906451981410875,0.3,0.85
South Africa,December,0.9143052122669811,1.2136277140122576,0.1,0.85
South Africa,Winter,0.4001984681974347,0.6168548171398499,0.6,0.9
South Africa,February,0.3572192901342741,0.45636350904294243,0.6,0.85
South Africa,January,0.659902423035772,0.733015000553862,0.01,0.9
South Africa,July,0.5800878532182452,0.7082185809939846,0.1,0.85
South Africa,June,0.6472362991436794,0.7140311387545925,0.4,0.9
South Africa,Summer,0.5009454730030924,0.5984775783637754,0.5,0.9
South Africa,March,0.4154573703126878,0.4956741510747915,0.6,0.85
South Africa,Spring,0.4755124534989645,0.5416180370193631,0.4,0.9
South Africa,May,0.6895069665577824,0.8427377071651834,0.3,0.9
South Africa,Meteorological year,0.39898805419012984,0.5006473911254765,0.6,0.9
South Africa,November,0.6186719931609389,0.7385455266990895,0.6,0.85
South Africa,October,0.817585004674835,1.0851753992604403,0.6,0.9
South Africa,September,0.8294060067026628,0.9186933888930939,0.6,0.85
South Africa,Autumn,0.4401137908495523,0.5791947557580581,0.6,0.9
South America,April,0.3082431656247216,0.34687908446787424,0.01,0.9
South America,August,0.6096310931934502,0.7079910901683839,0.6,0.9
South America,December,0.22001404953887863,0.2849225456969169,0.6,0.85
South America,Winter,0.17933669579227943,0.3060036298439705,0.6,0.9
South America,February,0.2630288141263711,0.40603902187576124,0.6,0.85
South America,January,0.22608554905646294,0.2920812232525977,0.6,0.9
South America,July,0.35151177992320587,0.44441113354934875,0.1,0.9
South America,June,0.566380552609023,0.6054406001902417,0.6,0.9
South America,Summer,0.43415778310653863,0.4922365028331341,0.6,0.85
South America,March,0.19029935034920287,0.25159822684096395,0.5,0.9
South America,Spring,0.2612275975684455,0.28533444036435135,0.05,0.9
South America,May,0.45508708010763604,0.5274663396688914,0.1,0.85
South America,Meteorological year,0.23391159105607828,0.2719007128923355,0.6,0.9
South America,November,0.22857399285516933,0.32192762276281944,0.6,0.9
South America,October,0.17132327148753534,0.25157415489727364,0.6,0.85
South America,September,0.47805400202921566,0.5097646834096865,0.6,0.85
South America,Autumn,0.2718836302895407,0.3066112400987226,0.6,0.85
South-Eastern Asia,April,0.44958762321127527,0.6231395137593151,0.6,0.85
South-Eastern Asia,August,0.2688578404395568,0.326972334908113,0.05,0.9
South-Eastern Asia,December,0.5039869243891065,0.6100424724471781,0.6,0.9
South-Eastern Asia,Winter,0.39628779036448547,0.4398180057202915,0.6,0.85
South-Eastern Asia,February,0.2929328226441816,0.3549020950617499,0.01,0.85
South-Eastern Asia,January,0.4893215081188261,0.5248374903567151,0.1,0.85
South-Eastern Asia,July,0.21248687710489697,0.2532166284801879,0.1,0.9
South-Eastern Asia,June,0.2902760640468591,0.32836307248942814,0.05,0.85
South-Eastern Asia,Summer,0.22481716304045274,0.2775164523329634,0.05,0.9
South-Eastern Asia,March,0.3085843261674713,0.39156280507890157,0.3,0.85
South-Eastern Asia,Spring,0.3973991095121498,0.5276554715060058,0.6,0.9
South-Eastern Asia,May,0.5450696727812613,0.6302932650876242,0.1,0.85
South-Eastern Asia,Meteorological year,0.29096641550524527,0.3630355465173848,0.6,0.85
South-Eastern Asia,November,0.4758584757926669,0.5157817975498878,0.6,0.85
South-Eastern Asia,October,0.2669471787458056,0.3023403030399539,0.6,0.9
South-Eastern Asia,September,0.3040071740403887,0.3569496413787019,0.6,0.9
South-Eastern Asia,Autumn,0.32239430887436554,0.35358935602978303,0.6,0.9
Southern Africa,April,0.556929090051451,0.6870536389198906,0.3,0.85
Southern Africa,August,0.7642219813622174,0.8604842487459252,0.01,0.85
Southern Africa,December,0.831762948801062,1.1567537244515558,0.3,0.9
Southern Africa,Winter,0.5256304752191342,0.7537609115964422,0.01,0.9
Southern Africa,February,0.5759943326664562,0.659628621242091,0.6,0.9
Southern Africa,January,0.8400288372967467,0.8834481615200246,0.1,0.9
Southern Africa,July,0.5906748992964707,0.7064533980540671,0.3,0.9
Southern Africa,June,0.47634978702182346,0.5356238254282041,0.3,0.85
Southern Africa,Summer,0.521077327183638,0.5887730159103476,0.4,0.85
Southern Africa,March,0.7498013566581846,0.8668989838360528,0.01,0.85
Southern Africa,Spring,0.5135391501788721,0.6378011775988647,0.05,0.9
Southern Africa,May,0.49792304714464725,0.6796466668127136,0.1,0.85
Southern Africa,Meteorological year,0.4899232542651087,0.604287051488881,0.6,0.9
Southern Africa,November,0.809177319360975,0.9957801614037508,0.4,0.9
Southern Africa,October,0.8034033277339369,0.9727137330948792,0.6,0.9
Southern Africa,September,0.6760771371077833,0.7766960493963168,0.6,0.9
Southern Africa,Autumn,0.5170162771090188,0.6261587965988084,0.6,0.85
Southern Asia,April,0.29476780838145106,0.3617105948120193,0.05,0.85
Southern Asia,August,0.07010448411614717,0.09436510693929773,0.5,0.9
Southern Asia,December,0.36064726415852927,0.49866821238597925,0.01,0.85
Southern Asia,Winter,0.4914866209316329,0.5610482409397671,0.05,0.9
Southern Asia,February,0.9171040246374744,1.056504022281429,0.1,0.85
Southern Asia,January,0.5492591769416949,0.6482145134758265,0.5,0.9
Southern Asia,July,0.19492901556163025,0.2204007455242504,0.6,0.9
Southern Asia,June,0.41259763912324726,0.4956844323407758,0.6,0.85
Southern Asia,Summer,0.1669604937392893,0.21642379144644464,0.6,0.85
Southern Asia,March,0.895795008542656,1.0279955046339326,0.1,0.85
Southern Asia,Spring,0.4393935257563064,0.5520219054535318,0.6,0.85
Southern Asia,May,0.39032160586553327,0.43416250275811813,0.05,0.85
Southern Asia,Meteorological year,0.18330793024452227,0.21216772013326385,0.6,0.9
Southern Asia,November,0.36248741521396116,0.49188547872897936,0.6,0.85
Southern Asia,October,0.2921286410232384,0.44100856430078933,0.3,0.9
Southern Asia,September,0.1443995367505352,0.17260411040662718,0.6,0.85
Southern Asia,Autumn,0.16581508948999765,0.19868256040811363,0.01,0.85
Southern Europe,April,0.5187234718297102,0.6391015701890599,0.6,0.85
Southern Europe,August,0.4115457255495323,0.547808832723263,0.4,0.85
Southern Europe,December,0.8279322708150044,1.1890272183156547,0.05,0.85
Southern Europe,Winter,0.5328671410337398,0.821360837990632,0.1,0.85
Southern Europe,February,1.4256312351682248,1.5527732665316525,0.1,0.85
Southern Europe,January,1.2809047266204463,1.4627833982575873,0.6,0.9
Southern Europe,July,0.6701984658519828,0.8858700962929069,0.3,0.85
Southern Europe,June,0.5033267311055011,0.6962221078373749,0.01,0.9
Southern Europe,Summer,0.42564483719159757,0.5531193648863658,0.4,0.9
Southern Europe,March,0.696255810652746,0.7489589178644438,0.3,0.85
Southern Europe,Spring,0.2955857688439717,0.3901613356858072,0.6,0.9
Southern Europe,May,0.848852520820354,1.020813317044677,0.5,0.9
Southern Europe,Meteorological year,0.16532334564462584,0.17842387666211376,0.5,0.9
Southern Europe,November,0.7679166995976833,0.9099511154116314,0.6,0.85
Southern Europe,October,0.4896836150317998,0.5854747798612296,0.6,0.9
Southern Europe,September,0.6323707369427622,0.7634282938122354,0.4,0.9
Southern Europe,Autumn,0.45756736433997275,0.5372967933195771,0.6,0.9
Spain,April,0.838897204704792,0.9896123782670979,0.01,0.9
Spain,August,0.35458950870030526,0.4299265090869801,0.4,0.85
Spain,December,1.3438252841570073,1.7233002497087577,0.05,0.85
Spain,Winter,0.6178527705725558,0.7550317186308865,0.01,0.85
Spain,February,1.0004631374189947,1.1363153972583226,0.4,0.9
Spain,January,0.9627029914905348,1.0888069594465888,0.1,0.9
Spain,July,0.7198044641432472,0.9047590845310746,0.6,0.85
Spain,June,0.8087212489272696,0.96479369998899,0.05,0.85
Spain,Summer,0.5021183853126825,0.5505962956467784,0.01,0.9
Spain,March,0.6106719149023592,0.727711428194672,0.6,0.85
Spain,Spring,0.6584876510386872,0.7214842156383653,0.6,0.9
Spain,May,0.7938526257095845,1.005312556714475,0.01,0.9
Spain,Meteorological year,0.25875957768810004,0.3026289323307059,0.4,0.85
Spain,November,0.5218400308203801,0.7226903432501073,0.6,0.9
Spain,October,0.8514597890332243,1.0664617696443586,0.6,0.9
Spain,September,0.8154130959712301,0.9435086688675459,0.1,0.85
Spain,Autumn,0.41459816323890636,0.5797732166099867,0.4,0.9
Sri Lanka,April,0.3602774695425732,0.4895163880113514,0.01,0.85
Sri Lanka,August,0.2433326154888039,0.26336535791934895,0.1,0.9
Sri Lanka,December,0.3115171025716468,0.3476244465151513,0.01,0.85
Sri Lanka,Winter,0.28068818227641285,0.33823453640243906,0.5,0.9
Sri Lanka,February,0.47567355940646866,0.5470199464428761,0.05,0.9
Sri Lanka,January,0.19758908731917582,0.27233172270830536,0.6,0.9
Sri Lanka,July,0.42091581131265543,0.48227791441702517,0.01,0.9
Sri Lanka,June,0.37279891056894826,0.47347019298672105,0.05,0.85
Sri Lanka,Summer,0.2906302734714535,0.31162714242092227,0.01,0.85
Sri Lanka,March,0.31269173824652663,0.40911409059370796,0.6,0.85
Sri Lanka,Spring,0.2422485450777836,0.29648362541587764,0.01,0.85
Sri Lanka,May,0.34936824336332567,0.4446615544375137,0.6,0.9
Sri Lanka,Meteorological year,0.13499527021882302,0.18066679212667175,0.1,0.85
Sri Lanka,November,0.18958893978854063,0.2551465381259768,0.3,0.9
Sri Lanka,October,0.39541651338374706,0.48785468592426395,0.01,0.9
Sri Lanka,September,0.24220331018330332,0.2697798123882931,0.6,0.9
Sri Lanka,Autumn,0.21203393575021634,0.24455043760108505,0.4,0.85
Suriname,April,0.2738106182803044,0.360726693696489,0.05,0.9
Suriname,August,0.25799296554601986,0.3504828543299888,0.05,0.85
Suriname,December,0.28131720331252613,0.4072208436325879,0.05,0.85
Suriname,Winter,0.2586575565114407,0.27591331024430066,0.1,0.85
Suriname,February,0.30350909811678417,0.34583889701864473,0.01,0.9
Suriname,January,0.2263597172326234,0.2365099410052727,0.1,0.9
Suriname,July,0.1770662551993448,0.22902396453844912,0.3,0.9
Suriname,June,0.25697575961085944,0.2844409783595774,0.05,0.9
Suriname,Summer,0.16224164822268403,0.193127235392638,0.6,0.9
Suriname,March,0.28973727290220735,0.3265627398822465,0.05,0.9
Suriname,Spring,0.27679358949750515,0.3209834341831189,0.05,0.85
Suriname,May,0.26681619643375154,0.3275481478607278,0.1,0.85
Suriname,Meteorological year,0.15021774149234068,0.20616993744651987,0.1,0.85
Suriname,November,0.28461160634805,0.3320367848935428,0.6,0.85
Suriname,October,0.21792286819045145,0.2298729056190071,0.6,0.85
Suriname,September,0.24412294845329371,0.29187727537022956,0.6,0.85
Suriname,Autumn,0.1869293500728272,0.22848577527367225,0.6,0.85
Svalbard and Jan Mayen Islands,April,1.7547118607884167,2.0871230037663686,0.05,0.9
Svalbard and Jan Mayen Islands,August,0.40858604434623763,0.42907709432973157,0.1,0.85
Svalbard and Jan Mayen Islands,December,1.8426609795656905,1.9909413331723453,0.6,0.85
Svalbard and Jan Mayen Islands,Winter,1.8854941127343903,2.159144849765527,0.6,0.85
Svalbard and Jan Mayen Islands,February,3.7800821309393253,4.19416981627409,0.6,0.85
Svalbard and Jan Mayen Islands,January,2.960478416350437,3.308771631644414,0.6,0.85
Svalbard and Jan Mayen Islands,July,0.4518100308501401,0.6095820747389674,0.05,0.85
Svalbard and Jan Mayen Islands,June,0.31425526150965083,0.41090181481017374,0.6,0.85
Svalbard and Jan Mayen Islands,Summer,0.30452142241546926,0.34052864489394835,0.6,0.85
Svalbard and Jan Mayen Islands,March,2.2839059094484404,2.615078455128877,0.1,0.85
Svalbard and Jan Mayen Islands,Spring,1.1611638056693445,1.4685711365065586,0.01,0.85
Svalbard and Jan Mayen Islands,May,1.778868413495542,2.0308804601147177,0.1,0.9
Svalbard and Jan Mayen Islands,Meteorological year,0.8842573815243763,1.1668571342103038,0.6,0.9
Svalbard and Jan Mayen Islands,November,2.3958521938549473,2.9547714658824122,0.3,0.9
Svalbard and Jan Mayen Islands,October,2.58803820361619,3.1287970040060946,0.6,0.85
Svalbard and Jan Mayen Islands,September,1.0055004007116277,1.3290551209449473,0.6,0.9
Svalbard and Jan Mayen Islands,Autumn,1.6866389325122384,2.2099907941064205,0.6,0.85
Sweden,April,0.7342906602886048,0.9064712940731257,0.3,0.85
Sweden,August,0.5196396045572568,0.7481414719851424,0.6,0.9
Sweden,December,1.4864990958598963,1.8644876672873292,0.01,0.9
Sweden,Winter,1.171555532586598,1.356854169901476,0.1,0.9
Sweden,February,2.7812635951524634,3.0186029559545977,0.05,0.9
Sweden,January,1.716928314651548,2.1123942621897913,0.01,0.9
Sweden,July,1.6689954034428103,1.8912314974823605,0.5,0.85
Sweden,June,0.8580731569567925,0.9984889409270549,0.05,0.85
Sweden,Summer,0.7543471866774715,0.8475205731464356,0.6,0.9
Sweden,March,2.1419258504943497,2.4839998094752045,0.05,0.9
Sweden,Spring,0.6199799615020679,0.731984587312769,0.4,0.85
Sweden,May,1.3749401490529654,1.6915089684892795,0.3,0.9
Sweden,Meteorological year,0.42405544908577214,0.595484807157472,0.3,0.85
Sweden,November,1.2487078905104683,1.3087714081364317,0.4,0.9
Sweden,October,0.6970303330751033,0.7974321861232468,0.6,0.9
Sweden,September,0.6110030963576246,0.7909319043069557,0.6,0.85
Sweden,Autumn,0.6266091246653446,0.7592701136826615,0.6,0.85
Switzerland,April,0.9637103863534863,1.3585764199783577,0.05,0.9
Switzerland,August,0.9303762854377241,1.1846490857984575,0.01,0.85
Switzerland,December,1.2701434549994406,1.5924383719164665,0.3,0.85
Switzerland,Winter,0.8600844117987734,1.1487034478604994,0.1,0.9
Switzerland,February,2.1769434537554493,2.2782618850935537,0.3,0.85
Switzerland,January,1.8606333241098165,2.1158024131105297,0.01,0.85
Switzerland,July,1.1580296889797796,1.4057983667925658,0.01,0.9
Switzerland,June,0.7464111685857514,0.9570148975534025,0.4,0.9
Switzerland,Summer,0.9564361776719753,1.0191968668398939,0.4,0.9
Switzerland,March,1.3126795849962816,1.4879903239852492,0.1,0.85
Switzerland,Spring,0.5872215626227569,0.7034634513472741,0.4,0.85
Switzerland,May,1.2701596938748538,1.6541742284447452,0.05,0.9
Switzerland,Meteorological year,0.43174798829579775,0.46666033248967403,0.6,0.85
Switzerland,November,1.0336777153694625,1.3782048555429156,0.6,0.85
Switzerland,October,1.2832258453214214,1.3261412050607393,0.6,0.85
Switzerland,September,1.428901033242732,1.5591299845321107,0.6,0.9
Switzerland,Autumn,0.6862290997996053,0.8670444633840413,0.6,0.9
Syrian Arab Republic,April,1.4620379758210325,1.646052892231579,0.4,0.9
Syrian Arab Republic,August,0.5597192495089323,0.8134557632846362,0.4,0.9
Syrian Arab Republic,December,1.5119617289962377,1.6978153865255474,0.1,0.9
Syrian Arab Republic,Winter,0.9570925331593868,1.1347107696937149,0.6,0.9
Syrian Arab Republic,February,1.4969286552368273,1.7792797512021785,0.6,0.9
Syrian Arab Republic,January,0.9465463465077407,1.147711047258236,0.1,0.9
Syrian Arab Republic,July,0.5057862812011104,0.7121229202899462,0.01,0.85
Syrian Arab Republic,June,0.9557837205448495,1.3193460968419384,0.05,0.85
Syrian Arab Republic,Summer,0.5747409481881968,0.7719365240633115,0.3,0.85
Syrian Arab Republic,March,1.3389231076088735,1.63969746401874,0.6,0.9
Syrian Arab Republic,Spring,0.8351753275067203,1.0758977278914372,0.6,0.9
Syrian Arab Republic,May,0.45892617342718367,0.6376081809133851,0.3,0.9
Syrian Arab Republic,Meteorological year,0.2862051070716575,0.4267253097913103,0.6,0.9
Syrian Arab Republic,November,0.6458206570330981,0.7484021846083048,0.6,0.9
Syrian Arab Republic,October,0.9170511082705991,1.0002689075684696,0.1,0.85
Syrian Arab Republic,September,1.129579028264512,1.389022242719379,0.01,0.9
Syrian Arab Republic,Autumn,0.6803886164394122,0.7933109258875971,0.6,0.9
Thailand,April,0.822373996920082,1.1595462256111662,0.6,0.85
Thailand,August,0.2534331027809587,0.2917401604597544,0.1,0.85
Thailand,December,0.7516331767138268,0.9894626807835629,0.6,0.85
Thailand,Winter,0.6281368280184353,0.8144199521323838,0.5,0.85
Thailand,February,0.8931931638358961,0.9172237006895249,0.3,0.9
Thailand,January,0.7414938212441543,1.0077591113117468,0.3,0.9
Thailand,July,0.32126863288395086,0.4008923473039417,0.4,0.9
Thailand,June,0.36416837038476063,0.4910495845819381,0.01,0.85
Thailand,Summer,0.2607956311484114,0.33303777834198134,0.1,0.9
Thailand,March,0.5276010817402557,0.5867579326955871,0.3,0.9
Thailand,Spring,0.6973028015476389,0.8638852398984392,0.01,0.9
Thailand,May,0.8717878697668273,1.0452932101780656,0.5,0.85
Thailand,Meteorological year,0.3547411165358357,0.43425527855050217,0.01,0.85
Thailand,November,0.7005621109730574,0.7992432453918156,0.6,0.9
Thailand,October,0.4870890115086819,0.5422472864584131,0.6,0.9
Thailand,September,0.3313513496491473,0.3775150085094546,0.01,0.9
Thailand,Autumn,0.47885857418507555,0.499900783451171,0.6,0.9
Togo,April,0.2565186353500977,0.30512706902934306,0.1,0.85
Togo,August,0.3316588298139001,0.3581140027334089,0.1,0.9
Togo,December,0.40485951951791205,0.5898217649809909,0.05,0.85
Togo,Winter,0.2248152670403781,0.25979724786031366,0.6,0.85
Togo,February,0.22465719532146025,0.2740404395855586,0.05,0.9
Togo,January,0.6064937163798884,0.6362697162311173,0.6,0.85
Togo,July,0.20031071168700662,0.22159731163926058,0.6,0.85
Togo,June,0.17558005312415412,0.24402558338814218,0.5,0.85
Togo,Summer,0.1901034435209392,0.22416191839088206,0.6,0.9
Togo,March,0.26200797630772193,0.3338792605389352,0.3,0.9
Togo,Spring,0.15921741135082454,0.1658524689227645,0.05,0.9
Togo,May,0.2218045646593031,0.3064848328809651,0.01,0.85
Togo,Meteorological year,0.11741519206968061,0.13475635309100337,0.6,0.9
Togo,November,0.2901023056750302,0.3967477782119012,0.6,0.9
Togo,October,0.4135591853544811,0.43513621804552016,0.6,0.9
Togo,September,0.16243958246598633,0.18900355108880984,0.6,0.9
Togo,Autumn,0.2566590984746939,0.28436682167400207,0.6,0.9
Tonga,April,0.3294071182599872,0.48372602261511133,0.1,0.9
Tonga,August,0.4321340368561495,0.5557286389857043,0.6,0.85
Tonga,December,0.34198517714472615,0.38971558719654303,0.05,0.85
Tonga,Winter,0.35766466159467525,0.4639855231577221,0.1,0.85
Tonga,February,0.4071651759149401,0.5269102594519715,0.1,0.9
Tonga,January,0.7003258554441819,0.785475355875294,0.1,0.9
Tonga,July,0.3346260272540034,0.45254807923958806,0.4,0.9
Tonga,June,0.2806675518502582,0.3506325756231014,0.5,0.9
Tonga,Summer,0.3097874546108194,0.43724877232553633,0.4,0.85
Tonga,March,0.4335451812552456,0.4829234688946236,0.01,0.85
Tonga,Spring,0.23351568212133378,0.2564058234960447,0.6,0.85
Tonga,May,0.2356515653579018,0.3248658929896694,0.3,0.9
Tonga,Meteorological year,0.23162607521814638,0.2999989611081193,0.6,0.85
Tonga,November,0.18793932774333344,0.21194303026125988,0.01,0.9
Tonga,October,0.45665650841270605,0.5325726836515217,0.01,0.85
Tonga,September,0.25588975564537236,0.3327774545733945,0.6,0.9
Tonga,Autumn,0.2792368470004854,0.3265698512937844,0.6,0.85
Tunisia,April,0.7198020076798314,0.8460033058113424,0.05,0.9
Tunisia,August,0.741093665716544,1.048442125213682,0.4,0.9
Tunisia,December,0.7673532227489931,0.9286542868820282,0.4,0.9
Tunisia,Winter,0.621724085081906,0.7206311274869507,0.3,0.85
Tunisia,February,1.3964244725136032,1.5060922014892273,0.3,0.85
Tunisia,January,1.2947918895114519,1.3730618654117106,0.4,0.85
Tunisia,July,0.7221271802015942,0.8529213057274795,0.01,0.85
Tunisia,June,0.7200210401544744,0.8596611699932037,0.6,0.85
Tunisia,Summer,0.5515610518635079,0.6038884561426369,0.6,0.9
Tunisia,March,0.8668773087278718,1.0086661942968733,0.01,0.85
Tunisia,Spring,0.45230062378702307,0.5754200875804862,0.01,0.9
Tunisia,May,0.9019789466449794,1.0569265477714491,0.4,0.9
Tunisia,Meteorological year,0.29951925272784,0.31549804793235386,0.6,0.9
Tunisia,November,0.8548031355454763,0.9828075132909629,0.01,0.85
Tunisia,October,1.229416319059786,1.5485531517776443,0.6,0.85
Tunisia,September,0.6200879629567544,0.8181878031106485,0.01,0.9
Tunisia,Autumn,0.6945063073960056,0.8464147579490104,0.6,0.9
Turkey,April,1.5209544699696425,1.705256648947251,0.01,0.85
Turkey,August,1.3386791445250734,2.5194555434021026,0.3,0.85
Turkey,December,2.0429663847159336,2.242422145364611,0.1,0.85
Turkey,Winter,1.4091466058978979,1.5654752526512006,0.6,0.85
Turkey,February,2.2415560063151316,2.6330571318472242,0.01,0.85
Turkey,January,1.2731762732191294,1.5054838355829594,0.3,0.85
Turkey,July,0.3647424774660364,0.5158815260512503,0.1,0.9
Turkey,June,1.1163700210306027,1.649563523231719,0.01,0.9
Turkey,Summer,0.7589004393412527,1.4689793400774045,0.3,0.85
Turkey,March,1.3351166164017052,1.7362519162500298,0.6,0.9
Turkey,Spring,0.8222002460042267,1.1656341068475569,0.5,0.85
Turkey,May,0.5775616179081554,0.7510267463370589,0.4,0.85
Turkey,Meteorological year,0.4673530964649894,0.5984124600286354,0.6,0.9
Turkey,November,0.812214437529747,1.0314625697332405,0.6,0.9
Turkey,October,0.8688008712916934,1.0978422880819998,0.4,0.85
Turkey,September,1.039722578630894,1.3911728437669968,0.05,0.85
Turkey,Autumn,0.7286452544396805,0.855063739009895,0.6,0.9
Uganda,April,1.0235806011906776,1.1361611546799324,0.6,0.85
Uganda,August,0.4978480803686341,0.6159285983644045,0.01,0.85
Uganda,December,0.22792254826289693,0.27956660587314286,0.5,0.85
Uganda,Winter,0.13565467928986952,0.15617676140042552,0.3,0.9
Uganda,February,0.22419748248832086,0.3151389671740758,0.3,0.9
Uganda,January,0.20693543431834105,0.31611064000035055,0.4,0.85
Uganda,July,0.6243598557651816,0.6346771737326783,0.6,0.85
Uganda,June,0.40509653946662355,0.4827226857375224,0.5,0.85
Uganda,Summer,0.3527330626277025,0.4181805847822004,0.6,0.9
Uganda,March,0.6328762151527308,0.7451099649469604,0.3,0.9
Uganda,Spring,0.5431982028076551,0.6509775539556341,0.6,0.9
Uganda,May,0.4161416542843475,0.4718213482110491,0.6,0.85
Uganda,Meteorological year,0.1598234032524963,0.2139522751228611,0.6,0.9
Uganda,November,0.29029317512985325,0.37137248385893296,0.1,0.9
Uganda,October,0.3319099956114404,0.37198480161911607,0.01,0.9
Uganda,September,0.5931672479184099,0.7574747607769274,0.01,0.85
Uganda,Autumn,0.2785516765880662,0.34434254760521465,0.01,0.9
United Arab Emirates,April,0.9685444259264374,1.0253902500099097,0.6,0.85
United Arab Emirates,August,0.2414296842723516,0.2870611124014334,0.4,0.85
United Arab Emirates,December,0.6907453894130294,0.8782690432911717,0.5,0.85
United Arab Emirates,Winter,0.44680053051133,0.49948502725510774,0.6,0.85
United Arab Emirates,February,0.8775443503096511,1.0548725821254272,0.05,0.85
United Arab Emirates,January,0.7708877435713636,0.9895582618545323,0.6,0.9
United Arab Emirates,July,0.44453680171554066,0.5041259731314127,0.6,0.85
United Arab Emirates,June,0.5501170423518611,0.6688263693820948,0.4,0.85
United Arab Emirates,Summer,0.2762178332171355,0.31086800443598545,0.6,0.9
United Arab Emirates,March,0.5885197491544826,0.9287608023360494,0.5,0.9
United Arab Emirates,Spring,0.5084140955241657,0.6553472937303761,0.6,0.85
United Arab Emirates,May,0.48842974666600525,0.5720262006396616,0.01,0.85
United Arab Emirates,Meteorological year,0.2626597249371714,0.26916767481284903,0.6,0.9
United Arab Emirates,November,0.42966725304331427,0.5171187301642447,0.6,0.85
United Arab Emirates,October,0.6333601382828373,0.6816260174325537,0.6,0.85
United Arab Emirates,September,0.30187154690060414,0.39822510447532894,0.6,0.9
United Arab Emirates,Autumn,0.2704347599002156,0.3070296456699947,0.6,0.9
United Kingdom,April,0.5755661583270458,0.8206807154748677,0.5,0.85
United Kingdom,August,0.5397440910892848,0.692308635187615,0.6,0.9
United Kingdom,December,1.268502148546094,1.7000534636157967,0.1,0.85
United Kingdom,Winter,0.8171185595131583,0.8709666485842733,0.4,0.9
United Kingdom,February,1.0764307074218435,1.2025510622660804,0.05,0.9
United Kingdom,January,0.3626755628979559,0.44506838123210674,0.01,0.9
United Kingdom,July,0.7662060769976957,0.8551714344402677,0.3,0.85
United Kingdom,June,0.7170345093735095,0.8050096507342483,0.6,0.9
United Kingdom,Summer,0.34367447790705824,0.4806784862301395,0.01,0.9
United Kingdom,March,0.9695713491614518,1.1168550004529951,0.05,0.85
United Kingdom,Spring,0.5175188652311449,0.5799835735494194,0.6,0.85
United Kingdom,May,0.8269611780441624,0.8943512984733368,0.1,0.85
United Kingdom,Meteorological year,0.3163271229402454,0.3903437146681923,0.1,0.85
United Kingdom,November,1.079106581170194,1.1443015338997142,0.3,0.85
United Kingdom,October,0.5841438954881047,0.7503358672497719,0.6,0.9
United Kingdom,September,0.7524975947667606,0.861554959313684,0.01,0.9
United Kingdom,Autumn,0.33742368021954866,0.4799561186123644,0.1,0.85
United Republic of Tanzania,April,0.6056544713159484,0.7617403274197843,0.6,0.85
United Republic of Tanzania,August,0.508931990033731,0.5722817003072901,0.6,0.9
United Republic of Tanzania,December,0.32923868237671855,0.3854852934006589,0.6,0.85
United Republic of Tanzania,Winter,0.2248623055946596,0.26205517998930533,0.6,0.85
United Republic of Tanzania,February,0.3522666784677801,0.4134784268851683,0.6,0.9
United Republic of Tanzania,January,0.36489804960669375,0.4639501191932847,0.6,0.85
United Republic of Tanzania,July,0.3278571942462939,0.4041514967791872,0.6,0.9
United Republic of Tanzania,June,0.39123112418683625,0.49011000487349454,0.6,0.9
United Republic of Tanzania,Summer,0.4012407888640223,0.4727007390168474,0.6,0.9
United Republic of Tanzania,March,0.4678609723119354,0.6423116430781503,0.6,0.9
United Republic of Tanzania,Spring,0.3963744675245347,0.5474338891907892,0.6,0.9
United Republic of Tanzania,May,0.5062175064016687,0.605401329101758,0.6,0.85
United Republic of Tanzania,Meteorological year,0.2086534409798588,0.26713814598602736,0.6,0.9
United Republic of Tanzania,November,0.22580172699711767,0.2646386865056863,0.6,0.85
United Republic of Tanzania,October,0.32117741965039187,0.3843381338812927,0.6,0.9
United Republic of Tanzania,September,0.4042770546491119,0.4295328358531572,0.6,0.85
United Republic of Tanzania,Autumn,0.18524036897695453,0.20364464827995693,0.6,0.85
United States Virgin Islands,April,0.2518772649370722,0.28389395212228513,0.05,0.85
United States Virgin Islands,August,0.15565852190148347,0.17557984979085545,0.1,0.85
United States Virgin Islands,December,0.5162194428830347,0.621472238377924,0.6,0.85
United States Virgin Islands,Winter,0.25718772179463456,0.30250827870829305,0.6,0.85
United States Virgin Islands,February,0.39298352343596915,0.42790400096717013,0.6,0.85
United States Virgin Islands,January,0.2808858429113379,0.3140150021659788,0.6,0.85
United States Virgin Islands,July,0.2400456876212124,0.25820410397143456,0.6,0.85
United States Virgin Islands,June,0.17690625031271126,0.20019929304479325,0.01,0.9
United States Virgin Islands,Summer,0.1095042153266596,0.14506833749159243,0.6,0.9
United States Virgin Islands,March,0.20393070623558232,0.25937073417007966,0.6,0.9
United States Virgin Islands,Spring,0.18336371571290122,0.2172476230492226,0.6,0.85
United States Virgin Islands,May,0.27437263558641917,0.3152212260611557,0.4,0.9
United States Virgin Islands,Meteorological year,0.13614465715739368,0.15990765995926193,0.6,0.85
United States Virgin Islands,November,0.3007655496012953,0.43147275930606105,0.1,0.85
United States Virgin Islands,October,0.26697966805475054,0.32261410969083154,0.05,0.85
United States Virgin Islands,September,0.15500134249620742,0.1878969539515092,0.6,0.85
United States Virgin Islands,Autumn,0.1937811327987218,0.21530403755392372,0.6,0.85
United States of America,April,0.7658194126138623,0.8769308743006584,0.1,0.85
United States of America,August,0.3501919197006654,0.41569452779406896,0.01,0.9
United States of America,December,1.230587196466547,1.3754351981310966,0.4,0.9
United States of America,Winter,0.6913220315049933,0.8756051303103053,0.3,0.85
United States of America,February,1.4284524189691485,1.588154905767462,0.3,0.85
United States of America,January,0.3021476024190985,0.38169364082102075,0.05,0.9
United States of America,July,0.4124133410491549,0.47056952819773906,0.6,0.85
United States of America,June,0.5095147633347493,0.5668370460390436,0.5,0.85
United States of America,Summer,0.22294083745342438,0.31770256197854985,0.5,0.9
United States of America,March,0.8257169694052959,1.1221844012841384,0.5,0.9
United States of America,Spring,0.42133507260214215,0.5264750233247336,0.1,0.85
United States of America,May,0.4959669734717888,0.7539890403008087,0.3,0.9
United States of America,Meteorological year,0.4679750436578769,0.5857642927607095,0.6,0.9
United States of America,November,1.07098020411034,1.217823208516122,0.05,0.9
United States of America,October,0.9821158468225274,1.0962505569481449,0.6,0.85
United States of America,September,0.5135173563229732,0.6431183500272167,0.6,0.85
United States of America,Autumn,0.5224485655345253,0.7335571306960392,0.5,0.9
Uruguay,April,0.8789450618010259,1.5388655238926645,0.1,0.9
Uruguay,August,1.5034708261624792,1.6765646406998342,0.1,0.85
Uruguay,December,0.5157854896584149,0.6563200816225035,0.4,0.85
Uruguay,Winter,0.6050781618825436,0.6465628003991075,0.1,0.85
Uruguay,February,0.5804706171994841,0.8019595257639013,0.5,0.9
Uruguay,January,0.44662677729546313,0.4904696344057585,0.6,0.85
Uruguay,July,1.1590792210833525,1.6544078879438575,0.05,0.9
Uruguay,June,1.658399780958393,1.8401207104651858,0.01,0.9
Uruguay,Summer,1.1868891286858654,1.410040400667609,0.4,0.9
Uruguay,March,0.8388784630045407,0.9885058565876604,0.6,0.85
Uruguay,Spring,0.7959196039081671,0.9538364543826088,0.1,0.85
Uruguay,May,1.3020094848078496,1.4231643974859631,0.4,0.85
Uruguay,Meteorological year,0.45178051230227473,0.5100359158903437,0.05,0.9
Uruguay,November,0.6447814863328534,0.754895468903924,0.6,0.9
Uruguay,October,0.8906774016389783,1.149231264536326,0.01,0.85
Uruguay,September,1.175180633612922,1.3992141997526526,0.01,0.85
Uruguay,Autumn,0.6396695636060445,0.7526286925205212,0.3,0.85
Venezuela (Bolivarian Republic of),April,0.28476979577438405,0.3872844426777844,0.3,0.9
Venezuela (Bolivarian Republic of),August,0.18942811885995847,0.23740274322543023,0.5,0.9
Venezuela (Bolivarian Republic of),December,0.2867702917708064,0.3200879839807646,0.6,0.9
Venezuela (Bolivarian Republic of),Winter,0.3333069283129015,0.4427058657109398,0.1,0.85
Venezuela (Bolivarian Republic of),February,0.5059024114259739,0.7615490619422262,0.6,0.9
Venezuela (Bolivarian Republic of),January,0.3685077281012534,0.5181653229581681,0.6,0.9
Venezuela (Bolivarian Republic of),July,0.17486745511915677,0.21809076206648267,0.6,0.85
Venezuela (Bolivarian Republic of),June,0.24686990427263936,0.291511007776872,0.3,0.9
Venezuela (Bolivarian Republic of),Summer,0.14596918091073727,0.19854185502353236,0.6,0.85
Venezuela (Bolivarian Republic of),March,0.5372862154573658,0.6494341678041369,0.01,0.85
Venezuela (Bolivarian Republic of),Spring,0.34046119108909007,0.3541840013000879,0.05,0.9
Venezuela (Bolivarian Republic of),May,0.3156325840987964,0.3924559256587846,0.3,0.9
Venezuela (Bolivarian Republic of),Meteorological year,0.19286880109232593,0.22385201275942557,0.6,0.85
Venezuela (Bolivarian Republic of),November,0.22122887584398207,0.2946978747936543,0.6,0.85
Venezuela (Bolivarian Republic of),October,0.23703885376512415,0.37323814203638905,0.1,0.9
Venezuela (Bolivarian Republic of),September,0.29433369019675565,0.3689282600409377,0.6,0.85
Venezuela (Bolivarian Republic of),Autumn,0.14785108364349805,0.2231421707091898,0.5,0.9
Viet Nam,April,0.6305545753594356,0.8523214289515475,0.3,0.85
Viet Nam,August,0.43085539082384644,0.49446964739278876,0.01,0.9
Viet Nam,December,0.8287080696669048,0.9024418574802077,0.1,0.85
Viet Nam,Winter,0.8059025735659651,0.9304921879301498,0.6,0.9
Viet Nam,February,1.185943834121827,1.406047932141484,0.5,0.9
Viet Nam,January,0.7891685942213487,0.9250383490982436,0.01,0.85
Viet Nam,July,0.384239284043206,0.4829940802332298,0.01,0.85
Viet Nam,June,0.4911220919680142,0.6200866540132819,0.1,0.9
Viet Nam,Summer,0.38168990198435293,0.504667402844497,0.4,0.85
Viet Nam,March,0.5810551101290673,0.7007876413611479,0.1,0.85
Viet Nam,Spring,0.5486517184005671,0.7053883382043061,0.01,0.9
Viet Nam,May,0.8519345433140587,1.0079248641259455,0.4,0.9
Viet Nam,Meteorological year,0.4272716003405612,0.5147586792002409,0.6,0.85
Viet Nam,November,0.6730043888701219,0.8295968399649247,0.6,0.85
Viet Nam,October,0.5193388457077882,0.6265145742333944,0.6,0.85
Viet Nam,September,0.6996060801777076,0.7550543334766192,0.01,0.85
Viet Nam,Autumn,0.5810160364470925,0.6285877175866261,0.6,0.85
Wallis and Futuna Islands,April,0.43120393916929123,0.5340055956600154,0.5,0.85
Wallis and Futuna Islands,August,0.37068847969005,0.4163779028765724,0.01,0.85
Wallis and Futuna Islands,December,0.2291110766754911,0.29814508320015687,0.1,0.9
Wallis and Futuna Islands,Winter,0.4118697449519624,0.4828017316746878,0.6,0.9
Wallis and Futuna Islands,February,0.42223570129273424,0.5585426094725375,0.6,0.9
Wallis and Futuna Islands,January,0.7177653798706838,0.7667217537112365,0.6,0.85
Wallis and Futuna Islands,July,0.2220086392198004,0.32912607875545435,0.3,0.85
Wallis and Futuna Islands,June,0.20398334078624245,0.2522179327733537,0.1,0.85
Wallis and Futuna Islands,Summer,0.24628738248149865,0.26931337360578317,0.05,0.9
Wallis and Futuna Islands,March,0.33608144313655947,0.42181242665636876,0.6,0.85
Wallis and Futuna Islands,Spring,0.26789143427543055,0.33776868317103564,0.5,0.85
Wallis and Futuna Islands,May,0.43805986086698373,0.46601594165979787,0.01,0.9
Wallis and Futuna Islands,Meteorological year,0.15371751295714134,0.19348661637247738,0.4,0.85
Wallis and Futuna Islands,November,0.3408224473335542,0.39482523936132397,0.05,0.9
Wallis and Futuna Islands,October,0.26079028718281433,0.35376305056685486,0.6,0.85
Wallis and Futuna Islands,September,0.2184046901449511,0.26836791361395335,0.05,0.85
Wallis and Futuna Islands,Autumn,0.19999522983435702,0.22892598933015376,0.3,0.9
Western Africa,April,0.37084311225912997,0.46175468465027825,0.6,0.9
Western Africa,August,0.12485655585285181,0.14520609370952672,0.1,0.85
Western Africa,December,0.5886383039754092,0.7633107211569278,0.01,0.85
Western Africa,Winter,0.34505581432317106,0.3738909431550955,0.3,0.9
Western Africa,February,0.46924440591431105,0.605174856583775,0.3,0.85
Western Africa,January,0.4889046419302967,0.5232434918382556,0.01,0.9
Western Africa,July,0.2639513534821771,0.341840380945562,0.6,0.9
Western Africa,June,0.22907043931836868,0.3119354057538972,0.01,0.9
Western Africa,Summer,0.1698663047584912,0.2269791069900484,0.05,0.9
Western Africa,March,0.47869475482836993,0.6280567251910758,0.3,0.9
Western Africa,Spring,0.31571113394778855,0.3578070166051075,0.6,0.9
Western Africa,May,0.29624527247632454,0.3603655772138683,0.05,0.9
Western Africa,Meteorological year,0.11334387229521252,0.12486235113572317,0.01,0.85
Western Africa,November,0.3322871935494392,0.410080084588996,0.6,0.9
Western Africa,October,0.2124042559774529,0.2663793317954196,0.6,0.9
Western Africa,September,0.286089611541715,0.3235118505900552,0.05,0.9
Western Africa,Autumn,0.1752388831939716,0.2183164918773964,0.05,0.85
Western Asia,April,0.828602525047634,0.9258976324234488,0.01,0.9
Western Asia,August,0.5096407905344638,0.6046300569442861,0.01,0.85
Western Asia,December,1.0741433368862487,1.1602517046237937,0.1,0.85
Western Asia,Winter,0.6850919137779231,0.7825221846576943,0.6,0.85
Western Asia,February,0.9581498708926833,1.2382453392012962,0.6,0.85
Western Asia,January,0.7613096514122867,0.8993930743261694,0.6,0.9
Western Asia,July,0.39481953187668667,0.5552117261956151,0.3,0.85
Western Asia,June,0.5174811988777009,0.7125585370985276,0.3,0.85
Western Asia,Summer,0.3620193745209903,0.4185135554659649,0.3,0.9
Western Asia,March,1.018326256669572,1.3379171049174146,0.6,0.9
Western Asia,Spring,0.564071089412928,0.6694106226169625,0.6,0.85
Western Asia,May,0.15993140486651033,0.22302992708591923,0.6,0.9
Western Asia,Meteorological year,0.1600495408466375,0.22781727655670397,0.6,0.85
Western Asia,November,0.5036737798543381,0.5728371755880304,0.6,0.85
Western Asia,October,0.5769768956994935,0.78512303003349,0.6,0.9
Western Asia,September,0.7312021105102674,0.8716757995953776,0.6,0.9
Western Asia,Autumn,0.572493663588243,0.6520768118128334,0.6,0.85
Western Europe,April,0.9733117663351344,1.2789129408552884,0.1,0.9
Western Europe,August,0.7956038418632051,1.049333660194156,0.01,0.85
Western Europe,December,1.2592506656224478,1.7861431503832983,0.01,0.85
Western Europe,Winter,0.8813981180857126,1.2043231951359352,0.05,0.9
Western Europe,February,2.026746983944839,2.145280780302428,0.5,0.9
Western Europe,January,1.519374388211034,1.7414818328524462,0.01,0.85
Western Europe,July,0.634030810745465,0.8868168346885702,0.01,0.85
Western Europe,June,0.694347086106201,0.9129039132091973,0.5,0.85
Western Europe,Summer,0.7176996146656863,0.8075419445584627,0.6,0.85
Western Europe,March,1.2506084002338083,1.4154197917382378,0.05,0.9
Western Europe,Spring,0.5269903133424326,0.5613024090799488,0.1,0.85
Western Europe,May,1.093189602387964,1.2800663774470522,0.05,0.9
Western Europe,Meteorological year,0.47441045609686056,0.5281907000919303,0.01,0.9
Western Europe,November,0.9637308349921,1.3092110385890328,0.3,0.9
Western Europe,October,1.2511849568368991,1.3081528351160512,0.6,0.9
Western Europe,September,1.2973281474587697,1.4383366961075457,0.6,0.9
Western Europe,Autumn,0.532345338374998,0.7567568130274296,0.6,0.85
Western Sahara,April,0.7278525801503023,0.844842377567651,0.01,0.85
Western Sahara,August,0.3560862280271224,0.4694237745775347,0.01,0.9
Western Sahara,December,0.7827172447422264,0.8653076601563854,0.01,0.85
Western Sahara,Winter,0.6228374835491016,0.7620088290808235,0.1,0.85
Western Sahara,February,0.7446189075899752,0.8755492049147584,0.3,0.9
Western Sahara,January,0.5622089601384616,0.9281119593922423,0.4,0.85
Western Sahara,July,0.4977980924745293,0.5801047403038977,0.3,0.85
Western Sahara,June,0.5356750696533639,0.6211737556055885,0.6,0.85
Western Sahara,Summer,0.3999693514899552,0.4818284002544291,0.3,0.85
Western Sahara,March,1.089519489250588,1.2991886908258703,0.01,0.85
Western Sahara,Spring,0.5149819046560434,0.6324455352085929,0.3,0.9
Western Sahara,May,0.957495815471502,1.0914513193026987,0.6,0.9
Western Sahara,Meteorological year,0.3029483228841779,0.4141915310542603,0.1,0.9
Western Sahara,November,0.5788603852205337,0.7011676346052167,0.5,0.85
Western Sahara,October,0.6103961979002148,0.6620248633032478,0.1,0.9
Western Sahara,September,0.21978487426617577,0.23429020056958563,0.3,0.85
Western Sahara,Autumn,0.3527646507515449,0.40267377568874474,0.01,0.9
World,April,0.19920775072957186,0.2789567297139501,0.6,0.9
World,August,0.12684379717553304,0.16205969561236847,0.4,0.85
World,December,0.4988399386100146,0.5904458349444338,0.01,0.9
World,Winter,0.3651620913439489,0.4581369943312728,0.4,0.9
World,February,0.5169024650174511,0.6617905995670317,0.3,0.9
World,January,0.2703808979254924,0.3294742456460594,0.01,0.85
World,July,0.09487005376510875,0.12522555418122305,0.6,0.9
World,June,0.12949241953543086,0.1397582571759055,0.6,0.9
World,Summer,0.0864881149106339,0.10217166728406475,0.6,0.9
World,March,0.43895749207377416,0.56459419819259,0.6,0.9
World,Spring,0.20942573506857307,0.2930519124531474,0.5,0.9
World,May,0.07811937943600485,0.10104124138788384,0.6,0.9
World,Meteorological year,0.16969773366021337,0.2048023872215781,0.5,0.9
World,November,0.20822055452313604,0.24989864525560362,0.1,0.9
World,October,0.18068001641693932,0.20669793182277693,0.3,0.9
World,September,0.13053759199536039,0.15079479805093418,0.6,0.85
World,Autumn,0.14107241483913774,0.18149324869029637,0.1,0.85
Zimbabwe,April,0.5863186132613359,0.6837055276953169,0.1,0.85
Zimbabwe,August,0.7490388819491418,1.028346886340735,0.5,0.9
Zimbabwe,December,0.8678775892337187,1.1575593290748363,0.4,0.9
Zimbabwe,Winter,0.5318950464413758,0.7543739620638072,0.3,0.85
Zimbabwe,February,0.7565685333770299,1.0339627916775447,0.1,0.85
Zimbabwe,January,0.3957935885288946,0.4832826036819097,0.3,0.85
Zimbabwe,July,0.6142471045305119,0.7595020930541502,0.3,0.9
Zimbabwe,June,0.2248033621996833,0.25534299224481155,0.05,0.9
Zimbabwe,Summer,0.2580710619273674,0.3399696230908687,0.05,0.9
Zimbabwe,March,0.7486167990602975,0.8566391195346327,0.01,0.85
Zimbabwe,Spring,0.4506490056455617,0.527392384448368,0.01,0.85
Zimbabwe,May,0.5162546247844901,0.5864869058409864,0.5,0.9
Zimbabwe,Meteorological year,0.41401073822302387,0.474895002338833,0.4,0.85
Zimbabwe,November,0.9158302832785655,1.0595924935565282,0.3,0.85
Zimbabwe,October,1.1450004416770936,1.2808207097635727,0.6,0.85
Zimbabwe,September,0.6904794317029532,0.9631460183187799,0.4,0.9
Zimbabwe,Autumn,0.5393228186825834,0.6315055644161522,0.01,0.9
