Area,Category,Validation_MAE,Validation_RMSE,Best_CPS,Best_CPR,Model_Filepath
Afghanistan,April,0.3029187278293616,0.3572909943636054,0.3,0.85,pickled_models\Prophet_Afghanistan_April.pkl
Afghanistan,August,0.5467230786686742,0.6174838426787047,0.4,0.85,pickled_models\Prophet_Afghanistan_August.pkl
Afghanistan,December,0.9313355832878748,1.3361967517743865,0.05,0.85,pickled_models\Prophet_Afghanistan_December.pkl
Afghanistan,Winter,0.9656665196338068,0.9854140549948088,0.4,0.9,pickled_models\Prophet_Afghanistan_Winter.pkl
Afghanistan,February,1.850079803633789,2.109201566032405,0.01,0.9,pickled_models\Prophet_Afghanistan_February.pkl
Afghanistan,January,1.3685140738602046,1.5551435787549688,0.6,0.85,pickled_models\Prophet_Afghanistan_January.pkl
Afghanistan,July,0.5233484836303336,0.6748172807932175,0.4,0.85,pickled_models\Prophet_Afghanistan_July.pkl
Afghanistan,June,0.7034127959319082,0.7995200745603399,0.3,0.85,pickled_models\Prophet_Afghanistan_June.pkl
Afghanistan,Summer,0.1350978671660593,0.2269972824592013,0.6,0.9,pickled_models\Prophet_Afghanistan_Summer.pkl
Afghanistan,March,1.3576469604434116,1.6845666289510777,0.01,0.9,pickled_models\Prophet_Afghanistan_March.pkl
Afghanistan,Spring,0.6629959361110074,0.752134367612004,0.3,0.9,pickled_models\Prophet_Afghanistan_Spring.pkl
Afghanistan,May,1.007208872832561,1.1135195406990064,0.01,0.85,pickled_models\Prophet_Afghanistan_May.pkl
Afghanistan,Meteorological year,0.3192217676947251,0.3688920754117592,0.6,0.85,pickled_models\Prophet_Afghanistan_Meteorological_year.pkl
Afghanistan,November,1.619162491007159,1.869283543198885,0.6,0.9,pickled_models\Prophet_Afghanistan_November.pkl
Afghanistan,October,0.5965227901409362,0.7524317080940813,0.3,0.85,pickled_models\Prophet_Afghanistan_October.pkl
Afghanistan,September,0.8588095295103392,1.0192207873093246,0.01,0.9,pickled_models\Prophet_Afghanistan_September.pkl
Afghanistan,Autumn,0.5349606938153074,0.5700266916723327,0.01,0.85,pickled_models\Prophet_Afghanistan_Autumn.pkl
Africa,April,0.2478236915950428,0.3158611966418137,0.1,0.9,pickled_models\Prophet_Africa_April.pkl
Africa,August,0.1857527105213845,0.2516058404016464,0.05,0.85,pickled_models\Prophet_Africa_August.pkl
Africa,December,0.2232796111210394,0.2651743728191412,0.6,0.85,pickled_models\Prophet_Africa_December.pkl
Africa,Winter,0.1307561763669147,0.1558323457345864,0.3,0.85,pickled_models\Prophet_Africa_Winter.pkl
Africa,February,0.1747382582666203,0.2281269678084684,0.3,0.85,pickled_models\Prophet_Africa_February.pkl
Africa,January,0.277367417642015,0.3796752913315189,0.4,0.9,pickled_models\Prophet_Africa_January.pkl
Africa,July,0.2672300789641135,0.29079853786264,0.6,0.9,pickled_models\Prophet_Africa_July.pkl
Africa,June,0.1606852221590796,0.1920117508308741,0.6,0.85,pickled_models\Prophet_Africa_June.pkl
Africa,Summer,0.188329507608502,0.2165036580594589,0.6,0.9,pickled_models\Prophet_Africa_Summer.pkl
Africa,March,0.2717992545061688,0.3069758733017191,0.3,0.9,pickled_models\Prophet_Africa_March.pkl
Africa,Spring,0.1462768567630552,0.1992464442331649,0.3,0.9,pickled_models\Prophet_Africa_Spring.pkl
Africa,May,0.2289695104892327,0.2569274959810373,0.6,0.9,pickled_models\Prophet_Africa_May.pkl
Africa,Meteorological year,0.0958261226128103,0.1280451583417373,0.6,0.85,pickled_models\Prophet_Africa_Meteorological_year.pkl
Africa,November,0.2851934555461831,0.3744140721964448,0.6,0.9,pickled_models\Prophet_Africa_November.pkl
Africa,October,0.3496397131566746,0.4528838217945515,0.6,0.9,pickled_models\Prophet_Africa_October.pkl
Africa,September,0.1945558967340788,0.2240102546171658,0.05,0.85,pickled_models\Prophet_Africa_September.pkl
Africa,Autumn,0.2310906605194297,0.2828659661479798,0.6,0.9,pickled_models\Prophet_Africa_Autumn.pkl
Albania,April,1.204657419635118,1.5732954060366284,0.6,0.9,pickled_models\Prophet_Albania_April.pkl
Albania,August,0.7082938926852663,0.8047455427599497,0.6,0.85,pickled_models\Prophet_Albania_August.pkl
Albania,December,0.7951749517235265,0.9969669097359746,0.01,0.9,pickled_models\Prophet_Albania_December.pkl
Albania,Winter,0.97439002245303,1.1857355383061046,0.3,0.85,pickled_models\Prophet_Albania_Winter.pkl
Albania,February,2.030978751576592,2.5271564600452225,0.1,0.85,pickled_models\Prophet_Albania_February.pkl
Albania,January,1.6445355522352918,2.028509194170837,0.01,0.9,pickled_models\Prophet_Albania_January.pkl
Albania,July,0.8937802807018658,1.0799264226329943,0.1,0.9,pickled_models\Prophet_Albania_July.pkl
Albania,June,0.6679212191404726,0.7919569078001432,0.3,0.9,pickled_models\Prophet_Albania_June.pkl
Albania,Summer,0.6090423942974399,0.6879618108462134,0.6,0.85,pickled_models\Prophet_Albania_Summer.pkl
Albania,March,1.0749084430687852,1.2780616574077677,0.4,0.9,pickled_models\Prophet_Albania_March.pkl
Albania,Spring,0.5230674106913864,0.7580559584881733,0.6,0.9,pickled_models\Prophet_Albania_Spring.pkl
Albania,May,1.3394004772804935,1.5236043018243297,0.3,0.9,pickled_models\Prophet_Albania_May.pkl
Albania,Meteorological year,0.3223770322433236,0.3872658606757978,0.6,0.85,pickled_models\Prophet_Albania_Meteorological_year.pkl
Albania,November,1.025973785225542,1.1738491074874338,0.6,0.85,pickled_models\Prophet_Albania_November.pkl
Albania,October,0.7771275271866563,0.9646048500135136,0.6,0.85,pickled_models\Prophet_Albania_October.pkl
Albania,September,0.9192071303780676,1.1436446451692794,0.6,0.85,pickled_models\Prophet_Albania_September.pkl
Albania,Autumn,0.8149248641050314,1.0115338099933766,0.6,0.85,pickled_models\Prophet_Albania_Autumn.pkl
Algeria,April,0.7723231424240232,0.9302376560400236,0.01,0.85,pickled_models\Prophet_Algeria_April.pkl
Algeria,August,0.5727140463698408,0.6850739741734434,0.6,0.85,pickled_models\Prophet_Algeria_August.pkl
Algeria,December,0.7094035816501175,0.8678272609486337,0.6,0.9,pickled_models\Prophet_Algeria_December.pkl
Algeria,Winter,0.5938594310730764,0.6984452461600206,0.5,0.85,pickled_models\Prophet_Algeria_Winter.pkl
Algeria,February,1.1522887733857132,1.2688643789545004,0.5,0.9,pickled_models\Prophet_Algeria_February.pkl
Algeria,January,1.3737721939121676,1.4646586087121445,0.4,0.85,pickled_models\Prophet_Algeria_January.pkl
Algeria,July,0.6043085804056997,0.745785546605232,0.1,0.9,pickled_models\Prophet_Algeria_July.pkl
Algeria,June,0.5767571559481198,0.7447491278850147,0.05,0.9,pickled_models\Prophet_Algeria_June.pkl
Algeria,Summer,0.3403892914023728,0.4012390605861015,0.6,0.9,pickled_models\Prophet_Algeria_Summer.pkl
Algeria,March,1.1465439201885206,1.4049413214648807,0.1,0.9,pickled_models\Prophet_Algeria_March.pkl
Algeria,Spring,0.3733066846243221,0.5275152247580212,0.1,0.9,pickled_models\Prophet_Algeria_Spring.pkl
Algeria,May,0.9322287702760166,1.0843984004026546,0.6,0.9,pickled_models\Prophet_Algeria_May.pkl
Algeria,Meteorological year,0.3022701570974586,0.3434670150715971,0.01,0.9,pickled_models\Prophet_Algeria_Meteorological_year.pkl
Algeria,November,0.4746019334714125,0.587861257969989,0.05,0.85,pickled_models\Prophet_Algeria_November.pkl
Algeria,October,0.7821549281718108,0.976500001133074,0.01,0.85,pickled_models\Prophet_Algeria_October.pkl
Algeria,September,0.3858032584522141,0.6204595128504629,0.6,0.9,pickled_models\Prophet_Algeria_September.pkl
Algeria,Autumn,0.4965113266337156,0.5726338258737049,0.6,0.85,pickled_models\Prophet_Algeria_Autumn.pkl
Americas,April,0.3110489334487014,0.4343212666888516,0.4,0.9,pickled_models\Prophet_Americas_April.pkl
Americas,August,0.2690717550194494,0.313268235612158,0.6,0.85,pickled_models\Prophet_Americas_August.pkl
Americas,December,0.4904445226379221,0.5731848610237271,0.1,0.85,pickled_models\Prophet_Americas_December.pkl
Americas,Winter,0.523198365581361,0.6143599078601297,0.05,0.9,pickled_models\Prophet_Americas_Winter.pkl
Americas,February,0.994771953883416,1.0308235412475235,0.6,0.9,pickled_models\Prophet_Americas_February.pkl
Americas,January,0.4205111827974955,0.5578564714817784,0.01,0.85,pickled_models\Prophet_Americas_January.pkl
Americas,July,0.1216685114615125,0.1545255575266874,0.4,0.9,pickled_models\Prophet_Americas_July.pkl
Americas,June,0.205652545130704,0.2746788320039289,0.6,0.9,pickled_models\Prophet_Americas_June.pkl
Americas,Summer,0.1670765650537059,0.2081219486951764,0.6,0.85,pickled_models\Prophet_Americas_Summer.pkl
Americas,March,0.4906291651535283,0.7147703930062363,0.1,0.85,pickled_models\Prophet_Americas_March.pkl
Americas,Spring,0.2549847158201072,0.3348292828946408,0.01,0.85,pickled_models\Prophet_Americas_Spring.pkl
Americas,May,0.3467000050063039,0.3683991466723327,0.01,0.85,pickled_models\Prophet_Americas_May.pkl
Americas,Meteorological year,0.2664279633047398,0.3236453888570109,0.4,0.9,pickled_models\Prophet_Americas_Meteorological_year.pkl
Americas,November,0.6579285188696417,0.7739540597603831,0.4,0.9,pickled_models\Prophet_Americas_November.pkl
Americas,October,0.3528725534933991,0.3945903920813658,0.6,0.85,pickled_models\Prophet_Americas_October.pkl
Americas,September,0.2452165238353858,0.2866364631486375,0.6,0.9,pickled_models\Prophet_Americas_September.pkl
Americas,Autumn,0.2867961837292739,0.3711008385965828,0.5,0.9,pickled_models\Prophet_Americas_Autumn.pkl
Andorra,April,0.7448386597573614,0.8458096918186359,0.4,0.9,pickled_models\Prophet_Andorra_April.pkl
Andorra,August,0.5930146769095294,0.8925578768503067,0.01,0.9,pickled_models\Prophet_Andorra_August.pkl
Andorra,December,1.633898740492392,1.9459765788615968,0.05,0.9,pickled_models\Prophet_Andorra_December.pkl
Andorra,Winter,0.8508198934685014,1.062390627028832,0.01,0.85,pickled_models\Prophet_Andorra_Winter.pkl
Andorra,February,1.7100514244456997,1.7882679231576035,0.05,0.85,pickled_models\Prophet_Andorra_February.pkl
Andorra,January,1.657840758508548,1.8246356446731984,0.5,0.9,pickled_models\Prophet_Andorra_January.pkl
Andorra,July,1.059902406658767,1.274411847327436,0.5,0.9,pickled_models\Prophet_Andorra_July.pkl
Andorra,June,0.7275748665319132,0.969441050628122,0.5,0.9,pickled_models\Prophet_Andorra_June.pkl
Andorra,Summer,0.6611762337312618,0.7035740345692609,0.5,0.85,pickled_models\Prophet_Andorra_Summer.pkl
Andorra,March,0.710294427419389,0.9047057534467536,0.6,0.85,pickled_models\Prophet_Andorra_March.pkl
Andorra,Spring,0.5059640085582849,0.5917169456537196,0.6,0.85,pickled_models\Prophet_Andorra_Spring.pkl
Andorra,May,1.039762806391954,1.1497747167836334,0.01,0.85,pickled_models\Prophet_Andorra_May.pkl
Andorra,Meteorological year,0.3467506739612704,0.361664399113641,0.4,0.9,pickled_models\Prophet_Andorra_Meteorological_year.pkl
Andorra,November,1.1510081316296863,1.352788281777863,0.5,0.85,pickled_models\Prophet_Andorra_November.pkl
Andorra,October,0.92851940992535,1.0925225142696473,0.6,0.85,pickled_models\Prophet_Andorra_October.pkl
Andorra,September,1.4769519712434078,1.531000849410612,0.5,0.85,pickled_models\Prophet_Andorra_September.pkl
Andorra,Autumn,0.7280241100512613,0.9179888612845116,0.6,0.9,pickled_models\Prophet_Andorra_Autumn.pkl
Angola,April,0.6051780809803965,0.8186775366820334,0.4,0.9,pickled_models\Prophet_Angola_April.pkl
Angola,August,0.295786087611423,0.3253382375315161,0.05,0.85,pickled_models\Prophet_Angola_August.pkl
Angola,December,0.6214404177034131,0.6759856287548768,0.05,0.85,pickled_models\Prophet_Angola_December.pkl
Angola,Winter,0.4950031689966455,0.6326428772254485,0.5,0.85,pickled_models\Prophet_Angola_Winter.pkl
Angola,February,0.7922780640148543,0.937095171734022,0.3,0.85,pickled_models\Prophet_Angola_February.pkl
Angola,January,0.4796594114710666,0.6039434634796179,0.4,0.85,pickled_models\Prophet_Angola_January.pkl
Angola,July,0.5174739243258172,0.59848062687447,0.01,0.85,pickled_models\Prophet_Angola_July.pkl
Angola,June,0.2980581366447025,0.3409015386027653,0.1,0.85,pickled_models\Prophet_Angola_June.pkl
Angola,Summer,0.2505140252861905,0.3347675116592534,0.05,0.9,pickled_models\Prophet_Angola_Summer.pkl
Angola,March,0.8949101870237216,1.087919404918554,0.01,0.9,pickled_models\Prophet_Angola_March.pkl
Angola,Spring,0.564430885401438,0.7186183475493452,0.01,0.9,pickled_models\Prophet_Angola_Spring.pkl
Angola,May,0.3441336340301668,0.4510300351957289,0.5,0.9,pickled_models\Prophet_Angola_May.pkl
Angola,Meteorological year,0.4156974317239583,0.511820473894191,0.05,0.85,pickled_models\Prophet_Angola_Meteorological_year.pkl
Angola,November,0.4897111330118457,0.5665927588764045,0.1,0.85,pickled_models\Prophet_Angola_November.pkl
Angola,October,0.5185897712514062,0.7082048330175404,0.6,0.9,pickled_models\Prophet_Angola_October.pkl
Angola,September,0.5422672122969862,0.5659905776648568,0.6,0.9,pickled_models\Prophet_Angola_September.pkl
Angola,Autumn,0.4982137906885015,0.5530689979271439,0.4,0.85,pickled_models\Prophet_Angola_Autumn.pkl
Anguilla,April,0.212171500962078,0.2462706739780158,0.1,0.9,pickled_models\Prophet_Anguilla_April.pkl
Anguilla,August,0.153269648315837,0.1734766559816486,0.6,0.85,pickled_models\Prophet_Anguilla_August.pkl
Anguilla,December,0.4662437512764124,0.5765637706229962,0.6,0.85,pickled_models\Prophet_Anguilla_December.pkl
Anguilla,Winter,0.2566986665154912,0.3080961323802958,0.6,0.9,pickled_models\Prophet_Anguilla_Winter.pkl
Anguilla,February,0.3958186294161237,0.4409088793984382,0.6,0.85,pickled_models\Prophet_Anguilla_February.pkl
Anguilla,January,0.3223378249222021,0.3508240491454038,0.6,0.9,pickled_models\Prophet_Anguilla_January.pkl
Anguilla,July,0.1743391343032318,0.2099755886693002,0.6,0.9,pickled_models\Prophet_Anguilla_July.pkl
Anguilla,June,0.1543507963148794,0.1847959501376833,0.4,0.9,pickled_models\Prophet_Anguilla_June.pkl
Anguilla,Summer,0.1225563615347958,0.1358615720734258,0.6,0.85,pickled_models\Prophet_Anguilla_Summer.pkl
Anguilla,March,0.1485102306501013,0.1878108140644938,0.6,0.85,pickled_models\Prophet_Anguilla_March.pkl
Anguilla,Spring,0.1618806579022501,0.2020981307877943,0.01,0.85,pickled_models\Prophet_Anguilla_Spring.pkl
Anguilla,May,0.2891452018779322,0.334245556778471,0.01,0.85,pickled_models\Prophet_Anguilla_May.pkl
Anguilla,Meteorological year,0.129594425327318,0.1573087242971963,0.6,0.9,pickled_models\Prophet_Anguilla_Meteorological_year.pkl
Anguilla,November,0.3546843168494009,0.4643918976019204,0.4,0.85,pickled_models\Prophet_Anguilla_November.pkl
Anguilla,October,0.2886532668048954,0.3449832516909989,0.6,0.85,pickled_models\Prophet_Anguilla_October.pkl
Anguilla,September,0.1517261522607944,0.1681265282441166,0.6,0.85,pickled_models\Prophet_Anguilla_September.pkl
Anguilla,Autumn,0.1969208887902919,0.234444115422273,0.6,0.85,pickled_models\Prophet_Anguilla_Autumn.pkl
Annex I countries,April,0.3044511942430764,0.3990439655701385,0.4,0.85,pickled_models\Prophet_Annex_I_countries_April.pkl
Annex I countries,August,0.1805378882254348,0.2156192337899666,0.01,0.85,pickled_models\Prophet_Annex_I_countries_August.pkl
Annex I countries,December,1.093201593143717,1.227262512506767,0.6,0.9,pickled_models\Prophet_Annex_I_countries_December.pkl
Annex I countries,Winter,0.5920756871555084,0.7741959885671955,0.01,0.9,pickled_models\Prophet_Annex_I_countries_Winter.pkl
Annex I countries,February,0.8922568425498841,1.1627923270441125,0.01,0.85,pickled_models\Prophet_Annex_I_countries_February.pkl
Annex I countries,January,0.3555059953343098,0.4289680364655223,0.05,0.9,pickled_models\Prophet_Annex_I_countries_January.pkl
Annex I countries,July,0.247980902241988,0.2807306969350367,0.05,0.9,pickled_models\Prophet_Annex_I_countries_July.pkl
Annex I countries,June,0.2271954438407058,0.3125536904832766,0.01,0.9,pickled_models\Prophet_Annex_I_countries_June.pkl
Annex I countries,Summer,0.111209076244991,0.1836468113536837,0.05,0.85,pickled_models\Prophet_Annex_I_countries_Summer.pkl
Annex I countries,March,1.0815270595554491,1.1891120984766794,0.05,0.85,pickled_models\Prophet_Annex_I_countries_March.pkl
Annex I countries,Spring,0.4491430177456267,0.5105340869241888,0.6,0.85,pickled_models\Prophet_Annex_I_countries_Spring.pkl
Annex I countries,May,0.2418235626994533,0.2924934618090674,0.4,0.85,pickled_models\Prophet_Annex_I_countries_May.pkl
Annex I countries,Meteorological year,0.2240475779856939,0.2947726898437084,0.6,0.9,pickled_models\Prophet_Annex_I_countries_Meteorological_year.pkl
Annex I countries,November,0.4257594633427565,0.4832954432446746,0.01,0.9,pickled_models\Prophet_Annex_I_countries_November.pkl
Annex I countries,October,0.3298297181219741,0.4188138437182027,0.3,0.9,pickled_models\Prophet_Annex_I_countries_October.pkl
Annex I countries,September,0.2210068314025384,0.2849444733295043,0.05,0.85,pickled_models\Prophet_Annex_I_countries_September.pkl
Annex I countries,Autumn,0.1760929149638212,0.2268115775445112,0.1,0.9,pickled_models\Prophet_Annex_I_countries_Autumn.pkl
Antarctica,April,0.9296745269369194,1.0163525229755492,0.01,0.9,pickled_models\Prophet_Antarctica_April.pkl
Antarctica,August,1.4610596228508126,1.7340927629143177,0.01,0.9,pickled_models\Prophet_Antarctica_August.pkl
Antarctica,December,0.7450058599183103,0.8647096527269831,0.01,0.85,pickled_models\Prophet_Antarctica_December.pkl
Antarctica,Winter,0.6808500496085563,0.811906996840625,0.3,0.9,pickled_models\Prophet_Antarctica_Winter.pkl
Antarctica,February,1.181078739585883,1.428544775423589,0.5,0.85,pickled_models\Prophet_Antarctica_February.pkl
Antarctica,January,0.900762687320814,1.1739141491448075,0.05,0.85,pickled_models\Prophet_Antarctica_January.pkl
Antarctica,July,1.3873120994846315,1.5738298261921644,0.01,0.85,pickled_models\Prophet_Antarctica_July.pkl
Antarctica,June,1.780083646286515,2.362608768443407,0.01,0.85,pickled_models\Prophet_Antarctica_June.pkl
Antarctica,Summer,0.9964399660770564,1.3448946864916875,0.4,0.85,pickled_models\Prophet_Antarctica_Summer.pkl
Antarctica,March,1.2603282615936509,1.4480895070935853,0.01,0.85,pickled_models\Prophet_Antarctica_March.pkl
Antarctica,Spring,0.7238320282996318,0.9007690988295776,0.01,0.85,pickled_models\Prophet_Antarctica_Spring.pkl
Antarctica,May,1.7659627213360565,2.0975473521251904,0.6,0.9,pickled_models\Prophet_Antarctica_May.pkl
Antarctica,Meteorological year,0.3442534907580102,0.4588964089844595,0.3,0.85,pickled_models\Prophet_Antarctica_Meteorological_year.pkl
Antarctica,November,0.5820522630994599,0.6686040985786871,0.6,0.85,pickled_models\Prophet_Antarctica_November.pkl
Antarctica,October,1.6460901912288406,2.054680640695404,0.6,0.9,pickled_models\Prophet_Antarctica_October.pkl
Antarctica,September,1.6851325654841076,1.866103383013827,0.01,0.9,pickled_models\Prophet_Antarctica_September.pkl
Antarctica,Autumn,0.3245039892340227,0.4046067079528448,0.4,0.9,pickled_models\Prophet_Antarctica_Autumn.pkl
Argentina,April,0.9787340894016416,1.230233846347155,0.01,0.9,pickled_models\Prophet_Argentina_April.pkl
Argentina,August,1.1713222445615232,1.4055303602998257,0.3,0.9,pickled_models\Prophet_Argentina_August.pkl
Argentina,December,0.30637818849216,0.3897774758727849,0.01,0.85,pickled_models\Prophet_Argentina_December.pkl
Argentina,Winter,0.483603082798492,0.5509189312069195,0.1,0.85,pickled_models\Prophet_Argentina_Winter.pkl
Argentina,February,0.6076593831286131,0.7791649765825888,0.6,0.85,pickled_models\Prophet_Argentina_February.pkl
Argentina,January,0.3446152197280785,0.4054465619264288,0.6,0.9,pickled_models\Prophet_Argentina_January.pkl
Argentina,July,0.9936917803301434,1.1330918218803414,0.05,0.9,pickled_models\Prophet_Argentina_July.pkl
Argentina,June,0.9436001912577292,1.0491583701429643,0.05,0.9,pickled_models\Prophet_Argentina_June.pkl
Argentina,Summer,0.9070062042083876,1.014587476721696,0.01,0.9,pickled_models\Prophet_Argentina_Summer.pkl
Argentina,March,0.6927686447283182,0.8531966444742055,0.6,0.9,pickled_models\Prophet_Argentina_March.pkl
Argentina,Spring,0.6698303093319787,0.8083363303639238,0.5,0.9,pickled_models\Prophet_Argentina_Spring.pkl
Argentina,May,1.108946874398182,1.193999166352946,0.6,0.9,pickled_models\Prophet_Argentina_May.pkl
Argentina,Meteorological year,0.3606199667154258,0.4086988500774797,0.4,0.9,pickled_models\Prophet_Argentina_Meteorological_year.pkl
Argentina,November,0.4404372675478141,0.5928340221932071,0.3,0.9,pickled_models\Prophet_Argentina_November.pkl
Argentina,October,0.9908991330349108,1.1615153568589396,0.3,0.9,pickled_models\Prophet_Argentina_October.pkl
Argentina,September,0.651413891895623,0.90840027660346,0.6,0.85,pickled_models\Prophet_Argentina_September.pkl
Argentina,Autumn,0.4257446669384067,0.5412896849518632,0.3,0.9,pickled_models\Prophet_Argentina_Autumn.pkl
Asia,April,0.2450506892608528,0.3258752563559082,0.6,0.85,pickled_models\Prophet_Asia_April.pkl
Asia,August,0.1709067539224068,0.24200616784405,0.05,0.9,pickled_models\Prophet_Asia_August.pkl
Asia,December,0.529241427314287,0.623561432667463,0.01,0.9,pickled_models\Prophet_Asia_December.pkl
Asia,Winter,0.4146277995156942,0.4717809626965742,0.1,0.85,pickled_models\Prophet_Asia_Winter.pkl
Asia,February,0.6031487562475962,0.8394015681249811,0.3,0.85,pickled_models\Prophet_Asia_February.pkl
Asia,January,0.6968555840770719,0.7679763543193584,0.1,0.85,pickled_models\Prophet_Asia_January.pkl
Asia,July,0.1894124707195342,0.2394062846642804,0.6,0.9,pickled_models\Prophet_Asia_July.pkl
Asia,June,0.0768032936349549,0.1022595153518319,0.1,0.85,pickled_models\Prophet_Asia_June.pkl
Asia,Summer,0.1153958248671866,0.1436854272994924,0.3,0.85,pickled_models\Prophet_Asia_Summer.pkl
Asia,March,0.6239728270520307,0.8192479466511827,0.3,0.9,pickled_models\Prophet_Asia_March.pkl
Asia,Spring,0.2407148619928427,0.2840089526152786,0.3,0.85,pickled_models\Prophet_Asia_Spring.pkl
Asia,May,0.1945227361973646,0.2197368477396024,0.3,0.85,pickled_models\Prophet_Asia_May.pkl
Asia,Meteorological year,0.1292815006453956,0.1611605076164096,0.4,0.9,pickled_models\Prophet_Asia_Meteorological_year.pkl
Asia,November,0.402470667569516,0.4841243994535961,0.01,0.85,pickled_models\Prophet_Asia_November.pkl
Asia,October,0.3319525265271622,0.3724436822422406,0.1,0.9,pickled_models\Prophet_Asia_October.pkl
Asia,September,0.2659955408345213,0.2896944085969604,0.6,0.9,pickled_models\Prophet_Asia_September.pkl
Asia,Autumn,0.2461017796202175,0.3101665508493933,0.3,0.85,pickled_models\Prophet_Asia_Autumn.pkl
Australia,April,0.9320005524994942,1.0269811922487213,0.01,0.85,pickled_models\Prophet_Australia_April.pkl
Australia,August,0.4142396956898846,0.485298905378548,0.01,0.9,pickled_models\Prophet_Australia_August.pkl
Australia,December,0.9909624598427338,1.2289180097854862,0.05,0.85,pickled_models\Prophet_Australia_December.pkl
Australia,Winter,0.4708696716957738,0.6067776993385179,0.5,0.9,pickled_models\Prophet_Australia_Winter.pkl
Australia,February,0.5150720128914713,0.6456214207451018,0.6,0.85,pickled_models\Prophet_Australia_February.pkl
Australia,January,0.5348210700051693,0.7687154848019773,0.4,0.85,pickled_models\Prophet_Australia_January.pkl
Australia,July,0.4338529833262687,0.480544030845344,0.01,0.9,pickled_models\Prophet_Australia_July.pkl
Australia,June,0.4046667757505598,0.565382053299087,0.05,0.85,pickled_models\Prophet_Australia_June.pkl
Australia,Summer,0.2276040472563558,0.2472849322775608,0.1,0.85,pickled_models\Prophet_Australia_Summer.pkl
Australia,March,0.9826749868948712,1.068631479808669,0.5,0.85,pickled_models\Prophet_Australia_March.pkl
Australia,Spring,0.6732984906239444,0.7548594776369184,0.3,0.9,pickled_models\Prophet_Australia_Spring.pkl
Australia,May,0.591605826469789,0.7767009426814578,0.3,0.9,pickled_models\Prophet_Australia_May.pkl
Australia,Meteorological year,0.3195357798677142,0.335902555303983,0.1,0.9,pickled_models\Prophet_Australia_Meteorological_year.pkl
Australia,November,0.4868701005735269,0.7064542052174899,0.6,0.9,pickled_models\Prophet_Australia_November.pkl
Australia,October,1.1349594712178968,1.2091293632354458,0.6,0.9,pickled_models\Prophet_Australia_October.pkl
Australia,September,0.5113441178899034,0.6633610120451561,0.01,0.9,pickled_models\Prophet_Australia_September.pkl
Australia,Autumn,0.448758843562292,0.5540464712290653,0.6,0.9,pickled_models\Prophet_Australia_Autumn.pkl
Australia and New Zealand,April,0.8997491021175636,0.9948331425058594,0.1,0.9,pickled_models\Prophet_Australia_and_New_Zealand_April.pkl
Australia and New Zealand,August,0.4402488801987669,0.5048776683530584,0.6,0.85,pickled_models\Prophet_Australia_and_New_Zealand_August.pkl
Australia and New Zealand,December,0.9676354827962118,1.1965951126398335,0.01,0.9,pickled_models\Prophet_Australia_and_New_Zealand_December.pkl
Australia and New Zealand,Winter,0.4687342206028531,0.6052139506849508,0.05,0.9,pickled_models\Prophet_Australia_and_New_Zealand_Winter.pkl
Australia and New Zealand,February,0.5176906238685377,0.6392848924147196,0.6,0.9,pickled_models\Prophet_Australia_and_New_Zealand_February.pkl
Australia and New Zealand,January,0.5254490444695689,0.766821260699257,0.1,0.85,pickled_models\Prophet_Australia_and_New_Zealand_January.pkl
Australia and New Zealand,July,0.4303175275215233,0.4705023113056435,0.5,0.9,pickled_models\Prophet_Australia_and_New_Zealand_July.pkl
Australia and New Zealand,June,0.4020480355260041,0.5507871036628218,0.01,0.85,pickled_models\Prophet_Australia_and_New_Zealand_June.pkl
Australia and New Zealand,Summer,0.2154610212368239,0.2358651903641283,0.01,0.9,pickled_models\Prophet_Australia_and_New_Zealand_Summer.pkl
Australia and New Zealand,March,0.9779844092909994,1.0631573724904613,0.4,0.85,pickled_models\Prophet_Australia_and_New_Zealand_March.pkl
Australia and New Zealand,Spring,0.6629471612680744,0.7476229620421945,0.01,0.85,pickled_models\Prophet_Australia_and_New_Zealand_Spring.pkl
Australia and New Zealand,May,0.575913866833413,0.7532709693012531,0.3,0.9,pickled_models\Prophet_Australia_and_New_Zealand_May.pkl
Australia and New Zealand,Meteorological year,0.3209309705296947,0.3372014330986116,0.6,0.85,pickled_models\Prophet_Australia_and_New_Zealand_Meteorological_year.pkl
Australia and New Zealand,November,0.4799189971504259,0.6826784469723395,0.6,0.9,pickled_models\Prophet_Australia_and_New_Zealand_November.pkl
Australia and New Zealand,October,1.0850035392001731,1.1577635797410053,0.6,0.9,pickled_models\Prophet_Australia_and_New_Zealand_October.pkl
Australia and New Zealand,September,0.5046284380481502,0.6521785086857124,0.4,0.85,pickled_models\Prophet_Australia_and_New_Zealand_September.pkl
Australia and New Zealand,Autumn,0.43486956431724,0.5304176205814741,0.6,0.9,pickled_models\Prophet_Australia_and_New_Zealand_Autumn.pkl
Austria,April,1.1331880717865246,1.6448216196920442,0.05,0.85,pickled_models\Prophet_Austria_April.pkl
Austria,August,1.314555973561285,1.428672968211151,0.6,0.85,pickled_models\Prophet_Austria_August.pkl
Austria,December,1.081086272778249,1.452261194230157,0.01,0.9,pickled_models\Prophet_Austria_December.pkl
Austria,Winter,1.0954173938727136,1.34749132428526,0.3,0.85,pickled_models\Prophet_Austria_Winter.pkl
Austria,February,2.3428701109197365,2.552399792318456,0.3,0.9,pickled_models\Prophet_Austria_February.pkl
Austria,January,2.022423455113004,2.458671190862256,0.01,0.85,pickled_models\Prophet_Austria_January.pkl
Austria,July,0.6489188731148816,0.896351815238384,0.5,0.85,pickled_models\Prophet_Austria_July.pkl
Austria,June,0.8579149806734758,1.1153945295897998,0.6,0.85,pickled_models\Prophet_Austria_June.pkl
Austria,Summer,0.8567965981099585,0.9121700701185428,0.6,0.9,pickled_models\Prophet_Austria_Summer.pkl
Austria,March,1.5522282742387468,1.838788804943024,0.4,0.9,pickled_models\Prophet_Austria_March.pkl
Austria,Spring,0.5784254167625783,0.6220244003747962,0.01,0.9,pickled_models\Prophet_Austria_Spring.pkl
Austria,May,1.485468834723528,1.8749446173134008,0.4,0.9,pickled_models\Prophet_Austria_May.pkl
Austria,Meteorological year,0.549516660405923,0.6081165402160915,0.6,0.85,pickled_models\Prophet_Austria_Meteorological_year.pkl
Austria,November,1.2082426712229624,1.380660902019177,0.6,0.85,pickled_models\Prophet_Austria_November.pkl
Austria,October,1.3114474688589308,1.3991195999877617,0.3,0.9,pickled_models\Prophet_Austria_October.pkl
Austria,September,1.1528475362164807,1.421918654555004,0.3,0.9,pickled_models\Prophet_Austria_September.pkl
Austria,Autumn,0.8307576372496849,0.9768839827700212,0.6,0.85,pickled_models\Prophet_Austria_Autumn.pkl
Bahamas,April,0.8041899967505245,0.9389852664105008,0.1,0.85,pickled_models\Prophet_Bahamas_April.pkl
Bahamas,August,0.1468869191370619,0.2177697424408743,0.5,0.9,pickled_models\Prophet_Bahamas_August.pkl
Bahamas,December,1.1063317379337414,1.3003049369924635,0.1,0.85,pickled_models\Prophet_Bahamas_December.pkl
Bahamas,Winter,0.670593120867418,0.7202646915212845,0.1,0.85,pickled_models\Prophet_Bahamas_Winter.pkl
Bahamas,February,1.225714879057859,1.295896012575139,0.1,0.85,pickled_models\Prophet_Bahamas_February.pkl
Bahamas,January,0.3952635838701694,0.4505062033099273,0.05,0.85,pickled_models\Prophet_Bahamas_January.pkl
Bahamas,July,0.3709258403385927,0.4480265554823453,0.1,0.9,pickled_models\Prophet_Bahamas_July.pkl
Bahamas,June,0.410382174638416,0.4800479151471788,0.1,0.9,pickled_models\Prophet_Bahamas_June.pkl
Bahamas,Summer,0.2632695255733436,0.3165996352116761,0.01,0.9,pickled_models\Prophet_Bahamas_Summer.pkl
Bahamas,March,0.8238611639341306,0.939604213576652,0.4,0.9,pickled_models\Prophet_Bahamas_March.pkl
Bahamas,Spring,0.4912523372924449,0.5820228347802164,0.05,0.9,pickled_models\Prophet_Bahamas_Spring.pkl
Bahamas,May,0.2532289701329409,0.3086502890350324,0.3,0.85,pickled_models\Prophet_Bahamas_May.pkl
Bahamas,Meteorological year,0.3140270953345986,0.357996044939853,0.1,0.9,pickled_models\Prophet_Bahamas_Meteorological_year.pkl
Bahamas,November,0.6788454617559099,0.7765022807616717,0.1,0.9,pickled_models\Prophet_Bahamas_November.pkl
Bahamas,October,0.4195244039569982,0.5189048440893556,0.6,0.9,pickled_models\Prophet_Bahamas_October.pkl
Bahamas,September,0.291173290806772,0.3482749989950107,0.1,0.9,pickled_models\Prophet_Bahamas_September.pkl
Bahamas,Autumn,0.4213510944536207,0.4425409849596621,0.01,0.9,pickled_models\Prophet_Bahamas_Autumn.pkl
Bahrain,April,0.6997602567865595,0.8323582595690096,0.05,0.9,pickled_models\Prophet_Bahrain_April.pkl
Bahrain,August,0.3689258474754182,0.4502698012464627,0.5,0.85,pickled_models\Prophet_Bahrain_August.pkl
Bahrain,December,0.9401218139731924,1.104541719358022,0.1,0.85,pickled_models\Prophet_Bahrain_December.pkl
Bahrain,Winter,0.6115584168921239,0.8145902544221322,0.6,0.85,pickled_models\Prophet_Bahrain_Winter.pkl
Bahrain,February,0.9113400317195472,1.313177356955965,0.5,0.9,pickled_models\Prophet_Bahrain_February.pkl
Bahrain,January,0.9095744011337512,1.169420613391581,0.6,0.9,pickled_models\Prophet_Bahrain_January.pkl
Bahrain,July,0.3309014163398529,0.4249598146269546,0.6,0.9,pickled_models\Prophet_Bahrain_July.pkl
Bahrain,June,0.4749669793370055,0.5891386226969867,0.1,0.85,pickled_models\Prophet_Bahrain_June.pkl
Bahrain,Summer,0.1471488517383167,0.1636016638742184,0.6,0.85,pickled_models\Prophet_Bahrain_Summer.pkl
Bahrain,March,1.1211812012177504,1.399514950843159,0.5,0.85,pickled_models\Prophet_Bahrain_March.pkl
Bahrain,Spring,0.475739140364726,0.6785961822394868,0.4,0.85,pickled_models\Prophet_Bahrain_Spring.pkl
Bahrain,May,0.6038412919877721,0.6995350200219091,0.1,0.9,pickled_models\Prophet_Bahrain_May.pkl
Bahrain,Meteorological year,0.2373145687926989,0.2862886165579841,0.6,0.85,pickled_models\Prophet_Bahrain_Meteorological_year.pkl
Bahrain,November,0.575913433926202,0.6979456139910725,0.1,0.9,pickled_models\Prophet_Bahrain_November.pkl
Bahrain,October,1.2356967636133285,1.3835681575429022,0.1,0.85,pickled_models\Prophet_Bahrain_October.pkl
Bahrain,September,0.7735220616234768,0.8591655213154755,0.6,0.9,pickled_models\Prophet_Bahrain_September.pkl
Bahrain,Autumn,0.8158012370746149,0.9122057799149624,0.6,0.85,pickled_models\Prophet_Bahrain_Autumn.pkl
Bangladesh,April,0.7781661969140129,0.9774142596422865,0.3,0.85,pickled_models\Prophet_Bangladesh_April.pkl
Bangladesh,August,0.6777145036206647,0.7638049725363982,0.6,0.85,pickled_models\Prophet_Bangladesh_August.pkl
Bangladesh,December,0.661258405201103,0.8330848822245266,0.5,0.85,pickled_models\Prophet_Bangladesh_December.pkl
Bangladesh,Winter,0.6714978131057672,0.7593375124149965,0.01,0.85,pickled_models\Prophet_Bangladesh_Winter.pkl
Bangladesh,February,0.8589682055378592,1.0104339668262952,0.6,0.85,pickled_models\Prophet_Bangladesh_February.pkl
Bangladesh,January,0.9170200572867978,1.071732395141703,0.3,0.9,pickled_models\Prophet_Bangladesh_January.pkl
Bangladesh,July,0.241885113101137,0.3288471840736027,0.6,0.9,pickled_models\Prophet_Bangladesh_July.pkl
Bangladesh,June,0.4640528960303323,0.589973430738274,0.6,0.85,pickled_models\Prophet_Bangladesh_June.pkl
Bangladesh,Summer,0.3681720234632924,0.4629561160245606,0.6,0.85,pickled_models\Prophet_Bangladesh_Summer.pkl
Bangladesh,March,0.6658920308624784,0.8366741526668835,0.01,0.85,pickled_models\Prophet_Bangladesh_March.pkl
Bangladesh,Spring,0.3743748427832993,0.5056904588031161,0.4,0.9,pickled_models\Prophet_Bangladesh_Spring.pkl
Bangladesh,May,0.7761250238202974,0.8551912718619692,0.6,0.9,pickled_models\Prophet_Bangladesh_May.pkl
Bangladesh,Meteorological year,0.3311230977767983,0.4037462433873945,0.6,0.85,pickled_models\Prophet_Bangladesh_Meteorological_year.pkl
Bangladesh,November,0.3590632595327378,0.4403044207362513,0.4,0.9,pickled_models\Prophet_Bangladesh_November.pkl
Bangladesh,October,0.4833242510653331,0.5597047289243244,0.6,0.9,pickled_models\Prophet_Bangladesh_October.pkl
Bangladesh,September,0.424061120798838,0.4720800596848067,0.6,0.9,pickled_models\Prophet_Bangladesh_September.pkl
Bangladesh,Autumn,0.3787674597080397,0.4323106743900639,0.6,0.85,pickled_models\Prophet_Bangladesh_Autumn.pkl
Belize,April,0.2817204405328288,0.3944133420283603,0.4,0.85,pickled_models\Prophet_Belize_April.pkl
Belize,August,0.6750449155643565,0.7967579101363796,0.01,0.85,pickled_models\Prophet_Belize_August.pkl
Belize,December,0.705507315348964,1.0189601353092084,0.01,0.9,pickled_models\Prophet_Belize_December.pkl
Belize,Winter,0.4309612052088138,0.549426849560114,0.1,0.9,pickled_models\Prophet_Belize_Winter.pkl
Belize,February,0.7946287974171461,0.923241143345366,0.1,0.85,pickled_models\Prophet_Belize_February.pkl
Belize,January,0.7501255388847158,0.9482585103846902,0.6,0.9,pickled_models\Prophet_Belize_January.pkl
Belize,July,0.4829856684524808,0.5426414065998666,0.6,0.9,pickled_models\Prophet_Belize_July.pkl
Belize,June,0.3438371399204488,0.4631346888799104,0.6,0.85,pickled_models\Prophet_Belize_June.pkl
Belize,Summer,0.4622405938880042,0.5558335451027846,0.6,0.9,pickled_models\Prophet_Belize_Summer.pkl
Belize,March,0.2764129761597317,0.3584891167211527,0.01,0.9,pickled_models\Prophet_Belize_March.pkl
Belize,Spring,0.2540442918387496,0.3379230398799382,0.1,0.85,pickled_models\Prophet_Belize_Spring.pkl
Belize,May,0.5610781730124584,0.6369563701350581,0.1,0.9,pickled_models\Prophet_Belize_May.pkl
Belize,Meteorological year,0.3282414696208081,0.3578614010536267,0.05,0.85,pickled_models\Prophet_Belize_Meteorological_year.pkl
Belize,November,0.8513473065208123,0.9877036308859316,0.1,0.9,pickled_models\Prophet_Belize_November.pkl
Belize,October,0.7468632529722017,0.8605003543403134,0.01,0.9,pickled_models\Prophet_Belize_October.pkl
Belize,September,0.4999986811782071,0.5763422965742933,0.6,0.9,pickled_models\Prophet_Belize_September.pkl
Belize,Autumn,0.6388582067661773,0.7279562460673247,0.3,0.85,pickled_models\Prophet_Belize_Autumn.pkl
Benin,April,0.2429814110762483,0.3152860640232638,0.1,0.85,pickled_models\Prophet_Benin_April.pkl
Benin,August,0.2832460672612506,0.2958944567977844,0.3,0.9,pickled_models\Prophet_Benin_August.pkl
Benin,December,0.638914005985194,0.8047684058104217,0.3,0.9,pickled_models\Prophet_Benin_December.pkl
Benin,Winter,0.3039303869586021,0.3499773628672829,0.3,0.9,pickled_models\Prophet_Benin_Winter.pkl
Benin,February,0.3061515396001908,0.3143210084467582,0.1,0.9,pickled_models\Prophet_Benin_February.pkl
Benin,January,0.5975144428896335,0.6669440997413781,0.5,0.9,pickled_models\Prophet_Benin_January.pkl
Benin,July,0.2716276465434265,0.3568497318455362,0.6,0.85,pickled_models\Prophet_Benin_July.pkl
Benin,June,0.2444482903809865,0.3429368244364494,0.6,0.85,pickled_models\Prophet_Benin_June.pkl
Benin,Summer,0.2017950899770362,0.2457489669769073,0.05,0.9,pickled_models\Prophet_Benin_Summer.pkl
Benin,March,0.2701563413863463,0.3096295416678464,0.05,0.85,pickled_models\Prophet_Benin_March.pkl
Benin,Spring,0.142716279113048,0.1735378960630699,0.05,0.9,pickled_models\Prophet_Benin_Spring.pkl
Benin,May,0.3034556972434959,0.4181110538506257,0.6,0.9,pickled_models\Prophet_Benin_May.pkl
Benin,Meteorological year,0.0642148324790605,0.0819273536016145,0.6,0.9,pickled_models\Prophet_Benin_Meteorological_year.pkl
Benin,November,0.1693392042630872,0.2754492535857515,0.6,0.9,pickled_models\Prophet_Benin_November.pkl
Benin,October,0.4111147911532054,0.4626482993644037,0.5,0.9,pickled_models\Prophet_Benin_October.pkl
Benin,September,0.2044837393954045,0.2282370695435558,0.5,0.9,pickled_models\Prophet_Benin_September.pkl
Benin,Autumn,0.1933085729804811,0.2519109256108218,0.6,0.85,pickled_models\Prophet_Benin_Autumn.pkl
Bhutan,April,0.5910002410803661,0.751275989536188,0.6,0.9,pickled_models\Prophet_Bhutan_April.pkl
Bhutan,August,0.6668458679381531,0.7560834672764889,0.6,0.85,pickled_models\Prophet_Bhutan_August.pkl
Bhutan,December,0.8034269956571181,0.9873193227954318,0.6,0.85,pickled_models\Prophet_Bhutan_December.pkl
Bhutan,Winter,0.5710360351157533,0.7635893018855676,0.6,0.9,pickled_models\Prophet_Bhutan_Winter.pkl
Bhutan,February,0.9597724275398744,1.2016945268177932,0.3,0.85,pickled_models\Prophet_Bhutan_February.pkl
Bhutan,January,0.5427043084240982,0.6505460315881304,0.1,0.85,pickled_models\Prophet_Bhutan_January.pkl
Bhutan,July,0.2034250629542135,0.2243647130692418,0.4,0.85,pickled_models\Prophet_Bhutan_July.pkl
Bhutan,June,0.4017771423791842,0.545375016860857,0.6,0.9,pickled_models\Prophet_Bhutan_June.pkl
Bhutan,Summer,0.1928099919153411,0.2633240440752707,0.6,0.9,pickled_models\Prophet_Bhutan_Summer.pkl
Bhutan,March,0.5907175111212903,0.6883361641786414,0.05,0.85,pickled_models\Prophet_Bhutan_March.pkl
Bhutan,Spring,0.2822695626982056,0.3292772965208854,0.5,0.85,pickled_models\Prophet_Bhutan_Spring.pkl
Bhutan,May,0.2795624153293244,0.3306414288837577,0.6,0.9,pickled_models\Prophet_Bhutan_May.pkl
Bhutan,Meteorological year,0.219077753890145,0.2606400306271531,0.6,0.85,pickled_models\Prophet_Bhutan_Meteorological_year.pkl
Bhutan,November,0.8150957705913667,0.9774252613199164,0.4,0.9,pickled_models\Prophet_Bhutan_November.pkl
Bhutan,October,0.7044616192285872,0.8608727326805083,0.6,0.85,pickled_models\Prophet_Bhutan_October.pkl
Bhutan,September,0.4883884477164968,0.5334204834126961,0.6,0.85,pickled_models\Prophet_Bhutan_September.pkl
Bhutan,Autumn,0.5192683256169579,0.5979083365870623,0.6,0.9,pickled_models\Prophet_Bhutan_Autumn.pkl
Bolivia (Plurinational State of),April,0.5135546173194621,0.5685803746892488,0.6,0.9,pickled_models\Prophet_Bolivia_(Plurinational_State_of)_April.pkl
Bolivia (Plurinational State of),August,0.9663890679238876,1.1031209847867665,0.6,0.85,pickled_models\Prophet_Bolivia_(Plurinational_State_of)_August.pkl
Bolivia (Plurinational State of),December,0.286622091654133,0.3724502706338361,0.05,0.85,pickled_models\Prophet_Bolivia_(Plurinational_State_of)_December.pkl
Bolivia (Plurinational State of),Winter,0.3227503831779876,0.4155126031883787,0.01,0.85,pickled_models\Prophet_Bolivia_(Plurinational_State_of)_Winter.pkl
Bolivia (Plurinational State of),February,0.3923885197986324,0.508547138432165,0.6,0.9,pickled_models\Prophet_Bolivia_(Plurinational_State_of)_February.pkl
Bolivia (Plurinational State of),January,0.4564771619283536,0.551419526358578,0.5,0.9,pickled_models\Prophet_Bolivia_(Plurinational_State_of)_January.pkl
Bolivia (Plurinational State of),July,0.8497921588846346,1.1781863528760927,0.05,0.9,pickled_models\Prophet_Bolivia_(Plurinational_State_of)_July.pkl
Bolivia (Plurinational State of),June,0.9483712224159416,1.218098550559773,0.3,0.85,pickled_models\Prophet_Bolivia_(Plurinational_State_of)_June.pkl
Bolivia (Plurinational State of),Summer,0.6593529194151704,0.9030611113209543,0.3,0.85,pickled_models\Prophet_Bolivia_(Plurinational_State_of)_Summer.pkl
Bolivia (Plurinational State of),March,0.3060106395765173,0.379666988955147,0.6,0.9,pickled_models\Prophet_Bolivia_(Plurinational_State_of)_March.pkl
Bolivia (Plurinational State of),Spring,0.2151058206980473,0.3163879827808417,0.05,0.85,pickled_models\Prophet_Bolivia_(Plurinational_State_of)_Spring.pkl
Bolivia (Plurinational State of),May,0.5736951298861203,0.6251735824804677,0.4,0.9,pickled_models\Prophet_Bolivia_(Plurinational_State_of)_May.pkl
Bolivia (Plurinational State of),Meteorological year,0.2505502664739639,0.3351750958905961,0.6,0.9,pickled_models\Prophet_Bolivia_(Plurinational_State_of)_Meteorological_year.pkl
Bolivia (Plurinational State of),November,0.3787238249877973,0.4305601938049855,0.01,0.9,pickled_models\Prophet_Bolivia_(Plurinational_State_of)_November.pkl
Bolivia (Plurinational State of),October,0.4525439206222239,0.5549214697123512,0.6,0.85,pickled_models\Prophet_Bolivia_(Plurinational_State_of)_October.pkl
Bolivia (Plurinational State of),September,0.8084466541468608,0.9798249069509526,0.6,0.9,pickled_models\Prophet_Bolivia_(Plurinational_State_of)_September.pkl
Bolivia (Plurinational State of),Autumn,0.4477496715978792,0.5482110560942673,0.6,0.9,pickled_models\Prophet_Bolivia_(Plurinational_State_of)_Autumn.pkl
Botswana,April,0.895841210181212,1.0627790660528456,0.05,0.85,pickled_models\Prophet_Botswana_April.pkl
Botswana,August,0.910353023683709,1.1919441899916414,0.05,0.85,pickled_models\Prophet_Botswana_August.pkl
Botswana,December,1.2286603380479617,1.5671195771762487,0.4,0.9,pickled_models\Prophet_Botswana_December.pkl
Botswana,Winter,1.0317736289485635,1.2064642707157454,0.05,0.9,pickled_models\Prophet_Botswana_Winter.pkl
Botswana,February,1.4940752351916815,1.6405311312455486,0.6,0.9,pickled_models\Prophet_Botswana_February.pkl
Botswana,January,1.2623557069541027,1.425315637323446,0.1,0.85,pickled_models\Prophet_Botswana_January.pkl
Botswana,July,0.5298403708375135,0.5867476581286655,0.5,0.85,pickled_models\Prophet_Botswana_July.pkl
Botswana,June,0.1861279333626604,0.2443385465649789,0.4,0.85,pickled_models\Prophet_Botswana_June.pkl
Botswana,Summer,0.3229965193706871,0.4340628014708885,0.05,0.85,pickled_models\Prophet_Botswana_Summer.pkl
Botswana,March,1.3915304239126982,1.5165037741261287,0.01,0.85,pickled_models\Prophet_Botswana_March.pkl
Botswana,Spring,0.8992542553934042,0.9940252021498108,0.4,0.9,pickled_models\Prophet_Botswana_Spring.pkl
Botswana,May,0.7178757102737144,0.7784412080582396,0.05,0.9,pickled_models\Prophet_Botswana_May.pkl
Botswana,Meteorological year,0.6624119036966111,0.7454250689756119,0.3,0.85,pickled_models\Prophet_Botswana_Meteorological_year.pkl
Botswana,November,0.972195931373342,1.0953764758839903,0.4,0.85,pickled_models\Prophet_Botswana_November.pkl
Botswana,October,1.28690837722301,1.4315724588241052,0.6,0.85,pickled_models\Prophet_Botswana_October.pkl
Botswana,September,0.6723202867198452,0.7736129979574117,0.6,0.85,pickled_models\Prophet_Botswana_September.pkl
Botswana,Autumn,0.5871490619647607,0.7163666363449221,0.6,0.85,pickled_models\Prophet_Botswana_Autumn.pkl
Brazil,April,0.2581806408099593,0.4082073302173066,0.6,0.9,pickled_models\Prophet_Brazil_April.pkl
Brazil,August,0.4695043524804737,0.5628528719774397,0.6,0.85,pickled_models\Prophet_Brazil_August.pkl
Brazil,December,0.2605805236655089,0.3813078488909721,0.6,0.9,pickled_models\Prophet_Brazil_December.pkl
Brazil,Winter,0.228077230620539,0.3300028486489354,0.5,0.85,pickled_models\Prophet_Brazil_Winter.pkl
Brazil,February,0.3001016183314316,0.4435762724847776,0.05,0.85,pickled_models\Prophet_Brazil_February.pkl
Brazil,January,0.3106284925965278,0.3724984104517152,0.6,0.85,pickled_models\Prophet_Brazil_January.pkl
Brazil,July,0.3031236644603743,0.4030470372477545,0.01,0.85,pickled_models\Prophet_Brazil_July.pkl
Brazil,June,0.4653500218028956,0.4948833137284009,0.6,0.9,pickled_models\Prophet_Brazil_June.pkl
Brazil,Summer,0.2547025069655762,0.3145904664084829,0.6,0.85,pickled_models\Prophet_Brazil_Summer.pkl
Brazil,March,0.2220554429105874,0.2671133961472152,0.1,0.9,pickled_models\Prophet_Brazil_March.pkl
Brazil,Spring,0.2862931388904909,0.3439482663744942,0.01,0.9,pickled_models\Prophet_Brazil_Spring.pkl
Brazil,May,0.4501784947645018,0.5465293452268797,0.05,0.85,pickled_models\Prophet_Brazil_May.pkl
Brazil,Meteorological year,0.257163863844066,0.3021673107519039,0.5,0.9,pickled_models\Prophet_Brazil_Meteorological_year.pkl
Brazil,November,0.3135171032293088,0.4636460353136775,0.6,0.9,pickled_models\Prophet_Brazil_November.pkl
Brazil,October,0.3440299934877597,0.4312098998129334,0.6,0.85,pickled_models\Prophet_Brazil_October.pkl
Brazil,September,0.5380669126804092,0.6035966778048999,0.6,0.85,pickled_models\Prophet_Brazil_September.pkl
Brazil,Autumn,0.3764231419091136,0.4763658982675142,0.6,0.85,pickled_models\Prophet_Brazil_Autumn.pkl
British Virgin Islands,April,0.2656790093351203,0.298163036653531,0.4,0.9,pickled_models\Prophet_British_Virgin_Islands_April.pkl
British Virgin Islands,August,0.1644159657985433,0.2003591865683095,0.01,0.85,pickled_models\Prophet_British_Virgin_Islands_August.pkl
British Virgin Islands,December,0.511403184791488,0.596775377501765,0.4,0.85,pickled_models\Prophet_British_Virgin_Islands_December.pkl
British Virgin Islands,Winter,0.2492099584098435,0.2949353773628169,0.6,0.85,pickled_models\Prophet_British_Virgin_Islands_Winter.pkl
British Virgin Islands,February,0.3507578579958167,0.3980871278554301,0.6,0.85,pickled_models\Prophet_British_Virgin_Islands_February.pkl
British Virgin Islands,January,0.2730059356388465,0.3174942187222457,0.5,0.9,pickled_models\Prophet_British_Virgin_Islands_January.pkl
British Virgin Islands,July,0.2594047773421851,0.2769845210988268,0.1,0.9,pickled_models\Prophet_British_Virgin_Islands_July.pkl
British Virgin Islands,June,0.1848943068207819,0.2196802466442811,0.1,0.85,pickled_models\Prophet_British_Virgin_Islands_June.pkl
British Virgin Islands,Summer,0.1243538784468755,0.1674698792337295,0.6,0.85,pickled_models\Prophet_British_Virgin_Islands_Summer.pkl
British Virgin Islands,March,0.2107322315576894,0.2845913476289008,0.6,0.85,pickled_models\Prophet_British_Virgin_Islands_March.pkl
British Virgin Islands,Spring,0.199332595486261,0.2299604515906279,0.6,0.9,pickled_models\Prophet_British_Virgin_Islands_Spring.pkl
British Virgin Islands,May,0.2720258670178195,0.312033209163817,0.4,0.85,pickled_models\Prophet_British_Virgin_Islands_May.pkl
British Virgin Islands,Meteorological year,0.151990550260083,0.1774666262509539,0.5,0.9,pickled_models\Prophet_British_Virgin_Islands_Meteorological_year.pkl
British Virgin Islands,November,0.3352748020844245,0.5030315453813445,0.5,0.85,pickled_models\Prophet_British_Virgin_Islands_November.pkl
British Virgin Islands,October,0.2516176926819304,0.2945753684989335,0.5,0.85,pickled_models\Prophet_British_Virgin_Islands_October.pkl
British Virgin Islands,September,0.1425139349837057,0.2037451636624128,0.6,0.85,pickled_models\Prophet_British_Virgin_Islands_September.pkl
British Virgin Islands,Autumn,0.2034417470035432,0.2339697377192706,0.6,0.85,pickled_models\Prophet_British_Virgin_Islands_Autumn.pkl
Brunei Darussalam,April,0.3980477097055279,0.5392571456715903,0.05,0.9,pickled_models\Prophet_Brunei_Darussalam_April.pkl
Brunei Darussalam,August,0.3458010331806247,0.4026095484816904,0.01,0.85,pickled_models\Prophet_Brunei_Darussalam_August.pkl
Brunei Darussalam,December,0.2582015880444616,0.348113936132958,0.6,0.85,pickled_models\Prophet_Brunei_Darussalam_December.pkl
Brunei Darussalam,Winter,0.4073504401048147,0.4995384310990803,0.1,0.9,pickled_models\Prophet_Brunei_Darussalam_Winter.pkl
Brunei Darussalam,February,0.3414954699989003,0.471602885693633,0.01,0.9,pickled_models\Prophet_Brunei_Darussalam_February.pkl
Brunei Darussalam,January,0.6692075317620532,0.7823102240844397,0.6,0.9,pickled_models\Prophet_Brunei_Darussalam_January.pkl
Brunei Darussalam,July,0.413559231661763,0.440793588219526,0.4,0.85,pickled_models\Prophet_Brunei_Darussalam_July.pkl
Brunei Darussalam,June,0.240454923931714,0.3066539910155073,0.6,0.9,pickled_models\Prophet_Brunei_Darussalam_June.pkl
Brunei Darussalam,Summer,0.2357051375505863,0.2540606119082401,0.01,0.9,pickled_models\Prophet_Brunei_Darussalam_Summer.pkl
Brunei Darussalam,March,0.2416019495607229,0.4046881674524543,0.4,0.85,pickled_models\Prophet_Brunei_Darussalam_March.pkl
Brunei Darussalam,Spring,0.2646206961896351,0.429877898927942,0.01,0.85,pickled_models\Prophet_Brunei_Darussalam_Spring.pkl
Brunei Darussalam,May,0.3908009960764466,0.4847579767115495,0.6,0.85,pickled_models\Prophet_Brunei_Darussalam_May.pkl
Brunei Darussalam,Meteorological year,0.249149400869544,0.3208877702395813,0.5,0.85,pickled_models\Prophet_Brunei_Darussalam_Meteorological_year.pkl
Brunei Darussalam,November,0.3189434269748811,0.3261197699083391,0.6,0.9,pickled_models\Prophet_Brunei_Darussalam_November.pkl
Brunei Darussalam,October,0.2305321258559189,0.3538631959491629,0.6,0.85,pickled_models\Prophet_Brunei_Darussalam_October.pkl
Brunei Darussalam,September,0.2475397475903372,0.2989852413609833,0.6,0.9,pickled_models\Prophet_Brunei_Darussalam_September.pkl
Brunei Darussalam,Autumn,0.2274434866364347,0.2638042944750196,0.6,0.85,pickled_models\Prophet_Brunei_Darussalam_Autumn.pkl
Bulgaria,April,1.3268467479951611,1.8605579083116144,0.6,0.85,pickled_models\Prophet_Bulgaria_April.pkl
Bulgaria,August,0.4263183067456617,0.4884888924038498,0.1,0.85,pickled_models\Prophet_Bulgaria_August.pkl
Bulgaria,December,1.8089187512167653,1.9696381851411315,0.01,0.85,pickled_models\Prophet_Bulgaria_December.pkl
Bulgaria,Winter,1.3826929849384404,1.5159523539402728,0.05,0.9,pickled_models\Prophet_Bulgaria_Winter.pkl
Bulgaria,February,2.1187299098847547,2.71719987805605,0.01,0.9,pickled_models\Prophet_Bulgaria_February.pkl
Bulgaria,January,1.7732863818694262,2.291693182125245,0.6,0.9,pickled_models\Prophet_Bulgaria_January.pkl
Bulgaria,July,0.5526502340128745,0.6289769256545485,0.05,0.9,pickled_models\Prophet_Bulgaria_July.pkl
Bulgaria,June,0.8619137733029559,0.995744387798973,0.6,0.9,pickled_models\Prophet_Bulgaria_June.pkl
Bulgaria,Summer,0.3817282259423085,0.4584195526328824,0.05,0.9,pickled_models\Prophet_Bulgaria_Summer.pkl
Bulgaria,March,1.4926180869107204,1.7645315979931964,0.5,0.85,pickled_models\Prophet_Bulgaria_March.pkl
Bulgaria,Spring,0.6874940461801388,0.8695518193688013,0.6,0.9,pickled_models\Prophet_Bulgaria_Spring.pkl
Bulgaria,May,0.9545117740562814,1.1216795269979347,0.01,0.85,pickled_models\Prophet_Bulgaria_May.pkl
Bulgaria,Meteorological year,0.4440758163635525,0.5161932623733709,0.6,0.9,pickled_models\Prophet_Bulgaria_Meteorological_year.pkl
Bulgaria,November,1.3062981474301143,1.7737013334359069,0.3,0.85,pickled_models\Prophet_Bulgaria_November.pkl
Bulgaria,October,0.9227530838049028,1.1696585346614112,0.05,0.85,pickled_models\Prophet_Bulgaria_October.pkl
Bulgaria,September,0.9070649179464528,1.0283592326582995,0.6,0.85,pickled_models\Prophet_Bulgaria_September.pkl
Bulgaria,Autumn,0.7461506743101731,0.9888779669369828,0.6,0.9,pickled_models\Prophet_Bulgaria_Autumn.pkl
Burkina Faso,April,0.3072623968791264,0.3825457502199392,0.05,0.9,pickled_models\Prophet_Burkina_Faso_April.pkl
Burkina Faso,August,0.1841061606696027,0.2044401254631868,0.01,0.9,pickled_models\Prophet_Burkina_Faso_August.pkl
Burkina Faso,December,0.6352412119266707,0.8960797157120791,0.1,0.85,pickled_models\Prophet_Burkina_Faso_December.pkl
Burkina Faso,Winter,0.3634410817634976,0.4601499308667409,0.05,0.85,pickled_models\Prophet_Burkina_Faso_Winter.pkl
Burkina Faso,February,0.5812727273329018,0.6490784604130639,0.6,0.9,pickled_models\Prophet_Burkina_Faso_February.pkl
Burkina Faso,January,0.5183202340994343,0.649648181249886,0.01,0.9,pickled_models\Prophet_Burkina_Faso_January.pkl
Burkina Faso,July,0.2784835091487525,0.3831898931561837,0.05,0.85,pickled_models\Prophet_Burkina_Faso_July.pkl
Burkina Faso,June,0.3479306751556577,0.4272740959937663,0.1,0.85,pickled_models\Prophet_Burkina_Faso_June.pkl
Burkina Faso,Summer,0.1936864286424341,0.2713646696796459,0.1,0.9,pickled_models\Prophet_Burkina_Faso_Summer.pkl
Burkina Faso,March,0.526705862320822,0.6852509322700637,0.1,0.9,pickled_models\Prophet_Burkina_Faso_March.pkl
Burkina Faso,Spring,0.2235402516585495,0.2783619014421258,0.6,0.85,pickled_models\Prophet_Burkina_Faso_Spring.pkl
Burkina Faso,May,0.4212821912751032,0.5957258240275229,0.01,0.85,pickled_models\Prophet_Burkina_Faso_May.pkl
Burkina Faso,Meteorological year,0.0753212305342565,0.0888105549536775,0.01,0.85,pickled_models\Prophet_Burkina_Faso_Meteorological_year.pkl
Burkina Faso,November,0.3796470767581247,0.4288765306633039,0.01,0.9,pickled_models\Prophet_Burkina_Faso_November.pkl
Burkina Faso,October,0.4309964915935572,0.5269838444990085,0.4,0.85,pickled_models\Prophet_Burkina_Faso_October.pkl
Burkina Faso,September,0.4461731774806439,0.5184024750362268,0.01,0.85,pickled_models\Prophet_Burkina_Faso_September.pkl
Burkina Faso,Autumn,0.2343688721619219,0.2997752856899688,0.4,0.85,pickled_models\Prophet_Burkina_Faso_Autumn.pkl
Cambodia,April,0.5296132806344102,0.778024414826015,0.1,0.9,pickled_models\Prophet_Cambodia_April.pkl
Cambodia,August,0.3501120685959314,0.4192230355421549,0.3,0.85,pickled_models\Prophet_Cambodia_August.pkl
Cambodia,December,0.6337337191380906,0.7795791986937319,0.6,0.85,pickled_models\Prophet_Cambodia_December.pkl
Cambodia,Winter,0.7266144557490968,0.8339686029149425,0.5,0.9,pickled_models\Prophet_Cambodia_Winter.pkl
Cambodia,February,0.9010444758308754,0.960895442224888,0.3,0.9,pickled_models\Prophet_Cambodia_February.pkl
Cambodia,January,0.8817878607044239,1.074483897159352,0.05,0.9,pickled_models\Prophet_Cambodia_January.pkl
Cambodia,July,0.258573981414701,0.3162162187908312,0.05,0.85,pickled_models\Prophet_Cambodia_July.pkl
Cambodia,June,0.2996304746992578,0.3543811718035085,0.1,0.9,pickled_models\Prophet_Cambodia_June.pkl
Cambodia,Summer,0.2656467992195225,0.314759818541076,0.05,0.85,pickled_models\Prophet_Cambodia_Summer.pkl
Cambodia,March,0.3885231092614634,0.4425549175133609,0.01,0.85,pickled_models\Prophet_Cambodia_March.pkl
Cambodia,Spring,0.4781009908239573,0.5791243843237225,0.01,0.9,pickled_models\Prophet_Cambodia_Spring.pkl
Cambodia,May,0.5581376674385168,0.6569691990157991,0.3,0.9,pickled_models\Prophet_Cambodia_May.pkl
Cambodia,Meteorological year,0.3416924578374364,0.3944527122104833,0.5,0.85,pickled_models\Prophet_Cambodia_Meteorological_year.pkl
Cambodia,November,0.5715865892835619,0.6907191977605075,0.6,0.9,pickled_models\Prophet_Cambodia_November.pkl
Cambodia,October,0.524320784877563,0.5619585591037762,0.6,0.85,pickled_models\Prophet_Cambodia_October.pkl
Cambodia,September,0.4183126926462508,0.5180842573977646,0.05,0.9,pickled_models\Prophet_Cambodia_September.pkl
Cambodia,Autumn,0.4937948347335756,0.5211706430016549,0.6,0.85,pickled_models\Prophet_Cambodia_Autumn.pkl
Cameroon,April,0.4692556917561687,0.6594586957610734,0.01,0.85,pickled_models\Prophet_Cameroon_April.pkl
Cameroon,August,0.3209469372131302,0.3635604411712548,0.01,0.9,pickled_models\Prophet_Cameroon_August.pkl
Cameroon,December,0.3205278942252291,0.4028220345126411,0.6,0.9,pickled_models\Prophet_Cameroon_December.pkl
Cameroon,Winter,0.2495390611719832,0.2816883722619089,0.6,0.85,pickled_models\Prophet_Cameroon_Winter.pkl
Cameroon,February,0.2115370132479246,0.2727400870997362,0.5,0.9,pickled_models\Prophet_Cameroon_February.pkl
Cameroon,January,0.5999037733809899,0.730175897780794,0.6,0.85,pickled_models\Prophet_Cameroon_January.pkl
Cameroon,July,0.1886691454750315,0.223124368449735,0.3,0.9,pickled_models\Prophet_Cameroon_July.pkl
Cameroon,June,0.219952593617292,0.2732118454574766,0.3,0.9,pickled_models\Prophet_Cameroon_June.pkl
Cameroon,Summer,0.1803769189398155,0.2481861905316013,0.6,0.9,pickled_models\Prophet_Cameroon_Summer.pkl
Cameroon,March,0.3312287172387649,0.401272991615952,0.6,0.9,pickled_models\Prophet_Cameroon_March.pkl
Cameroon,Spring,0.3694585715649881,0.4601526322970474,0.6,0.85,pickled_models\Prophet_Cameroon_Spring.pkl
Cameroon,May,0.3186311238465624,0.4566243849924539,0.5,0.9,pickled_models\Prophet_Cameroon_May.pkl
Cameroon,Meteorological year,0.1683866166086524,0.2125497190846743,0.6,0.85,pickled_models\Prophet_Cameroon_Meteorological_year.pkl
Cameroon,November,0.3494941049355429,0.3976255089227474,0.6,0.85,pickled_models\Prophet_Cameroon_November.pkl
Cameroon,October,0.4276831868825424,0.4776308423155408,0.4,0.9,pickled_models\Prophet_Cameroon_October.pkl
Cameroon,September,0.2405092660819881,0.2715469171039357,0.01,0.9,pickled_models\Prophet_Cameroon_September.pkl
Cameroon,Autumn,0.2434007232095972,0.2939908766402906,0.5,0.85,pickled_models\Prophet_Cameroon_Autumn.pkl
Canada,April,1.4731921870813238,1.6598736091183006,0.3,0.9,pickled_models\Prophet_Canada_April.pkl
Canada,August,0.2955320138481664,0.3521075459743852,0.4,0.85,pickled_models\Prophet_Canada_August.pkl
Canada,December,0.8256961616766461,1.0091555580150326,0.01,0.85,pickled_models\Prophet_Canada_December.pkl
Canada,Winter,1.4482512086881,1.6379905679029396,0.1,0.85,pickled_models\Prophet_Canada_Winter.pkl
Canada,February,2.4563022503771816,2.91306117864957,0.1,0.9,pickled_models\Prophet_Canada_February.pkl
Canada,January,1.2862375958566947,1.5749557713692492,0.1,0.9,pickled_models\Prophet_Canada_January.pkl
Canada,July,0.2272674668243622,0.2823828268109714,0.05,0.9,pickled_models\Prophet_Canada_July.pkl
Canada,June,0.2962923533978562,0.3648549374772665,0.1,0.85,pickled_models\Prophet_Canada_June.pkl
Canada,Summer,0.2269172287006845,0.2605710082602497,0.1,0.9,pickled_models\Prophet_Canada_Summer.pkl
Canada,March,1.3226649940169264,1.745224525333026,0.01,0.9,pickled_models\Prophet_Canada_March.pkl
Canada,Spring,0.6500764585264552,0.8655864918412256,0.6,0.85,pickled_models\Prophet_Canada_Spring.pkl
Canada,May,0.5286558631698751,0.6556916785637357,0.4,0.85,pickled_models\Prophet_Canada_May.pkl
Canada,Meteorological year,0.7240482711775685,0.830393611738863,0.1,0.9,pickled_models\Prophet_Canada_Meteorological_year.pkl
Canada,November,1.7103048373118546,1.971207763501193,0.01,0.85,pickled_models\Prophet_Canada_November.pkl
Canada,October,0.7102891962931869,1.0892778769170004,0.5,0.9,pickled_models\Prophet_Canada_October.pkl
Canada,September,0.6876464089083042,1.1808871485703294,0.01,0.85,pickled_models\Prophet_Canada_September.pkl
Canada,Autumn,0.7758046380357002,1.0652543433173118,0.01,0.9,pickled_models\Prophet_Canada_Autumn.pkl
Caribbean,April,0.2502052394912091,0.300564353001309,0.4,0.85,pickled_models\Prophet_Caribbean_April.pkl
Caribbean,August,0.2926496196454589,0.3067785274036813,0.01,0.85,pickled_models\Prophet_Caribbean_August.pkl
Caribbean,December,0.6032083953102862,0.7322449101736621,0.05,0.9,pickled_models\Prophet_Caribbean_December.pkl
Caribbean,Winter,0.3547551655685033,0.3829457227866146,0.05,0.9,pickled_models\Prophet_Caribbean_Winter.pkl
Caribbean,February,0.4384358450608663,0.4642805981416996,0.6,0.85,pickled_models\Prophet_Caribbean_February.pkl
Caribbean,January,0.1286479330893462,0.1751424491465521,0.05,0.9,pickled_models\Prophet_Caribbean_January.pkl
Caribbean,July,0.3076099605672499,0.3433786024462298,0.05,0.9,pickled_models\Prophet_Caribbean_July.pkl
Caribbean,June,0.2425889309773543,0.362825889334568,0.05,0.85,pickled_models\Prophet_Caribbean_June.pkl
Caribbean,Summer,0.2339260616899341,0.2670711572512038,0.1,0.85,pickled_models\Prophet_Caribbean_Summer.pkl
Caribbean,March,0.3340936995240404,0.3876986995966989,0.05,0.9,pickled_models\Prophet_Caribbean_March.pkl
Caribbean,Spring,0.2147239229758109,0.2446809706207089,0.01,0.9,pickled_models\Prophet_Caribbean_Spring.pkl
Caribbean,May,0.2306080955065693,0.2698872214756881,0.3,0.9,pickled_models\Prophet_Caribbean_May.pkl
Caribbean,Meteorological year,0.1622972373945669,0.1999025472234209,0.05,0.85,pickled_models\Prophet_Caribbean_Meteorological_year.pkl
Caribbean,November,0.397158878579131,0.4474284021271896,0.01,0.85,pickled_models\Prophet_Caribbean_November.pkl
Caribbean,October,0.1984861866088516,0.2417652238447841,0.01,0.9,pickled_models\Prophet_Caribbean_October.pkl
Caribbean,September,0.2939056628997905,0.3463182658348108,0.4,0.85,pickled_models\Prophet_Caribbean_September.pkl
Caribbean,Autumn,0.2434780459745756,0.2761592265512428,0.1,0.9,pickled_models\Prophet_Caribbean_Autumn.pkl
Central America,April,0.2133740496732595,0.2333999088483111,0.6,0.85,pickled_models\Prophet_Central_America_April.pkl
Central America,August,0.3802204731061535,0.5430661691694499,0.6,0.9,pickled_models\Prophet_Central_America_August.pkl
Central America,December,0.6224476913136979,0.78572878662505,0.05,0.9,pickled_models\Prophet_Central_America_December.pkl
Central America,Winter,0.3140034340055648,0.4474258053181129,0.3,0.85,pickled_models\Prophet_Central_America_Winter.pkl
Central America,February,0.6601426726895785,0.7490949078898926,0.3,0.9,pickled_models\Prophet_Central_America_February.pkl
Central America,January,0.3961295732808269,0.440973035290959,0.05,0.9,pickled_models\Prophet_Central_America_January.pkl
Central America,July,0.3941718075474632,0.4777500125722155,0.6,0.85,pickled_models\Prophet_Central_America_July.pkl
Central America,June,0.136134777896567,0.1594292310594924,0.3,0.9,pickled_models\Prophet_Central_America_June.pkl
Central America,Summer,0.2428439975821071,0.3135290053046564,0.6,0.85,pickled_models\Prophet_Central_America_Summer.pkl
Central America,March,0.5689724456029226,0.6457287792357189,0.6,0.9,pickled_models\Prophet_Central_America_March.pkl
Central America,Spring,0.2762603887077133,0.3053459739767282,0.6,0.85,pickled_models\Prophet_Central_America_Spring.pkl
Central America,May,0.3483758422420964,0.4470402678223584,0.01,0.85,pickled_models\Prophet_Central_America_May.pkl
Central America,Meteorological year,0.2772226105955765,0.3170866230671915,0.6,0.85,pickled_models\Prophet_Central_America_Meteorological_year.pkl
Central America,November,0.7368089620038996,0.7783072828767221,0.1,0.9,pickled_models\Prophet_Central_America_November.pkl
Central America,October,0.5491236658879047,0.6266912408318688,0.3,0.85,pickled_models\Prophet_Central_America_October.pkl
Central America,September,0.3645107684443088,0.4300902431912778,0.6,0.85,pickled_models\Prophet_Central_America_September.pkl
Central America,Autumn,0.4744426888164509,0.5645314030035933,0.3,0.9,pickled_models\Prophet_Central_America_Autumn.pkl
Chad,April,0.7407228417650087,0.9294331863496051,0.5,0.9,pickled_models\Prophet_Chad_April.pkl
Chad,August,0.3638473720539479,0.446940275152295,0.05,0.85,pickled_models\Prophet_Chad_August.pkl
Chad,December,1.1464168543641546,1.3425788526037252,0.5,0.85,pickled_models\Prophet_Chad_December.pkl
Chad,Winter,0.5027777189476167,0.7798980603809239,0.4,0.9,pickled_models\Prophet_Chad_Winter.pkl
Chad,February,1.3591975400015368,1.4517422701203424,0.01,0.9,pickled_models\Prophet_Chad_February.pkl
Chad,January,1.2176078978522484,1.348523825869597,0.6,0.85,pickled_models\Prophet_Chad_January.pkl
Chad,July,0.5407401692822503,0.7398242692490442,0.6,0.9,pickled_models\Prophet_Chad_July.pkl
Chad,June,0.604363695027003,0.6399410420478346,0.6,0.9,pickled_models\Prophet_Chad_June.pkl
Chad,Summer,0.3276587754776563,0.4849891131488876,0.6,0.85,pickled_models\Prophet_Chad_Summer.pkl
Chad,March,0.8082075229287883,1.0850155390233116,0.6,0.9,pickled_models\Prophet_Chad_March.pkl
Chad,Spring,0.4925882712071729,0.5708426345218943,0.6,0.85,pickled_models\Prophet_Chad_Spring.pkl
Chad,May,0.4283740418329525,0.4871998475108444,0.1,0.9,pickled_models\Prophet_Chad_May.pkl
Chad,Meteorological year,0.1672890147751229,0.198045143798143,0.6,0.85,pickled_models\Prophet_Chad_Meteorological_year.pkl
Chad,November,0.5572619521104162,0.6921508588241605,0.6,0.85,pickled_models\Prophet_Chad_November.pkl
Chad,October,0.9047224864907176,1.1078241162030624,0.4,0.9,pickled_models\Prophet_Chad_October.pkl
Chad,September,0.3436914695451024,0.4172456887611474,0.05,0.9,pickled_models\Prophet_Chad_September.pkl
Chad,Autumn,0.5678307774865337,0.6217350796607312,0.3,0.85,pickled_models\Prophet_Chad_Autumn.pkl
Channel Islands,April,0.6639952976269844,0.7863005324252647,0.3,0.85,pickled_models\Prophet_Channel_Islands_April.pkl
Channel Islands,August,0.5311954058285474,0.695186462720231,0.05,0.85,pickled_models\Prophet_Channel_Islands_August.pkl
Channel Islands,December,1.2944546809952149,1.8679751154269315,0.3,0.85,pickled_models\Prophet_Channel_Islands_December.pkl
Channel Islands,Winter,0.6972851596177329,0.9768684476558988,0.5,0.9,pickled_models\Prophet_Channel_Islands_Winter.pkl
Channel Islands,February,1.3327868581612925,1.4321551170684754,0.4,0.9,pickled_models\Prophet_Channel_Islands_February.pkl
Channel Islands,January,1.0336347396597223,1.1470013582490897,0.3,0.85,pickled_models\Prophet_Channel_Islands_January.pkl
Channel Islands,July,0.6269503543993727,0.8519468313600245,0.3,0.9,pickled_models\Prophet_Channel_Islands_July.pkl
Channel Islands,June,0.5638197849769915,0.8010344234782573,0.1,0.9,pickled_models\Prophet_Channel_Islands_June.pkl
Channel Islands,Summer,0.3784687892294674,0.4735373921684095,0.1,0.9,pickled_models\Prophet_Channel_Islands_Summer.pkl
Channel Islands,March,0.9411579923097044,1.0538818452794745,0.05,0.85,pickled_models\Prophet_Channel_Islands_March.pkl
Channel Islands,Spring,0.3291882198228554,0.4811815822954369,0.6,0.85,pickled_models\Prophet_Channel_Islands_Spring.pkl
Channel Islands,May,0.5627162438416317,0.6757517635297448,0.4,0.9,pickled_models\Prophet_Channel_Islands_May.pkl
Channel Islands,Meteorological year,0.3024573860049865,0.3544017981466296,0.01,0.85,pickled_models\Prophet_Channel_Islands_Meteorological_year.pkl
Channel Islands,November,0.9754662216147436,1.203938886554313,0.6,0.85,pickled_models\Prophet_Channel_Islands_November.pkl
Channel Islands,October,0.6978045505763828,0.8418333680918557,0.6,0.9,pickled_models\Prophet_Channel_Islands_October.pkl
Channel Islands,September,0.993590918072491,1.1165980827826305,0.3,0.85,pickled_models\Prophet_Channel_Islands_September.pkl
Channel Islands,Autumn,0.3105569552148481,0.5400052327134585,0.05,0.9,pickled_models\Prophet_Channel_Islands_Autumn.pkl
Chile,April,0.4918408303976313,0.5829065109097874,0.4,0.9,pickled_models\Prophet_Chile_April.pkl
Chile,August,0.7622535048220644,0.8329953689684794,0.05,0.9,pickled_models\Prophet_Chile_August.pkl
Chile,December,0.2284840589300644,0.2656432288780878,0.01,0.9,pickled_models\Prophet_Chile_December.pkl
Chile,Winter,0.267308194998968,0.3602374663918821,0.05,0.9,pickled_models\Prophet_Chile_Winter.pkl
Chile,February,0.5692201140306002,0.6494383740897328,0.01,0.9,pickled_models\Prophet_Chile_February.pkl
Chile,January,0.3935547972836661,0.4878282443630254,0.01,0.85,pickled_models\Prophet_Chile_January.pkl
Chile,July,0.6486169902560018,0.6842022287622469,0.01,0.9,pickled_models\Prophet_Chile_July.pkl
Chile,June,0.4072035998765157,0.5342712013442052,0.01,0.9,pickled_models\Prophet_Chile_June.pkl
Chile,Summer,0.5422679186607245,0.5748150559798015,0.4,0.9,pickled_models\Prophet_Chile_Summer.pkl
Chile,March,0.6332478216933948,0.711746028282415,0.4,0.85,pickled_models\Prophet_Chile_March.pkl
Chile,Spring,0.3663823510626651,0.4974406957437599,0.4,0.9,pickled_models\Prophet_Chile_Spring.pkl
Chile,May,0.5427661560948951,0.5906735696375247,0.1,0.85,pickled_models\Prophet_Chile_May.pkl
Chile,Meteorological year,0.2637408894281021,0.3235031441872562,0.3,0.9,pickled_models\Prophet_Chile_Meteorological_year.pkl
Chile,November,0.4215608720231032,0.4896699241197511,0.5,0.85,pickled_models\Prophet_Chile_November.pkl
Chile,October,0.4658738981416836,0.5137452688739444,0.6,0.9,pickled_models\Prophet_Chile_October.pkl
Chile,September,0.3550457189369438,0.4537826275297097,0.5,0.9,pickled_models\Prophet_Chile_September.pkl
Chile,Autumn,0.2616704331993156,0.3476238917056183,0.05,0.9,pickled_models\Prophet_Chile_Autumn.pkl
China,April,0.5548363285449877,0.6306097326182446,0.6,0.85,pickled_models\Prophet_China_April.pkl
China,August,0.4102069051405481,0.5239706744504187,0.3,0.9,pickled_models\Prophet_China_August.pkl
China,December,0.9004072706640844,1.068707905898722,0.6,0.9,pickled_models\Prophet_China_December.pkl
China,Winter,0.4170394068343131,0.7165551499216308,0.5,0.85,pickled_models\Prophet_China_Winter.pkl
China,February,0.9680663719293122,1.0596595475067567,0.4,0.9,pickled_models\Prophet_China_February.pkl
China,January,1.0139061540929024,1.088159006958672,0.01,0.85,pickled_models\Prophet_China_January.pkl
China,July,0.3818983335924811,0.4297288315715198,0.6,0.9,pickled_models\Prophet_China_July.pkl
China,June,0.2428473396534036,0.2731690821888546,0.01,0.9,pickled_models\Prophet_China_June.pkl
China,Summer,0.2817211485190288,0.3194620151572446,0.05,0.85,pickled_models\Prophet_China_Summer.pkl
China,March,1.062310908277486,1.1634575315505495,0.6,0.85,pickled_models\Prophet_China_March.pkl
China,Spring,0.3178514933411141,0.3945721901282577,0.6,0.9,pickled_models\Prophet_China_Spring.pkl
China,May,0.3513495624660522,0.3756201821605188,0.1,0.9,pickled_models\Prophet_China_May.pkl
China,Meteorological year,0.0685939614842582,0.118467791602141,0.3,0.9,pickled_models\Prophet_China_Meteorological_year.pkl
China,November,0.3224948503267362,0.4153968130102066,0.5,0.85,pickled_models\Prophet_China_November.pkl
China,October,0.3428318296414459,0.4707645790660206,0.1,0.9,pickled_models\Prophet_China_October.pkl
China,September,0.4668708907621586,0.4797137682750939,0.6,0.85,pickled_models\Prophet_China_September.pkl
China,Autumn,0.2179405949934397,0.286926713748749,0.1,0.85,pickled_models\Prophet_China_Autumn.pkl
"China, Hong Kong SAR",April,0.6448367328623394,0.8304819369145838,0.1,0.85,"pickled_models\Prophet_China,_Hong_Kong_SAR_April.pkl"
"China, Hong Kong SAR",August,0.2312832172202774,0.2603277046909568,0.6,0.9,"pickled_models\Prophet_China,_Hong_Kong_SAR_August.pkl"
"China, Hong Kong SAR",December,1.1894331877630655,1.4001080650087847,0.1,0.85,"pickled_models\Prophet_China,_Hong_Kong_SAR_December.pkl"
"China, Hong Kong SAR",Winter,0.9630111349510216,1.1492426662000876,0.3,0.9,"pickled_models\Prophet_China,_Hong_Kong_SAR_Winter.pkl"
"China, Hong Kong SAR",February,1.5710849153439612,1.805690693793073,0.1,0.9,"pickled_models\Prophet_China,_Hong_Kong_SAR_February.pkl"
"China, Hong Kong SAR",January,1.1426312821515794,1.531812309657128,0.4,0.85,"pickled_models\Prophet_China,_Hong_Kong_SAR_January.pkl"
"China, Hong Kong SAR",July,0.4540042310041615,0.529237115577907,0.6,0.85,"pickled_models\Prophet_China,_Hong_Kong_SAR_July.pkl"
"China, Hong Kong SAR",June,0.8940754746708773,0.9439050701551648,0.1,0.85,"pickled_models\Prophet_China,_Hong_Kong_SAR_June.pkl"
"China, Hong Kong SAR",Summer,0.4423845733015821,0.4616470139637136,0.6,0.85,"pickled_models\Prophet_China,_Hong_Kong_SAR_Summer.pkl"
"China, Hong Kong SAR",March,1.034877932108263,1.1456301180782973,0.01,0.85,"pickled_models\Prophet_China,_Hong_Kong_SAR_March.pkl"
"China, Hong Kong SAR",Spring,0.4771022111010031,0.5920477441429532,0.6,0.85,"pickled_models\Prophet_China,_Hong_Kong_SAR_Spring.pkl"
"China, Hong Kong SAR",May,0.7921285914908397,1.063118433577385,0.5,0.9,"pickled_models\Prophet_China,_Hong_Kong_SAR_May.pkl"
"China, Hong Kong SAR",Meteorological year,0.3240667499385962,0.3888115466104134,0.6,0.85,"pickled_models\Prophet_China,_Hong_Kong_SAR_Meteorological_year.pkl"
"China, Hong Kong SAR",November,0.5823486728609003,0.7438760520065794,0.6,0.85,"pickled_models\Prophet_China,_Hong_Kong_SAR_November.pkl"
"China, Hong Kong SAR",October,0.5205925867272967,0.6378490283301633,0.6,0.85,"pickled_models\Prophet_China,_Hong_Kong_SAR_October.pkl"
"China, Hong Kong SAR",September,0.4689310837578646,0.6395408447280417,0.6,0.9,"pickled_models\Prophet_China,_Hong_Kong_SAR_September.pkl"
"China, Hong Kong SAR",Autumn,0.3017116281935088,0.3258194695495632,0.6,0.9,"pickled_models\Prophet_China,_Hong_Kong_SAR_Autumn.pkl"
"China, Macao SAR",April,0.6448367328623394,0.8304819369145838,0.1,0.85,"pickled_models\Prophet_China,_Macao_SAR_April.pkl"
"China, Macao SAR",August,0.2312832172202774,0.2603277046909568,0.6,0.9,"pickled_models\Prophet_China,_Macao_SAR_August.pkl"
"China, Macao SAR",December,1.1894331877630655,1.4001080650087847,0.1,0.85,"pickled_models\Prophet_China,_Macao_SAR_December.pkl"
"China, Macao SAR",Winter,0.9630111349510216,1.1492426662000876,0.3,0.9,"pickled_models\Prophet_China,_Macao_SAR_Winter.pkl"
"China, Macao SAR",February,1.5710849153439612,1.805690693793073,0.1,0.9,"pickled_models\Prophet_China,_Macao_SAR_February.pkl"
"China, Macao SAR",January,1.1426312821515794,1.531812309657128,0.4,0.85,"pickled_models\Prophet_China,_Macao_SAR_January.pkl"
"China, Macao SAR",July,0.4540042310041615,0.529237115577907,0.6,0.85,"pickled_models\Prophet_China,_Macao_SAR_July.pkl"
"China, Macao SAR",June,0.8940754746708773,0.9439050701551648,0.1,0.85,"pickled_models\Prophet_China,_Macao_SAR_June.pkl"
"China, Macao SAR",Summer,0.4423845733015821,0.4616470139637136,0.6,0.85,"pickled_models\Prophet_China,_Macao_SAR_Summer.pkl"
"China, Macao SAR",March,1.034877932108263,1.1456301180782973,0.01,0.85,"pickled_models\Prophet_China,_Macao_SAR_March.pkl"
"China, Macao SAR",Spring,0.4771022111010031,0.5920477441429532,0.6,0.85,"pickled_models\Prophet_China,_Macao_SAR_Spring.pkl"
"China, Macao SAR",May,0.7921285914908397,1.063118433577385,0.5,0.9,"pickled_models\Prophet_China,_Macao_SAR_May.pkl"
"China, Macao SAR",Meteorological year,0.3240667499385962,0.3888115466104134,0.6,0.85,"pickled_models\Prophet_China,_Macao_SAR_Meteorological_year.pkl"
"China, Macao SAR",November,0.5823486728609003,0.7438760520065794,0.6,0.85,"pickled_models\Prophet_China,_Macao_SAR_November.pkl"
"China, Macao SAR",October,0.5205925867272967,0.6378490283301633,0.6,0.85,"pickled_models\Prophet_China,_Macao_SAR_October.pkl"
"China, Macao SAR",September,0.4689310837578646,0.6395408447280417,0.6,0.9,"pickled_models\Prophet_China,_Macao_SAR_September.pkl"
"China, Macao SAR",Autumn,0.3017116281935088,0.3258194695495632,0.6,0.9,"pickled_models\Prophet_China,_Macao_SAR_Autumn.pkl"
"China, Taiwan Province of",April,1.1657101097294076,1.2699705939449122,0.5,0.85,"pickled_models\Prophet_China,_Taiwan_Province_of_April.pkl"
"China, Taiwan Province of",August,0.425771433528538,0.5172810847536699,0.3,0.9,"pickled_models\Prophet_China,_Taiwan_Province_of_August.pkl"
"China, Taiwan Province of",December,1.0005433053916242,1.135979753036234,0.3,0.85,"pickled_models\Prophet_China,_Taiwan_Province_of_December.pkl"
"China, Taiwan Province of",Winter,0.7735819613161367,0.7991253101232164,0.1,0.9,"pickled_models\Prophet_China,_Taiwan_Province_of_Winter.pkl"
"China, Taiwan Province of",February,0.7670870954045488,0.8970650314586185,0.3,0.85,"pickled_models\Prophet_China,_Taiwan_Province_of_February.pkl"
"China, Taiwan Province of",January,0.7375586543325504,0.9653733013664144,0.1,0.85,"pickled_models\Prophet_China,_Taiwan_Province_of_January.pkl"
"China, Taiwan Province of",July,0.3881506822513739,0.5992451624888891,0.6,0.85,"pickled_models\Prophet_China,_Taiwan_Province_of_July.pkl"
"China, Taiwan Province of",June,0.6693573175550419,0.7511212513233702,0.01,0.9,"pickled_models\Prophet_China,_Taiwan_Province_of_June.pkl"
"China, Taiwan Province of",Summer,0.2264403707262642,0.257296403879387,0.5,0.85,"pickled_models\Prophet_China,_Taiwan_Province_of_Summer.pkl"
"China, Taiwan Province of",March,0.9013380018666428,1.1065704184488878,0.5,0.85,"pickled_models\Prophet_China,_Taiwan_Province_of_March.pkl"
"China, Taiwan Province of",Spring,0.5879849087219918,0.9434779880966506,0.6,0.85,"pickled_models\Prophet_China,_Taiwan_Province_of_Spring.pkl"
"China, Taiwan Province of",May,1.062027305942366,1.3212617304218706,0.6,0.85,"pickled_models\Prophet_China,_Taiwan_Province_of_May.pkl"
"China, Taiwan Province of",Meteorological year,0.2328382521033225,0.2737046836192707,0.6,0.9,"pickled_models\Prophet_China,_Taiwan_Province_of_Meteorological_year.pkl"
"China, Taiwan Province of",November,0.4005477833662089,0.6431738146243356,0.6,0.85,"pickled_models\Prophet_China,_Taiwan_Province_of_November.pkl"
"China, Taiwan Province of",October,0.7675271377173801,0.9439336536834178,0.4,0.85,"pickled_models\Prophet_China,_Taiwan_Province_of_October.pkl"
"China, Taiwan Province of",September,0.7264219608582957,0.8994877258364009,0.6,0.9,"pickled_models\Prophet_China,_Taiwan_Province_of_September.pkl"
"China, Taiwan Province of",Autumn,0.4970901007533098,0.525111886964768,0.6,0.85,"pickled_models\Prophet_China,_Taiwan_Province_of_Autumn.pkl"
"China, mainland",April,0.5541578305704168,0.6295165698376743,0.6,0.85,"pickled_models\Prophet_China,_mainland_April.pkl"
"China, mainland",August,0.4121024675737186,0.5259840135668185,0.3,0.9,"pickled_models\Prophet_China,_mainland_August.pkl"
"China, mainland",December,0.9035202002580568,1.06997800974027,0.6,0.85,"pickled_models\Prophet_China,_mainland_December.pkl"
"China, mainland",Winter,0.409275596220141,0.6853408019103843,0.5,0.85,"pickled_models\Prophet_China,_mainland_Winter.pkl"
"China, mainland",February,0.970863843094635,1.0626182120298162,0.6,0.9,"pickled_models\Prophet_China,_mainland_February.pkl"
"China, mainland",January,1.0151237414776182,1.0898002145757664,0.01,0.85,"pickled_models\Prophet_China,_mainland_January.pkl"
"China, mainland",July,0.3821848219414803,0.4298094222389826,0.6,0.9,"pickled_models\Prophet_China,_mainland_July.pkl"
"China, mainland",June,0.2428848924008062,0.2738985671063249,0.01,0.9,"pickled_models\Prophet_China,_mainland_June.pkl"
"China, mainland",Summer,0.2823915695476104,0.3205425527298696,0.1,0.85,"pickled_models\Prophet_China,_mainland_Summer.pkl"
"China, mainland",March,1.0644748328976683,1.165233944947726,0.6,0.85,"pickled_models\Prophet_China,_mainland_March.pkl"
"China, mainland",Spring,0.3166118353217331,0.3927146546885851,0.6,0.9,"pickled_models\Prophet_China,_mainland_Spring.pkl"
"China, mainland",May,0.3500018648529655,0.3734706477496589,0.1,0.9,"pickled_models\Prophet_China,_mainland_May.pkl"
"China, mainland",Meteorological year,0.068413373461589,0.1183617624341361,0.3,0.85,"pickled_models\Prophet_China,_mainland_Meteorological_year.pkl"
"China, mainland",November,0.3231692103710338,0.4166505231835207,0.6,0.9,"pickled_models\Prophet_China,_mainland_November.pkl"
"China, mainland",October,0.3445195788357911,0.4724678415299737,0.1,0.9,"pickled_models\Prophet_China,_mainland_October.pkl"
"China, mainland",September,0.4678144143752498,0.4813786751513371,0.6,0.9,"pickled_models\Prophet_China,_mainland_September.pkl"
"China, mainland",Autumn,0.2194800351883983,0.2879430963078718,0.1,0.9,"pickled_models\Prophet_China,_mainland_Autumn.pkl"
Colombia,April,0.2689393328031627,0.33900473204577,0.5,0.85,pickled_models\Prophet_Colombia_April.pkl
Colombia,August,0.4031837260441618,0.4903625812775169,0.6,0.85,pickled_models\Prophet_Colombia_August.pkl
Colombia,December,0.5454822991520689,0.6562788174365476,0.6,0.9,pickled_models\Prophet_Colombia_December.pkl
Colombia,Winter,0.4697788773662033,0.5725096573455725,0.01,0.85,pickled_models\Prophet_Colombia_Winter.pkl
Colombia,February,0.8844752046192217,1.0047671959478812,0.5,0.85,pickled_models\Prophet_Colombia_February.pkl
Colombia,January,0.4260118589504763,0.5900597951278725,0.6,0.85,pickled_models\Prophet_Colombia_January.pkl
Colombia,July,0.3130622123514264,0.3630024215356097,0.6,0.85,pickled_models\Prophet_Colombia_July.pkl
Colombia,June,0.3200930086336722,0.4080717880437483,0.4,0.85,pickled_models\Prophet_Colombia_June.pkl
Colombia,Summer,0.2716911339060649,0.3162082121213585,0.6,0.85,pickled_models\Prophet_Colombia_Summer.pkl
Colombia,March,0.5244019176143299,0.6714054777253669,0.1,0.85,pickled_models\Prophet_Colombia_March.pkl
Colombia,Spring,0.2851682146523439,0.3431605840927867,0.4,0.9,pickled_models\Prophet_Colombia_Spring.pkl
Colombia,May,0.406132306732907,0.4565555260443443,0.6,0.9,pickled_models\Prophet_Colombia_May.pkl
Colombia,Meteorological year,0.2495993974020021,0.3047206099399936,0.6,0.9,pickled_models\Prophet_Colombia_Meteorological_year.pkl
Colombia,November,0.6863032856941217,0.7840108819801558,0.01,0.85,pickled_models\Prophet_Colombia_November.pkl
Colombia,October,0.3058927683349183,0.4090452766519843,0.6,0.85,pickled_models\Prophet_Colombia_October.pkl
Colombia,September,0.4279610760099904,0.4785408641097979,0.6,0.9,pickled_models\Prophet_Colombia_September.pkl
Colombia,Autumn,0.440694309034581,0.4863861945565468,0.6,0.9,pickled_models\Prophet_Colombia_Autumn.pkl
Cuba,April,0.5841415530942015,0.6232741563665525,0.3,0.9,pickled_models\Prophet_Cuba_April.pkl
Cuba,August,0.399226929859256,0.4296566481717598,0.1,0.9,pickled_models\Prophet_Cuba_August.pkl
Cuba,December,0.8826123012261942,1.0303337740901812,0.01,0.9,pickled_models\Prophet_Cuba_December.pkl
Cuba,Winter,0.5304144467565449,0.5793175443366316,0.01,0.85,pickled_models\Prophet_Cuba_Winter.pkl
Cuba,February,0.7756782869505597,0.8012326053214044,0.05,0.9,pickled_models\Prophet_Cuba_February.pkl
Cuba,January,0.2839520879927175,0.3240117643484779,0.01,0.85,pickled_models\Prophet_Cuba_January.pkl
Cuba,July,0.4712828410305498,0.4824874568152931,0.01,0.85,pickled_models\Prophet_Cuba_July.pkl
Cuba,June,0.2804085167085143,0.358792278206688,0.05,0.85,pickled_models\Prophet_Cuba_June.pkl
Cuba,Summer,0.3067143630030228,0.3395456530429882,0.05,0.85,pickled_models\Prophet_Cuba_Summer.pkl
Cuba,March,0.3738385997172548,0.4660882098672876,0.4,0.9,pickled_models\Prophet_Cuba_March.pkl
Cuba,Spring,0.3037856781219856,0.3983334584983814,0.3,0.85,pickled_models\Prophet_Cuba_Spring.pkl
Cuba,May,0.4094133136148221,0.4619825476881384,0.01,0.9,pickled_models\Prophet_Cuba_May.pkl
Cuba,Meteorological year,0.2721683278971833,0.3256894389389537,0.1,0.85,pickled_models\Prophet_Cuba_Meteorological_year.pkl
Cuba,November,0.6131303501150258,0.6879915070433724,0.01,0.85,pickled_models\Prophet_Cuba_November.pkl
Cuba,October,0.3174754259082848,0.4141070625006355,0.1,0.9,pickled_models\Prophet_Cuba_October.pkl
Cuba,September,0.3633968129891519,0.3907390417951633,0.5,0.9,pickled_models\Prophet_Cuba_September.pkl
Cuba,Autumn,0.3831696084581863,0.439264946030778,0.1,0.9,pickled_models\Prophet_Cuba_Autumn.pkl
Cyprus,April,1.240169591744272,1.3682832550163435,0.3,0.9,pickled_models\Prophet_Cyprus_April.pkl
Cyprus,August,0.194070124220398,0.2255079649628536,0.05,0.9,pickled_models\Prophet_Cyprus_August.pkl
Cyprus,December,1.1095544612544297,1.3435120799911289,0.6,0.85,pickled_models\Prophet_Cyprus_December.pkl
Cyprus,Winter,0.5527345174654127,0.8616783474446277,0.6,0.9,pickled_models\Prophet_Cyprus_Winter.pkl
Cyprus,February,1.0303884012246578,1.234323495046253,0.6,0.9,pickled_models\Prophet_Cyprus_February.pkl
Cyprus,January,0.8924759194782118,1.0616047769070345,0.6,0.9,pickled_models\Prophet_Cyprus_January.pkl
Cyprus,July,0.4439725127374792,0.546768501993546,0.01,0.85,pickled_models\Prophet_Cyprus_July.pkl
Cyprus,June,0.7225000033069703,0.9645543145910602,0.3,0.85,pickled_models\Prophet_Cyprus_June.pkl
Cyprus,Summer,0.3555565203761102,0.4959314551537562,0.3,0.85,pickled_models\Prophet_Cyprus_Summer.pkl
Cyprus,March,0.8630858846150805,1.053106311668578,0.6,0.9,pickled_models\Prophet_Cyprus_March.pkl
Cyprus,Spring,0.6828856597205452,0.9173945292730452,0.6,0.9,pickled_models\Prophet_Cyprus_Spring.pkl
Cyprus,May,0.5934046902979321,0.9092994393811048,0.6,0.85,pickled_models\Prophet_Cyprus_May.pkl
Cyprus,Meteorological year,0.3080579270405949,0.3945133815159133,0.6,0.9,pickled_models\Prophet_Cyprus_Meteorological_year.pkl
Cyprus,November,0.701672737224472,0.8943171949341863,0.6,0.9,pickled_models\Prophet_Cyprus_November.pkl
Cyprus,October,0.8384947543368737,0.9231044100227428,0.5,0.9,pickled_models\Prophet_Cyprus_October.pkl
Cyprus,September,0.6197109790903329,0.8525714398931893,0.6,0.9,pickled_models\Prophet_Cyprus_September.pkl
Cyprus,Autumn,0.558915819997001,0.6913567866538194,0.6,0.9,pickled_models\Prophet_Cyprus_Autumn.pkl
Côte d'Ivoire,April,0.3263913408620832,0.421510025146242,0.01,0.85,pickled_models\Prophet_Côte_d'Ivoire_April.pkl
Côte d'Ivoire,August,0.3278514388005814,0.3745824345427793,0.4,0.9,pickled_models\Prophet_Côte_d'Ivoire_August.pkl
Côte d'Ivoire,December,0.3186418248677713,0.4101539728866721,0.5,0.9,pickled_models\Prophet_Côte_d'Ivoire_December.pkl
Côte d'Ivoire,Winter,0.2287866310478963,0.3143688935855709,0.6,0.9,pickled_models\Prophet_Côte_d'Ivoire_Winter.pkl
Côte d'Ivoire,February,0.3525889675333054,0.4012854613366449,0.6,0.85,pickled_models\Prophet_Côte_d'Ivoire_February.pkl
Côte d'Ivoire,January,0.5688767470294552,0.5955512508709832,0.05,0.85,pickled_models\Prophet_Côte_d'Ivoire_January.pkl
Côte d'Ivoire,July,0.397200762401707,0.4664203602778756,0.6,0.85,pickled_models\Prophet_Côte_d'Ivoire_July.pkl
Côte d'Ivoire,June,0.1766765163644873,0.2282656822696305,0.3,0.85,pickled_models\Prophet_Côte_d'Ivoire_June.pkl
Côte d'Ivoire,Summer,0.2892649038051367,0.3375118462083372,0.5,0.9,pickled_models\Prophet_Côte_d'Ivoire_Summer.pkl
Côte d'Ivoire,March,0.423260196955095,0.4984275675547825,0.5,0.85,pickled_models\Prophet_Côte_d'Ivoire_March.pkl
Côte d'Ivoire,Spring,0.3251969494139539,0.3940993581025234,0.05,0.9,pickled_models\Prophet_Côte_d'Ivoire_Spring.pkl
Côte d'Ivoire,May,0.3060259770201622,0.3179937596768155,0.1,0.9,pickled_models\Prophet_Côte_d'Ivoire_May.pkl
Côte d'Ivoire,Meteorological year,0.2423262944129368,0.2980361780693475,0.1,0.9,pickled_models\Prophet_Côte_d'Ivoire_Meteorological_year.pkl
Côte d'Ivoire,November,0.2693730979989547,0.3366707741637854,0.01,0.9,pickled_models\Prophet_Côte_d'Ivoire_November.pkl
Côte d'Ivoire,October,0.4479018526599769,0.5338028202789884,0.6,0.85,pickled_models\Prophet_Côte_d'Ivoire_October.pkl
Côte d'Ivoire,September,0.4124322533138085,0.5032263898931223,0.01,0.85,pickled_models\Prophet_Côte_d'Ivoire_September.pkl
Côte d'Ivoire,Autumn,0.3466513964158365,0.4039685952763502,0.6,0.9,pickled_models\Prophet_Côte_d'Ivoire_Autumn.pkl
Democratic People's Republic of Korea,April,0.8797300247648687,0.989745512973042,0.05,0.85,pickled_models\Prophet_Democratic_People's_Republic_of_Korea_April.pkl
Democratic People's Republic of Korea,August,0.5932180180710762,0.701957131700383,0.6,0.85,pickled_models\Prophet_Democratic_People's_Republic_of_Korea_August.pkl
Democratic People's Republic of Korea,December,1.4826123297966765,1.6103133442285689,0.05,0.9,pickled_models\Prophet_Democratic_People's_Republic_of_Korea_December.pkl
Democratic People's Republic of Korea,Winter,0.6616454483473957,0.9364489379006208,0.05,0.9,pickled_models\Prophet_Democratic_People's_Republic_of_Korea_Winter.pkl
Democratic People's Republic of Korea,February,0.7755864096650349,1.1436999936772942,0.6,0.85,pickled_models\Prophet_Democratic_People's_Republic_of_Korea_February.pkl
Democratic People's Republic of Korea,January,1.3216659831142414,1.389165123746802,0.05,0.85,pickled_models\Prophet_Democratic_People's_Republic_of_Korea_January.pkl
Democratic People's Republic of Korea,July,0.6998092767357602,0.8832165686028026,0.3,0.85,pickled_models\Prophet_Democratic_People's_Republic_of_Korea_July.pkl
Democratic People's Republic of Korea,June,0.2263554621641842,0.261205980530068,0.01,0.85,pickled_models\Prophet_Democratic_People's_Republic_of_Korea_June.pkl
Democratic People's Republic of Korea,Summer,0.1798169748965472,0.214967527993113,0.6,0.9,pickled_models\Prophet_Democratic_People's_Republic_of_Korea_Summer.pkl
Democratic People's Republic of Korea,March,1.0545540136899068,1.1600948880720934,0.05,0.85,pickled_models\Prophet_Democratic_People's_Republic_of_Korea_March.pkl
Democratic People's Republic of Korea,Spring,0.816778405162372,0.8440141110403074,0.1,0.85,pickled_models\Prophet_Democratic_People's_Republic_of_Korea_Spring.pkl
Democratic People's Republic of Korea,May,0.5264280007952652,0.6248570343847715,0.6,0.9,pickled_models\Prophet_Democratic_People's_Republic_of_Korea_May.pkl
Democratic People's Republic of Korea,Meteorological year,0.3106562543247321,0.3594693054975195,0.05,0.9,pickled_models\Prophet_Democratic_People's_Republic_of_Korea_Meteorological_year.pkl
Democratic People's Republic of Korea,November,0.9800758993681724,1.099022140774175,0.5,0.9,pickled_models\Prophet_Democratic_People's_Republic_of_Korea_November.pkl
Democratic People's Republic of Korea,October,0.5585296711350846,0.6998667829591756,0.6,0.85,pickled_models\Prophet_Democratic_People's_Republic_of_Korea_October.pkl
Democratic People's Republic of Korea,September,0.5601102616395922,0.6538302978021386,0.6,0.9,pickled_models\Prophet_Democratic_People's_Republic_of_Korea_September.pkl
Democratic People's Republic of Korea,Autumn,0.3618490748194005,0.4019200616008833,0.05,0.9,pickled_models\Prophet_Democratic_People's_Republic_of_Korea_Autumn.pkl
Democratic Republic of the Congo,April,0.3027650493610443,0.3388993883566217,0.6,0.85,pickled_models\Prophet_Democratic_Republic_of_the_Congo_April.pkl
Democratic Republic of the Congo,August,0.3919279813942566,0.4233470639831101,0.4,0.85,pickled_models\Prophet_Democratic_Republic_of_the_Congo_August.pkl
Democratic Republic of the Congo,December,0.3565601516081225,0.4350029079700294,0.6,0.9,pickled_models\Prophet_Democratic_Republic_of_the_Congo_December.pkl
Democratic Republic of the Congo,Winter,0.255219616262656,0.302597700641821,0.6,0.9,pickled_models\Prophet_Democratic_Republic_of_the_Congo_Winter.pkl
Democratic Republic of the Congo,February,0.297230513252451,0.457836654659287,0.4,0.85,pickled_models\Prophet_Democratic_Republic_of_the_Congo_February.pkl
Democratic Republic of the Congo,January,0.4233224856441116,0.438961144019227,0.6,0.9,pickled_models\Prophet_Democratic_Republic_of_the_Congo_January.pkl
Democratic Republic of the Congo,July,0.5831757865366272,0.6278737699991964,0.6,0.85,pickled_models\Prophet_Democratic_Republic_of_the_Congo_July.pkl
Democratic Republic of the Congo,June,0.4283123670633806,0.4874709585972859,0.6,0.9,pickled_models\Prophet_Democratic_Republic_of_the_Congo_June.pkl
Democratic Republic of the Congo,Summer,0.4428950951571324,0.4721651361419768,0.6,0.9,pickled_models\Prophet_Democratic_Republic_of_the_Congo_Summer.pkl
Democratic Republic of the Congo,March,0.5335652477714959,0.6459315589910705,0.6,0.9,pickled_models\Prophet_Democratic_Republic_of_the_Congo_March.pkl
Democratic Republic of the Congo,Spring,0.1963835260603597,0.2739057086654175,0.01,0.9,pickled_models\Prophet_Democratic_Republic_of_the_Congo_Spring.pkl
Democratic Republic of the Congo,May,0.2681223564956413,0.3009577044448688,0.01,0.9,pickled_models\Prophet_Democratic_Republic_of_the_Congo_May.pkl
Democratic Republic of the Congo,Meteorological year,0.2047036708861143,0.2331322207525867,0.6,0.9,pickled_models\Prophet_Democratic_Republic_of_the_Congo_Meteorological_year.pkl
Democratic Republic of the Congo,November,0.6653693894010358,0.7153601878709136,0.6,0.85,pickled_models\Prophet_Democratic_Republic_of_the_Congo_November.pkl
Democratic Republic of the Congo,October,0.4979674853642424,0.5762422400316569,0.6,0.9,pickled_models\Prophet_Democratic_Republic_of_the_Congo_October.pkl
Democratic Republic of the Congo,September,0.4555713386039277,0.4736872185283879,0.6,0.9,pickled_models\Prophet_Democratic_Republic_of_the_Congo_September.pkl
Democratic Republic of the Congo,Autumn,0.4122958958531929,0.4444484698506475,0.6,0.85,pickled_models\Prophet_Democratic_Republic_of_the_Congo_Autumn.pkl
Denmark,April,0.8890910777778872,1.0149989144971012,0.6,0.9,pickled_models\Prophet_Denmark_April.pkl
Denmark,August,0.7477835554174598,0.8667629234621077,0.3,0.85,pickled_models\Prophet_Denmark_August.pkl
Denmark,December,1.7939835695463957,2.0961405787630225,0.4,0.9,pickled_models\Prophet_Denmark_December.pkl
Denmark,Winter,1.0683030789106296,1.2127815798441837,0.05,0.85,pickled_models\Prophet_Denmark_Winter.pkl
Denmark,February,1.8454664950758364,2.0576116399229654,0.4,0.85,pickled_models\Prophet_Denmark_February.pkl
Denmark,January,0.8649397683204786,1.0889782357990352,0.01,0.85,pickled_models\Prophet_Denmark_January.pkl
Denmark,July,1.3320504024776665,1.4340083306892215,0.5,0.85,pickled_models\Prophet_Denmark_July.pkl
Denmark,June,1.5749580550317834,1.7699203455469878,0.1,0.9,pickled_models\Prophet_Denmark_June.pkl
Denmark,Summer,0.7040062528731932,0.8423704834847648,0.01,0.9,pickled_models\Prophet_Denmark_Summer.pkl
Denmark,March,1.872775204861158,2.05590758139588,0.01,0.9,pickled_models\Prophet_Denmark_March.pkl
Denmark,Spring,0.4702385361132002,0.6205737063211464,0.5,0.9,pickled_models\Prophet_Denmark_Spring.pkl
Denmark,May,1.3654440968107189,1.6894660125950245,0.1,0.9,pickled_models\Prophet_Denmark_May.pkl
Denmark,Meteorological year,0.5950086898728849,0.7166814719976267,0.1,0.9,pickled_models\Prophet_Denmark_Meteorological_year.pkl
Denmark,November,0.903580118608962,1.2068345935625324,0.6,0.85,pickled_models\Prophet_Denmark_November.pkl
Denmark,October,1.1065640552298173,1.3926179767364657,0.3,0.85,pickled_models\Prophet_Denmark_October.pkl
Denmark,September,0.7979910839725957,1.2026885528074895,0.1,0.85,pickled_models\Prophet_Denmark_September.pkl
Denmark,Autumn,0.4420563546037312,0.6597587281868402,0.6,0.85,pickled_models\Prophet_Denmark_Autumn.pkl
Dominican Republic,April,0.5117657488275703,0.617318580956697,0.1,0.85,pickled_models\Prophet_Dominican_Republic_April.pkl
Dominican Republic,August,0.2596548615620644,0.3099039262947057,0.05,0.9,pickled_models\Prophet_Dominican_Republic_August.pkl
Dominican Republic,December,0.4598735477248063,0.5280682774458607,0.6,0.85,pickled_models\Prophet_Dominican_Republic_December.pkl
Dominican Republic,Winter,0.2603946989589504,0.2930830107289909,0.6,0.9,pickled_models\Prophet_Dominican_Republic_Winter.pkl
Dominican Republic,February,0.3601331225724597,0.414521845754471,0.6,0.85,pickled_models\Prophet_Dominican_Republic_February.pkl
Dominican Republic,January,0.3197623978904808,0.4025347467261323,0.01,0.85,pickled_models\Prophet_Dominican_Republic_January.pkl
Dominican Republic,July,0.3218979606321485,0.3787658589386242,0.1,0.85,pickled_models\Prophet_Dominican_Republic_July.pkl
Dominican Republic,June,0.3853881378665284,0.6889175853769106,0.5,0.9,pickled_models\Prophet_Dominican_Republic_June.pkl
Dominican Republic,Summer,0.2576122412926211,0.3453772674482652,0.05,0.9,pickled_models\Prophet_Dominican_Republic_Summer.pkl
Dominican Republic,March,0.3626776994978885,0.4225891295072816,0.05,0.9,pickled_models\Prophet_Dominican_Republic_March.pkl
Dominican Republic,Spring,0.3183146004654332,0.3498723862000989,0.6,0.9,pickled_models\Prophet_Dominican_Republic_Spring.pkl
Dominican Republic,May,0.3531034074869236,0.3733768045386131,0.6,0.85,pickled_models\Prophet_Dominican_Republic_May.pkl
Dominican Republic,Meteorological year,0.1133661489412639,0.1202704982285008,0.01,0.85,pickled_models\Prophet_Dominican_Republic_Meteorological_year.pkl
Dominican Republic,November,0.4745839498894389,0.5305531571710519,0.6,0.85,pickled_models\Prophet_Dominican_Republic_November.pkl
Dominican Republic,October,0.2922981252659087,0.369841083402721,0.3,0.9,pickled_models\Prophet_Dominican_Republic_October.pkl
Dominican Republic,September,0.6081721505919718,0.7067990382256268,0.01,0.85,pickled_models\Prophet_Dominican_Republic_September.pkl
Dominican Republic,Autumn,0.1270692788064761,0.2123615913137009,0.3,0.9,pickled_models\Prophet_Dominican_Republic_Autumn.pkl
Eastern Africa,April,0.3563334531028427,0.5091877310121871,0.01,0.85,pickled_models\Prophet_Eastern_Africa_April.pkl
Eastern Africa,August,0.3122471837360562,0.3680284591553232,0.6,0.85,pickled_models\Prophet_Eastern_Africa_August.pkl
Eastern Africa,December,0.2443323877444925,0.31350933496449,0.01,0.9,pickled_models\Prophet_Eastern_Africa_December.pkl
Eastern Africa,Winter,0.2157018064747915,0.2516538310613492,0.6,0.85,pickled_models\Prophet_Eastern_Africa_Winter.pkl
Eastern Africa,February,0.1930697472804481,0.2396620579336814,0.6,0.85,pickled_models\Prophet_Eastern_Africa_February.pkl
Eastern Africa,January,0.2548742612130011,0.2888521769098295,0.6,0.9,pickled_models\Prophet_Eastern_Africa_January.pkl
Eastern Africa,July,0.4768047004408961,0.5188318194057587,0.6,0.85,pickled_models\Prophet_Eastern_Africa_July.pkl
Eastern Africa,June,0.1963838641328031,0.2322598729570198,0.6,0.85,pickled_models\Prophet_Eastern_Africa_June.pkl
Eastern Africa,Summer,0.242732597965457,0.2857326987474811,0.6,0.9,pickled_models\Prophet_Eastern_Africa_Summer.pkl
Eastern Africa,March,0.4871414710427371,0.6910876133180018,0.3,0.9,pickled_models\Prophet_Eastern_Africa_March.pkl
Eastern Africa,Spring,0.3244986534427121,0.3911066917137539,0.6,0.85,pickled_models\Prophet_Eastern_Africa_Spring.pkl
Eastern Africa,May,0.3059650874288857,0.3896759398420016,0.6,0.85,pickled_models\Prophet_Eastern_Africa_May.pkl
Eastern Africa,Meteorological year,0.2103346096186771,0.225778002413462,0.6,0.9,pickled_models\Prophet_Eastern_Africa_Meteorological_year.pkl
Eastern Africa,November,0.3023156712124085,0.3574733450975062,0.3,0.85,pickled_models\Prophet_Eastern_Africa_November.pkl
Eastern Africa,October,0.4169261635163068,0.4708886712686528,0.6,0.85,pickled_models\Prophet_Eastern_Africa_October.pkl
Eastern Africa,September,0.3388606965860791,0.3532324898139592,0.6,0.9,pickled_models\Prophet_Eastern_Africa_September.pkl
Eastern Africa,Autumn,0.1822322329734888,0.2422296376188789,0.6,0.9,pickled_models\Prophet_Eastern_Africa_Autumn.pkl
Eastern Asia,April,0.6790500937543099,0.7313962935505808,0.6,0.9,pickled_models\Prophet_Eastern_Asia_April.pkl
Eastern Asia,August,0.4032277755564649,0.5008747315566214,0.3,0.85,pickled_models\Prophet_Eastern_Asia_August.pkl
Eastern Asia,December,0.9065855948738086,1.0828385981698936,0.5,0.85,pickled_models\Prophet_Eastern_Asia_December.pkl
Eastern Asia,Winter,0.484494777515196,0.6693076573571494,0.3,0.9,pickled_models\Prophet_Eastern_Asia_Winter.pkl
Eastern Asia,February,1.0473952823088215,1.127439705714916,0.6,0.9,pickled_models\Prophet_Eastern_Asia_February.pkl
Eastern Asia,January,1.2171158647636184,1.2925498346700202,0.05,0.9,pickled_models\Prophet_Eastern_Asia_January.pkl
Eastern Asia,July,0.3820043226414487,0.437446601906472,0.6,0.85,pickled_models\Prophet_Eastern_Asia_July.pkl
Eastern Asia,June,0.2692937750579892,0.3050777935796316,0.1,0.9,pickled_models\Prophet_Eastern_Asia_June.pkl
Eastern Asia,Summer,0.2921183534519547,0.3247453767701373,0.01,0.85,pickled_models\Prophet_Eastern_Asia_Summer.pkl
Eastern Asia,March,1.1691536700597258,1.2792183277648936,0.6,0.9,pickled_models\Prophet_Eastern_Asia_March.pkl
Eastern Asia,Spring,0.3688418061941652,0.4822346622181365,0.6,0.85,pickled_models\Prophet_Eastern_Asia_Spring.pkl
Eastern Asia,May,0.4394352424362589,0.4901195360349967,0.1,0.85,pickled_models\Prophet_Eastern_Asia_May.pkl
Eastern Asia,Meteorological year,0.108562744604569,0.1461464569079632,0.4,0.9,pickled_models\Prophet_Eastern_Asia_Meteorological_year.pkl
Eastern Asia,November,0.3223978004692782,0.4681557139023485,0.01,0.9,pickled_models\Prophet_Eastern_Asia_November.pkl
Eastern Asia,October,0.3973620555599392,0.472526636659447,0.1,0.9,pickled_models\Prophet_Eastern_Asia_October.pkl
Eastern Asia,September,0.5619971236686591,0.5924647194883002,0.6,0.9,pickled_models\Prophet_Eastern_Asia_September.pkl
Eastern Asia,Autumn,0.2486032360339581,0.3127678000746529,0.3,0.85,pickled_models\Prophet_Eastern_Asia_Autumn.pkl
Eastern Europe,April,0.7493293656599184,0.9627711054992788,0.6,0.9,pickled_models\Prophet_Eastern_Europe_April.pkl
Eastern Europe,August,0.3230673425180875,0.3893078269326669,0.6,0.9,pickled_models\Prophet_Eastern_Europe_August.pkl
Eastern Europe,December,1.5821203609677912,1.8074233612372093,0.6,0.9,pickled_models\Prophet_Eastern_Europe_December.pkl
Eastern Europe,Winter,1.2706606720022868,1.4449572367625547,0.1,0.85,pickled_models\Prophet_Eastern_Europe_Winter.pkl
Eastern Europe,February,1.858974025089422,2.2621537794691498,0.1,0.9,pickled_models\Prophet_Eastern_Europe_February.pkl
Eastern Europe,January,0.8087573401415143,1.1065459375578566,0.1,0.9,pickled_models\Prophet_Eastern_Europe_January.pkl
Eastern Europe,July,0.5574605891195272,0.5956030243604388,0.01,0.9,pickled_models\Prophet_Eastern_Europe_July.pkl
Eastern Europe,June,0.3407970978548193,0.4499748642938799,0.6,0.9,pickled_models\Prophet_Eastern_Europe_June.pkl
Eastern Europe,Summer,0.2064606176098471,0.2937096817287404,0.01,0.9,pickled_models\Prophet_Eastern_Europe_Summer.pkl
Eastern Europe,March,2.7980158028855144,2.9716516417274,0.3,0.85,pickled_models\Prophet_Eastern_Europe_March.pkl
Eastern Europe,Spring,1.00098041633947,1.0357667271694595,0.6,0.9,pickled_models\Prophet_Eastern_Europe_Spring.pkl
Eastern Europe,May,0.4266511622546948,0.6018820257805592,0.05,0.85,pickled_models\Prophet_Eastern_Europe_May.pkl
Eastern Europe,Meteorological year,0.3049432091253096,0.3602853295380472,0.6,0.9,pickled_models\Prophet_Eastern_Europe_Meteorological_year.pkl
Eastern Europe,November,0.7710050669840237,1.105756936623438,0.05,0.9,pickled_models\Prophet_Eastern_Europe_November.pkl
Eastern Europe,October,1.2672966034165618,1.3714450448170985,0.1,0.9,pickled_models\Prophet_Eastern_Europe_October.pkl
Eastern Europe,September,0.5932722815682473,0.656902499966853,0.5,0.9,pickled_models\Prophet_Eastern_Europe_September.pkl
Eastern Europe,Autumn,0.539701695027241,0.6544680808879069,0.01,0.85,pickled_models\Prophet_Eastern_Europe_Autumn.pkl
Ecuador,April,0.2673394134806545,0.3004780002040189,0.01,0.85,pickled_models\Prophet_Ecuador_April.pkl
Ecuador,August,0.3823841235458067,0.4558123813997248,0.6,0.9,pickled_models\Prophet_Ecuador_August.pkl
Ecuador,December,0.34921295089569,0.453557970418161,0.1,0.9,pickled_models\Prophet_Ecuador_December.pkl
Ecuador,Winter,0.2505645816110121,0.3792918362403463,0.6,0.9,pickled_models\Prophet_Ecuador_Winter.pkl
Ecuador,February,0.3404460083093029,0.4114650957216411,0.05,0.9,pickled_models\Prophet_Ecuador_February.pkl
Ecuador,January,0.4575791869689575,0.5525371222876823,0.6,0.9,pickled_models\Prophet_Ecuador_January.pkl
Ecuador,July,0.5103996910203864,0.6061732294497043,0.01,0.85,pickled_models\Prophet_Ecuador_July.pkl
Ecuador,June,0.4343037898333773,0.4754525098336677,0.3,0.9,pickled_models\Prophet_Ecuador_June.pkl
Ecuador,Summer,0.3620578607022689,0.4054683147134975,0.05,0.85,pickled_models\Prophet_Ecuador_Summer.pkl
Ecuador,March,0.3403852235293345,0.4072694843861442,0.6,0.9,pickled_models\Prophet_Ecuador_March.pkl
Ecuador,Spring,0.2219430907794343,0.2946958542262359,0.1,0.85,pickled_models\Prophet_Ecuador_Spring.pkl
Ecuador,May,0.3493113889598279,0.3701215416403454,0.05,0.9,pickled_models\Prophet_Ecuador_May.pkl
Ecuador,Meteorological year,0.2129005814612702,0.2722611300387794,0.05,0.9,pickled_models\Prophet_Ecuador_Meteorological_year.pkl
Ecuador,November,0.3500389405448465,0.4506303752767676,0.3,0.85,pickled_models\Prophet_Ecuador_November.pkl
Ecuador,October,0.3409599684616828,0.4409330533956487,0.6,0.85,pickled_models\Prophet_Ecuador_October.pkl
Ecuador,September,0.2693818669469616,0.425256250858505,0.6,0.9,pickled_models\Prophet_Ecuador_September.pkl
Ecuador,Autumn,0.2435496358654805,0.384410751578115,0.01,0.9,pickled_models\Prophet_Ecuador_Autumn.pkl
Egypt,April,0.9426032323182209,1.076879663662636,0.1,0.85,pickled_models\Prophet_Egypt_April.pkl
Egypt,August,0.480472719689373,0.7307241124629725,0.3,0.9,pickled_models\Prophet_Egypt_August.pkl
Egypt,December,0.8716308081223308,1.0441027787157726,0.4,0.85,pickled_models\Prophet_Egypt_December.pkl
Egypt,Winter,0.6951911480677696,0.8755883435776229,0.3,0.9,pickled_models\Prophet_Egypt_Winter.pkl
Egypt,February,1.1544574823827078,1.4789329459344098,0.05,0.9,pickled_models\Prophet_Egypt_February.pkl
Egypt,January,0.6627777431041567,0.7595509258540691,0.3,0.9,pickled_models\Prophet_Egypt_January.pkl
Egypt,July,0.2558535496729169,0.346971503284299,0.4,0.85,pickled_models\Prophet_Egypt_July.pkl
Egypt,June,0.7792116158112115,0.9051843812892818,0.6,0.9,pickled_models\Prophet_Egypt_June.pkl
Egypt,Summer,0.1975973478543777,0.2249397684652317,0.6,0.85,pickled_models\Prophet_Egypt_Summer.pkl
Egypt,March,1.3191355734085044,1.5522147749750297,0.6,0.85,pickled_models\Prophet_Egypt_March.pkl
Egypt,Spring,0.8006022867750567,1.0294790086637724,0.4,0.9,pickled_models\Prophet_Egypt_Spring.pkl
Egypt,May,0.7519519011109729,0.9345131702779808,0.6,0.9,pickled_models\Prophet_Egypt_May.pkl
Egypt,Meteorological year,0.3300420480918178,0.4368305640118156,0.4,0.9,pickled_models\Prophet_Egypt_Meteorological_year.pkl
Egypt,November,0.6634324142698387,0.7617639217816319,0.6,0.85,pickled_models\Prophet_Egypt_November.pkl
Egypt,October,0.8506131566654339,0.9451574491942312,0.6,0.9,pickled_models\Prophet_Egypt_October.pkl
Egypt,September,0.4459519276036978,0.75524402103687,0.05,0.85,pickled_models\Prophet_Egypt_September.pkl
Egypt,Autumn,0.5486674923135966,0.6577323282513822,0.6,0.85,pickled_models\Prophet_Egypt_Autumn.pkl
El Salvador,April,0.4243571070883585,0.5091894155775879,0.6,0.85,pickled_models\Prophet_El_Salvador_April.pkl
El Salvador,August,0.3452840150556527,0.5001948670520221,0.3,0.85,pickled_models\Prophet_El_Salvador_August.pkl
El Salvador,December,0.5206003712208173,0.6718836633229872,0.1,0.85,pickled_models\Prophet_El_Salvador_December.pkl
El Salvador,Winter,0.2767372372037668,0.3007331346901126,0.5,0.85,pickled_models\Prophet_El_Salvador_Winter.pkl
El Salvador,February,0.2924176803249153,0.3566445853085621,0.5,0.85,pickled_models\Prophet_El_Salvador_February.pkl
El Salvador,January,0.4711061773268394,0.5756109762046719,0.05,0.9,pickled_models\Prophet_El_Salvador_January.pkl
El Salvador,July,0.2534431847580677,0.3538385623974237,0.01,0.85,pickled_models\Prophet_El_Salvador_July.pkl
El Salvador,June,0.4152239851514626,0.4568104684442527,0.6,0.85,pickled_models\Prophet_El_Salvador_June.pkl
El Salvador,Summer,0.2733224468366311,0.348704430561504,0.01,0.9,pickled_models\Prophet_El_Salvador_Summer.pkl
El Salvador,March,0.2076845025322349,0.2510266878402006,0.4,0.9,pickled_models\Prophet_El_Salvador_March.pkl
El Salvador,Spring,0.2949511867472842,0.394368447005432,0.5,0.85,pickled_models\Prophet_El_Salvador_Spring.pkl
El Salvador,May,0.4156817540782977,0.5023456628252266,0.6,0.9,pickled_models\Prophet_El_Salvador_May.pkl
El Salvador,Meteorological year,0.2182908559586849,0.2358727196379399,0.1,0.9,pickled_models\Prophet_El_Salvador_Meteorological_year.pkl
El Salvador,November,0.4275415457175999,0.4876378789163801,0.01,0.85,pickled_models\Prophet_El_Salvador_November.pkl
El Salvador,October,0.329992783796722,0.3799457556822334,0.1,0.85,pickled_models\Prophet_El_Salvador_October.pkl
El Salvador,September,0.1868300030322756,0.2250446050988938,0.3,0.85,pickled_models\Prophet_El_Salvador_September.pkl
El Salvador,Autumn,0.2749994251891169,0.3348017042634137,0.05,0.85,pickled_models\Prophet_El_Salvador_Autumn.pkl
Europe,April,0.5645493110039584,0.7550035504350108,0.6,0.9,pickled_models\Prophet_Europe_April.pkl
Europe,August,0.2081709143072451,0.2627793049847499,0.6,0.9,pickled_models\Prophet_Europe_August.pkl
Europe,December,1.393225565580231,1.6742618415934607,0.4,0.9,pickled_models\Prophet_Europe_December.pkl
Europe,Winter,1.161367186304777,1.2899492900105074,0.4,0.9,pickled_models\Prophet_Europe_Winter.pkl
Europe,February,1.7249192665356654,2.07823413298854,0.05,0.85,pickled_models\Prophet_Europe_February.pkl
Europe,January,0.6585304448680341,0.8895788160051862,0.1,0.9,pickled_models\Prophet_Europe_January.pkl
Europe,July,0.4361478361103164,0.4847571097851473,0.05,0.9,pickled_models\Prophet_Europe_July.pkl
Europe,June,0.2761722105642601,0.3725291986489904,0.5,0.85,pickled_models\Prophet_Europe_June.pkl
Europe,Summer,0.1947654117678394,0.2547581323209834,0.05,0.85,pickled_models\Prophet_Europe_Summer.pkl
Europe,March,2.4860643157759568,2.622546736785528,0.01,0.85,pickled_models\Prophet_Europe_March.pkl
Europe,Spring,0.8208309646674353,0.8575716422863441,0.6,0.85,pickled_models\Prophet_Europe_Spring.pkl
Europe,May,0.277516345652673,0.4492207998811117,0.01,0.9,pickled_models\Prophet_Europe_May.pkl
Europe,Meteorological year,0.294222452626282,0.3278990163540646,0.6,0.9,pickled_models\Prophet_Europe_Meteorological_year.pkl
Europe,November,0.5471328231074662,0.9054649346490572,0.1,0.9,pickled_models\Prophet_Europe_November.pkl
Europe,October,0.9873932647740264,1.08142006514706,0.1,0.85,pickled_models\Prophet_Europe_October.pkl
Europe,September,0.5502904598933717,0.65884819775853,0.4,0.85,pickled_models\Prophet_Europe_September.pkl
Europe,Autumn,0.4106230002871117,0.519071995635493,0.05,0.9,pickled_models\Prophet_Europe_Autumn.pkl
European Union,April,0.6668235493376127,0.8937584593487322,0.05,0.85,pickled_models\Prophet_European_Union_April.pkl
European Union,August,0.51053409799117,0.5989408072024647,0.5,0.9,pickled_models\Prophet_European_Union_August.pkl
European Union,December,1.2305462761255268,1.5857229525272962,0.05,0.85,pickled_models\Prophet_European_Union_December.pkl
European Union,Winter,0.7591597103730422,0.9754053274401974,0.01,0.85,pickled_models\Prophet_European_Union_Winter.pkl
European Union,February,1.9599259061487204,2.07231697372228,0.5,0.9,pickled_models\Prophet_European_Union_February.pkl
European Union,January,1.0414844859530572,1.1250886280466077,0.5,0.85,pickled_models\Prophet_European_Union_January.pkl
European Union,July,0.3593769979792545,0.4654627060832956,0.6,0.9,pickled_models\Prophet_European_Union_July.pkl
European Union,June,0.5268202759141983,0.6504749020004501,0.6,0.9,pickled_models\Prophet_European_Union_June.pkl
European Union,Summer,0.2797885250731822,0.3616850557130208,0.3,0.85,pickled_models\Prophet_European_Union_Summer.pkl
European Union,March,1.2480980292366302,1.4342508730685897,0.05,0.85,pickled_models\Prophet_European_Union_March.pkl
European Union,Spring,0.2323149293134221,0.3083646865407591,0.6,0.85,pickled_models\Prophet_European_Union_Spring.pkl
European Union,May,0.6572077024666577,0.9137217829315988,0.01,0.9,pickled_models\Prophet_European_Union_May.pkl
European Union,Meteorological year,0.3463071809247342,0.3883621125984673,0.6,0.9,pickled_models\Prophet_European_Union_Meteorological_year.pkl
European Union,November,0.7637437903352969,0.9073598843227986,0.6,0.85,pickled_models\Prophet_European_Union_November.pkl
European Union,October,0.6595067937412713,0.6910510662734559,0.6,0.9,pickled_models\Prophet_European_Union_October.pkl
European Union,September,0.6816589925131987,0.8343642029608362,0.6,0.85,pickled_models\Prophet_European_Union_September.pkl
European Union,Autumn,0.3618741091341063,0.4259757825602351,0.6,0.85,pickled_models\Prophet_European_Union_Autumn.pkl
Faroe Islands,April,0.6678621747613454,0.7674568727752272,0.01,0.9,pickled_models\Prophet_Faroe_Islands_April.pkl
Faroe Islands,August,0.2277340319061913,0.2725299072380119,0.6,0.85,pickled_models\Prophet_Faroe_Islands_August.pkl
Faroe Islands,December,0.7859828839468489,0.9993023649463816,0.05,0.9,pickled_models\Prophet_Faroe_Islands_December.pkl
Faroe Islands,Winter,0.7742330568532155,0.8632026054868626,0.6,0.9,pickled_models\Prophet_Faroe_Islands_Winter.pkl
Faroe Islands,February,0.8641551065688868,1.0496940543582345,0.4,0.85,pickled_models\Prophet_Faroe_Islands_February.pkl
Faroe Islands,January,1.149336588905382,1.1679315118186908,0.3,0.9,pickled_models\Prophet_Faroe_Islands_January.pkl
Faroe Islands,July,0.3702586891609186,0.5000080839122465,0.5,0.9,pickled_models\Prophet_Faroe_Islands_July.pkl
Faroe Islands,June,0.4773445085580741,0.5693018329112819,0.1,0.9,pickled_models\Prophet_Faroe_Islands_June.pkl
Faroe Islands,Summer,0.2096338252847246,0.2985895120288789,0.6,0.85,pickled_models\Prophet_Faroe_Islands_Summer.pkl
Faroe Islands,March,0.5298441497153829,0.6677084636433555,0.5,0.9,pickled_models\Prophet_Faroe_Islands_March.pkl
Faroe Islands,Spring,0.3852027566024417,0.4595889405108537,0.6,0.9,pickled_models\Prophet_Faroe_Islands_Spring.pkl
Faroe Islands,May,0.8220347915367809,0.8857350215625286,0.01,0.9,pickled_models\Prophet_Faroe_Islands_May.pkl
Faroe Islands,Meteorological year,0.3473384572812039,0.4219146947934439,0.1,0.85,pickled_models\Prophet_Faroe_Islands_Meteorological_year.pkl
Faroe Islands,November,1.379412912674822,1.5894951569719349,0.01,0.85,pickled_models\Prophet_Faroe_Islands_November.pkl
Faroe Islands,October,0.8260269268378643,0.9286752935298428,0.6,0.9,pickled_models\Prophet_Faroe_Islands_October.pkl
Faroe Islands,September,0.692321957178155,0.7602921275872723,0.6,0.85,pickled_models\Prophet_Faroe_Islands_September.pkl
Faroe Islands,Autumn,0.6238701734268459,0.7368905666847637,0.01,0.85,pickled_models\Prophet_Faroe_Islands_Autumn.pkl
Fiji,April,0.4906141142828837,0.5555045109539988,0.05,0.85,pickled_models\Prophet_Fiji_April.pkl
Fiji,August,0.4084644731984115,0.4344168001773818,0.01,0.9,pickled_models\Prophet_Fiji_August.pkl
Fiji,December,0.1587769514022635,0.1879309655163602,0.3,0.9,pickled_models\Prophet_Fiji_December.pkl
Fiji,Winter,0.3433269508109966,0.3734910130158678,0.05,0.9,pickled_models\Prophet_Fiji_Winter.pkl
Fiji,February,0.4844721739877842,0.5785924072266497,0.01,0.85,pickled_models\Prophet_Fiji_February.pkl
Fiji,January,0.5576263826831456,0.5947124756489489,0.1,0.9,pickled_models\Prophet_Fiji_January.pkl
Fiji,July,0.3153794235662748,0.4305407958018368,0.6,0.9,pickled_models\Prophet_Fiji_July.pkl
Fiji,June,0.1934532300697977,0.2588884819832749,0.4,0.85,pickled_models\Prophet_Fiji_June.pkl
Fiji,Summer,0.2459791450394454,0.2872629360343937,0.3,0.9,pickled_models\Prophet_Fiji_Summer.pkl
Fiji,March,0.2669677697628624,0.3802621441503971,0.05,0.9,pickled_models\Prophet_Fiji_March.pkl
Fiji,Spring,0.2777880942885433,0.3062284163710346,0.05,0.9,pickled_models\Prophet_Fiji_Spring.pkl
Fiji,May,0.5097723101833399,0.5583955088311708,0.01,0.9,pickled_models\Prophet_Fiji_May.pkl
Fiji,Meteorological year,0.1466407313757166,0.1703531026355513,0.6,0.85,pickled_models\Prophet_Fiji_Meteorological_year.pkl
Fiji,November,0.3692400245210717,0.4410623151381013,0.1,0.9,pickled_models\Prophet_Fiji_November.pkl
Fiji,October,0.603970755483373,0.686604224100898,0.05,0.9,pickled_models\Prophet_Fiji_October.pkl
Fiji,September,0.4265396487515449,0.4712616100052866,0.3,0.85,pickled_models\Prophet_Fiji_September.pkl
Fiji,Autumn,0.3364876710813325,0.4012253039927533,0.6,0.85,pickled_models\Prophet_Fiji_Autumn.pkl
Finland,April,1.0215595633723185,1.2432807175767688,0.1,0.85,pickled_models\Prophet_Finland_April.pkl
Finland,August,0.7178372533871187,0.7611842807009856,0.1,0.9,pickled_models\Prophet_Finland_August.pkl
Finland,December,1.897939958522575,2.1942060799395744,0.3,0.85,pickled_models\Prophet_Finland_December.pkl
Finland,Winter,1.22718181003688,1.5788314561470704,0.3,0.85,pickled_models\Prophet_Finland_Winter.pkl
Finland,February,3.934390304600137,4.271090917024781,0.5,0.9,pickled_models\Prophet_Finland_February.pkl
Finland,January,2.3623842814026843,3.053497325016853,0.4,0.9,pickled_models\Prophet_Finland_January.pkl
Finland,July,1.8657664199102528,2.028232601359704,0.4,0.85,pickled_models\Prophet_Finland_July.pkl
Finland,June,1.0492782328991606,1.1741470155926683,0.1,0.85,pickled_models\Prophet_Finland_June.pkl
Finland,Summer,0.7690488390045801,0.9030046404262496,0.01,0.9,pickled_models\Prophet_Finland_Summer.pkl
Finland,March,2.4958026687526718,2.8383399712666515,0.05,0.85,pickled_models\Prophet_Finland_March.pkl
Finland,Spring,1.0371380182613714,1.1537475259031238,0.3,0.85,pickled_models\Prophet_Finland_Spring.pkl
Finland,May,1.5678678771873835,1.9761648671419263,0.01,0.85,pickled_models\Prophet_Finland_May.pkl
Finland,Meteorological year,0.5731239003886189,0.6524065044307792,0.6,0.85,pickled_models\Prophet_Finland_Meteorological_year.pkl
Finland,November,1.4252082630804803,1.6936547687963903,0.6,0.85,pickled_models\Prophet_Finland_November.pkl
Finland,October,0.5154337096518079,0.7475619555725437,0.01,0.9,pickled_models\Prophet_Finland_October.pkl
Finland,September,0.6865291044063581,0.7632256446573242,0.6,0.9,pickled_models\Prophet_Finland_September.pkl
Finland,Autumn,0.740909889704452,0.9638095215455784,0.3,0.85,pickled_models\Prophet_Finland_Autumn.pkl
France,April,0.8529140908342475,1.0881281374514165,0.01,0.85,pickled_models\Prophet_France_April.pkl
France,August,0.5977466015280407,0.9397564403454596,0.01,0.9,pickled_models\Prophet_France_August.pkl
France,December,1.2446577018511982,1.7000831212469971,0.01,0.9,pickled_models\Prophet_France_December.pkl
France,Winter,0.7846668036701602,1.0960491275636364,0.05,0.9,pickled_models\Prophet_France_Winter.pkl
France,February,1.8526599382809776,1.9304326440967,0.1,0.9,pickled_models\Prophet_France_February.pkl
France,January,1.5458296963363487,1.7361567829933524,0.01,0.9,pickled_models\Prophet_France_January.pkl
France,July,0.9377488808395436,1.1386649188367497,0.4,0.9,pickled_models\Prophet_France_July.pkl
France,June,0.6973222046776391,0.8383852653030557,0.5,0.9,pickled_models\Prophet_France_June.pkl
France,Summer,0.7441756927877882,0.8065019938515265,0.05,0.85,pickled_models\Prophet_France_Summer.pkl
France,March,0.9976578895593052,1.1185796703334585,0.5,0.9,pickled_models\Prophet_France_March.pkl
France,Spring,0.4386693357800067,0.5727410748469429,0.6,0.85,pickled_models\Prophet_France_Spring.pkl
France,May,0.8918941345705585,1.076467693882784,0.4,0.9,pickled_models\Prophet_France_May.pkl
France,Meteorological year,0.4070833508836481,0.4371014611676962,0.5,0.9,pickled_models\Prophet_France_Meteorological_year.pkl
France,November,0.992916491210245,1.3094293745491123,0.05,0.85,pickled_models\Prophet_France_November.pkl
France,October,1.0382415911801457,1.117290463341975,0.6,0.85,pickled_models\Prophet_France_October.pkl
France,September,1.3392090667327594,1.3940477893961347,0.01,0.85,pickled_models\Prophet_France_September.pkl
France,Autumn,0.567402483098873,0.7676997910186402,0.6,0.9,pickled_models\Prophet_France_Autumn.pkl
French Guiana,April,0.2277530485483272,0.2869864391464055,0.6,0.85,pickled_models\Prophet_French_Guiana_April.pkl
French Guiana,August,0.2622234339372762,0.3004248128187668,0.3,0.85,pickled_models\Prophet_French_Guiana_August.pkl
French Guiana,December,0.2470060105716946,0.3416285837760759,0.6,0.9,pickled_models\Prophet_French_Guiana_December.pkl
French Guiana,Winter,0.1553774535777385,0.2094643419422518,0.01,0.85,pickled_models\Prophet_French_Guiana_Winter.pkl
French Guiana,February,0.2619876647673663,0.3374417601211552,0.1,0.9,pickled_models\Prophet_French_Guiana_February.pkl
French Guiana,January,0.1587028833348922,0.1936538942061699,0.3,0.9,pickled_models\Prophet_French_Guiana_January.pkl
French Guiana,July,0.1833595174000826,0.2251356581140716,0.6,0.9,pickled_models\Prophet_French_Guiana_July.pkl
French Guiana,June,0.3050718564016401,0.3307462220404791,0.6,0.85,pickled_models\Prophet_French_Guiana_June.pkl
French Guiana,Summer,0.187366253772561,0.2270775818312994,0.6,0.85,pickled_models\Prophet_French_Guiana_Summer.pkl
French Guiana,March,0.2707271580241727,0.3417214098362152,0.1,0.9,pickled_models\Prophet_French_Guiana_March.pkl
French Guiana,Spring,0.2335380488686626,0.2941573708361344,0.3,0.85,pickled_models\Prophet_French_Guiana_Spring.pkl
French Guiana,May,0.242885256459059,0.3184904542449822,0.6,0.9,pickled_models\Prophet_French_Guiana_May.pkl
French Guiana,Meteorological year,0.1333804298298956,0.1856261428452533,0.6,0.9,pickled_models\Prophet_French_Guiana_Meteorological_year.pkl
French Guiana,November,0.2930655672601639,0.3521232108626738,0.6,0.85,pickled_models\Prophet_French_Guiana_November.pkl
French Guiana,October,0.1531059483215456,0.1957560349993234,0.6,0.9,pickled_models\Prophet_French_Guiana_October.pkl
French Guiana,September,0.286021715481073,0.3262168327094899,0.6,0.85,pickled_models\Prophet_French_Guiana_September.pkl
French Guiana,Autumn,0.2021806753453227,0.2495592397944047,0.6,0.9,pickled_models\Prophet_French_Guiana_Autumn.pkl
French Polynesia,April,0.236644306478072,0.3114900795061343,0.05,0.85,pickled_models\Prophet_French_Polynesia_April.pkl
French Polynesia,August,0.2443009048977499,0.2994136910009969,0.6,0.85,pickled_models\Prophet_French_Polynesia_August.pkl
French Polynesia,December,0.2255134296222454,0.2450694406624794,0.5,0.9,pickled_models\Prophet_French_Polynesia_December.pkl
French Polynesia,Winter,0.2339211232958903,0.2699699342130109,0.05,0.85,pickled_models\Prophet_French_Polynesia_Winter.pkl
French Polynesia,February,0.3918701017469543,0.4465398724116503,0.01,0.9,pickled_models\Prophet_French_Polynesia_February.pkl
French Polynesia,January,0.1602393206715608,0.182649995516691,0.01,0.9,pickled_models\Prophet_French_Polynesia_January.pkl
French Polynesia,July,0.2800326940574587,0.3373144627389918,0.4,0.85,pickled_models\Prophet_French_Polynesia_July.pkl
French Polynesia,June,0.1933857984850646,0.2594032880991136,0.01,0.85,pickled_models\Prophet_French_Polynesia_June.pkl
French Polynesia,Summer,0.1452968375806738,0.1858016212198303,0.4,0.85,pickled_models\Prophet_French_Polynesia_Summer.pkl
French Polynesia,March,0.3832727204020847,0.4533468085879497,0.6,0.85,pickled_models\Prophet_French_Polynesia_March.pkl
French Polynesia,Spring,0.2477423248700242,0.2898574581907045,0.4,0.9,pickled_models\Prophet_French_Polynesia_Spring.pkl
French Polynesia,May,0.1689186855398141,0.1880914005593531,0.3,0.85,pickled_models\Prophet_French_Polynesia_May.pkl
French Polynesia,Meteorological year,0.1509864660537272,0.1872401383302714,0.1,0.85,pickled_models\Prophet_French_Polynesia_Meteorological_year.pkl
French Polynesia,November,0.1754112374655503,0.1972067630554037,0.05,0.9,pickled_models\Prophet_French_Polynesia_November.pkl
French Polynesia,October,0.3187315238911879,0.3634461411789604,0.6,0.85,pickled_models\Prophet_French_Polynesia_October.pkl
French Polynesia,September,0.3093647459810855,0.3621013386950563,0.6,0.9,pickled_models\Prophet_French_Polynesia_September.pkl
French Polynesia,Autumn,0.2200829427474534,0.2408466368659738,0.01,0.9,pickled_models\Prophet_French_Polynesia_Autumn.pkl
Gambia,April,0.4244055518971589,0.55106555761739,0.4,0.85,pickled_models\Prophet_Gambia_April.pkl
Gambia,August,0.3103150168364937,0.3830508281887709,0.01,0.9,pickled_models\Prophet_Gambia_August.pkl
Gambia,December,0.351383297103193,0.4169679521215425,0.3,0.85,pickled_models\Prophet_Gambia_December.pkl
Gambia,Winter,0.4203793204901936,0.4711669737120479,0.3,0.85,pickled_models\Prophet_Gambia_Winter.pkl
Gambia,February,0.4564532160354857,0.714258154495677,0.3,0.85,pickled_models\Prophet_Gambia_February.pkl
Gambia,January,0.4719842040685849,0.6823259521233868,0.3,0.9,pickled_models\Prophet_Gambia_January.pkl
Gambia,July,0.353276505877405,0.5013323714147696,0.6,0.9,pickled_models\Prophet_Gambia_July.pkl
Gambia,June,0.4011145678813179,0.4547997382666043,0.3,0.9,pickled_models\Prophet_Gambia_June.pkl
Gambia,Summer,0.2858277432459429,0.3336058537128941,0.1,0.9,pickled_models\Prophet_Gambia_Summer.pkl
Gambia,March,0.5775366199429213,0.7316321535386983,0.6,0.9,pickled_models\Prophet_Gambia_March.pkl
Gambia,Spring,0.3939815428038851,0.4201757703823679,0.6,0.9,pickled_models\Prophet_Gambia_Spring.pkl
Gambia,May,0.5120177942334005,0.713346413229778,0.01,0.85,pickled_models\Prophet_Gambia_May.pkl
Gambia,Meteorological year,0.2029303753646639,0.2811161201599467,0.3,0.9,pickled_models\Prophet_Gambia_Meteorological_year.pkl
Gambia,November,0.3476165020126596,0.4163257227439139,0.05,0.9,pickled_models\Prophet_Gambia_November.pkl
Gambia,October,0.3749399144372889,0.5118386490399864,0.1,0.9,pickled_models\Prophet_Gambia_October.pkl
Gambia,September,0.3059922421414172,0.4088897045941992,0.3,0.9,pickled_models\Prophet_Gambia_September.pkl
Gambia,Autumn,0.2802356841518696,0.3976148348218123,0.1,0.9,pickled_models\Prophet_Gambia_Autumn.pkl
Germany,April,1.3956140395308656,1.6423758247719236,0.01,0.9,pickled_models\Prophet_Germany_April.pkl
Germany,August,1.1287405292880988,1.2813761940911768,0.1,0.85,pickled_models\Prophet_Germany_August.pkl
Germany,December,1.4678677853628412,2.0345144670708963,0.01,0.85,pickled_models\Prophet_Germany_December.pkl
Germany,Winter,1.0528629668911924,1.3563064403923626,0.3,0.85,pickled_models\Prophet_Germany_Winter.pkl
Germany,February,2.215348251916728,2.43581520060516,0.1,0.85,pickled_models\Prophet_Germany_February.pkl
Germany,January,1.4305613860690016,1.72922419042744,0.05,0.9,pickled_models\Prophet_Germany_January.pkl
Germany,July,0.6256203694098001,0.7797027584749783,0.01,0.85,pickled_models\Prophet_Germany_July.pkl
Germany,June,1.110946461517914,1.3847349137498848,0.6,0.85,pickled_models\Prophet_Germany_June.pkl
Germany,Summer,0.6930935286010559,0.8746824166500119,0.6,0.9,pickled_models\Prophet_Germany_Summer.pkl
Germany,March,1.6403058606263332,1.835203134780377,0.05,0.9,pickled_models\Prophet_Germany_March.pkl
Germany,Spring,0.6087153316411382,0.6638150402231775,0.4,0.85,pickled_models\Prophet_Germany_Spring.pkl
Germany,May,1.3117867160776535,1.6251445791468342,0.1,0.85,pickled_models\Prophet_Germany_May.pkl
Germany,Meteorological year,0.6077973061096957,0.697254915121195,0.4,0.9,pickled_models\Prophet_Germany_Meteorological_year.pkl
Germany,November,0.9477376339106368,1.290620288016613,0.01,0.9,pickled_models\Prophet_Germany_November.pkl
Germany,October,1.4911753935392094,1.5707161321637244,0.3,0.9,pickled_models\Prophet_Germany_October.pkl
Germany,September,1.2597987021862067,1.5572040672248042,0.3,0.9,pickled_models\Prophet_Germany_September.pkl
Germany,Autumn,0.4865633772865208,0.7452523342625558,0.6,0.85,pickled_models\Prophet_Germany_Autumn.pkl
Ghana,April,0.2867645661498002,0.351904505926939,0.01,0.85,pickled_models\Prophet_Ghana_April.pkl
Ghana,August,0.2475183506027893,0.2914997457462092,0.01,0.85,pickled_models\Prophet_Ghana_August.pkl
Ghana,December,0.3332337689875445,0.4219892610891892,0.6,0.85,pickled_models\Prophet_Ghana_December.pkl
Ghana,Winter,0.3007219443863513,0.3622203260297084,0.1,0.85,pickled_models\Prophet_Ghana_Winter.pkl
Ghana,February,0.310949075574732,0.3490126543811925,0.01,0.9,pickled_models\Prophet_Ghana_February.pkl
Ghana,January,0.6041470230679561,0.6383235505803165,0.3,0.9,pickled_models\Prophet_Ghana_January.pkl
Ghana,July,0.2363868192294199,0.2650894696126324,0.6,0.9,pickled_models\Prophet_Ghana_July.pkl
Ghana,June,0.2003027741607805,0.2364283636536641,0.5,0.9,pickled_models\Prophet_Ghana_June.pkl
Ghana,Summer,0.1957851295826567,0.2281792075923203,0.3,0.85,pickled_models\Prophet_Ghana_Summer.pkl
Ghana,March,0.2573426555643408,0.3009981311302603,0.6,0.85,pickled_models\Prophet_Ghana_March.pkl
Ghana,Spring,0.2231366478687369,0.2511550406430144,0.1,0.85,pickled_models\Prophet_Ghana_Spring.pkl
Ghana,May,0.3105206882661555,0.3695635112889799,0.4,0.85,pickled_models\Prophet_Ghana_May.pkl
Ghana,Meteorological year,0.159115284352471,0.1795990522948188,0.01,0.85,pickled_models\Prophet_Ghana_Meteorological_year.pkl
Ghana,November,0.2511671271959976,0.2900093745748175,0.5,0.85,pickled_models\Prophet_Ghana_November.pkl
Ghana,October,0.3142848169102053,0.3610111714787543,0.3,0.9,pickled_models\Prophet_Ghana_October.pkl
Ghana,September,0.1491179148335562,0.2236048572627071,0.6,0.9,pickled_models\Prophet_Ghana_September.pkl
Ghana,Autumn,0.1450634021175524,0.1577015892289205,0.4,0.85,pickled_models\Prophet_Ghana_Autumn.pkl
Gibraltar,April,0.8723321303084668,0.9593615077325168,0.1,0.85,pickled_models\Prophet_Gibraltar_April.pkl
Gibraltar,August,0.3669459241840897,0.4553934410914777,0.6,0.9,pickled_models\Prophet_Gibraltar_August.pkl
Gibraltar,December,1.2815402875595363,1.5506367754841348,0.1,0.85,pickled_models\Prophet_Gibraltar_December.pkl
Gibraltar,Winter,0.6543518615330401,0.8421976503029649,0.1,0.9,pickled_models\Prophet_Gibraltar_Winter.pkl
Gibraltar,February,0.8295845245061847,1.0085032422328863,0.01,0.9,pickled_models\Prophet_Gibraltar_February.pkl
Gibraltar,January,0.7998150052201791,1.0091512344227394,0.1,0.9,pickled_models\Prophet_Gibraltar_January.pkl
Gibraltar,July,1.0768572389750015,1.225478234764558,0.01,0.9,pickled_models\Prophet_Gibraltar_July.pkl
Gibraltar,June,0.9608380400072268,1.2027702017344457,0.01,0.85,pickled_models\Prophet_Gibraltar_June.pkl
Gibraltar,Summer,0.7587647002964055,0.7683683504950093,0.05,0.9,pickled_models\Prophet_Gibraltar_Summer.pkl
Gibraltar,March,0.5403337974627768,0.6668300091519628,0.6,0.85,pickled_models\Prophet_Gibraltar_March.pkl
Gibraltar,Spring,0.635337289995974,0.740204428908152,0.5,0.9,pickled_models\Prophet_Gibraltar_Spring.pkl
Gibraltar,May,0.973017507008634,1.097123392045649,0.6,0.9,pickled_models\Prophet_Gibraltar_May.pkl
Gibraltar,Meteorological year,0.3686884409429449,0.4628463584036986,0.4,0.9,pickled_models\Prophet_Gibraltar_Meteorological_year.pkl
Gibraltar,November,0.647395493947286,0.7087788377698493,0.6,0.85,pickled_models\Prophet_Gibraltar_November.pkl
Gibraltar,October,0.8581142855004099,1.037702819295004,0.6,0.9,pickled_models\Prophet_Gibraltar_October.pkl
Gibraltar,September,0.5707360596260239,0.7336388592538408,0.01,0.85,pickled_models\Prophet_Gibraltar_September.pkl
Gibraltar,Autumn,0.4188266792646229,0.5209786224470095,0.1,0.9,pickled_models\Prophet_Gibraltar_Autumn.pkl
Greece,April,1.0789620452355102,1.5667260410131412,0.5,0.9,pickled_models\Prophet_Greece_April.pkl
Greece,August,0.4775223864788336,0.8410023898798332,0.05,0.9,pickled_models\Prophet_Greece_August.pkl
Greece,December,1.1037148089535205,1.3267316499680313,0.6,0.85,pickled_models\Prophet_Greece_December.pkl
Greece,Winter,0.9541925850593396,1.0497798269045349,0.6,0.9,pickled_models\Prophet_Greece_Winter.pkl
Greece,February,1.8264516053537907,2.224689442783533,0.05,0.9,pickled_models\Prophet_Greece_February.pkl
Greece,January,1.1882702071496314,1.518470093675841,0.01,0.85,pickled_models\Prophet_Greece_January.pkl
Greece,July,0.3773850714422599,0.4926089192882724,0.1,0.9,pickled_models\Prophet_Greece_July.pkl
Greece,June,0.7278822194531704,0.959088972668278,0.4,0.9,pickled_models\Prophet_Greece_June.pkl
Greece,Summer,0.4351440342823263,0.5962269646014899,0.01,0.85,pickled_models\Prophet_Greece_Summer.pkl
Greece,March,0.9066063164414134,0.9814055436381118,0.6,0.85,pickled_models\Prophet_Greece_March.pkl
Greece,Spring,0.5715213991189493,0.8494429581731822,0.6,0.85,pickled_models\Prophet_Greece_Spring.pkl
Greece,May,0.7729561892332732,0.9622077401777748,0.3,0.85,pickled_models\Prophet_Greece_May.pkl
Greece,Meteorological year,0.33069949878488,0.3989946308982767,0.6,0.9,pickled_models\Prophet_Greece_Meteorological_year.pkl
Greece,November,0.8910995667576049,1.2365468460984854,0.6,0.85,pickled_models\Prophet_Greece_November.pkl
Greece,October,0.661701879770825,0.8248759628897814,0.01,0.85,pickled_models\Prophet_Greece_October.pkl
Greece,September,0.5318092653272001,0.7055070652288676,0.6,0.9,pickled_models\Prophet_Greece_September.pkl
Greece,Autumn,0.6185740944815002,0.8342024043709797,0.6,0.9,pickled_models\Prophet_Greece_Autumn.pkl
Greenland,April,1.6625006226897707,1.7108078744477182,0.3,0.9,pickled_models\Prophet_Greenland_April.pkl
Greenland,August,0.4182360032159997,0.5005849675511699,0.3,0.85,pickled_models\Prophet_Greenland_August.pkl
Greenland,December,1.5097771316663249,1.81092704045746,0.1,0.85,pickled_models\Prophet_Greenland_December.pkl
Greenland,Winter,0.729743475057082,0.8704955735105114,0.01,0.9,pickled_models\Prophet_Greenland_Winter.pkl
Greenland,February,1.1718549213048135,1.7799732157458164,0.3,0.9,pickled_models\Prophet_Greenland_February.pkl
Greenland,January,1.198521111775886,1.426165710177077,0.1,0.9,pickled_models\Prophet_Greenland_January.pkl
Greenland,July,0.5033835419905249,0.7067333307815984,0.3,0.85,pickled_models\Prophet_Greenland_July.pkl
Greenland,June,0.7454323352219863,0.89240226782928,0.1,0.9,pickled_models\Prophet_Greenland_June.pkl
Greenland,Summer,0.5488323327687045,0.6718273551495005,0.1,0.9,pickled_models\Prophet_Greenland_Summer.pkl
Greenland,March,1.0669147717436374,1.3088541627047705,0.05,0.85,pickled_models\Prophet_Greenland_March.pkl
Greenland,Spring,1.013729377594827,1.1734928474936266,0.01,0.9,pickled_models\Prophet_Greenland_Spring.pkl
Greenland,May,0.9564456910225956,1.240213728851438,0.01,0.85,pickled_models\Prophet_Greenland_May.pkl
Greenland,Meteorological year,0.5580572360918045,0.6735540025875203,0.1,0.85,pickled_models\Prophet_Greenland_Meteorological_year.pkl
Greenland,November,1.165607090416402,1.3446493129273214,0.6,0.85,pickled_models\Prophet_Greenland_November.pkl
Greenland,October,0.9444403405053694,1.0059731664846472,0.6,0.9,pickled_models\Prophet_Greenland_October.pkl
Greenland,September,0.4782493158204092,0.6186476452850976,0.01,0.9,pickled_models\Prophet_Greenland_September.pkl
Greenland,Autumn,0.8549404298872751,0.886657340232049,0.6,0.9,pickled_models\Prophet_Greenland_Autumn.pkl
Grenada,April,0.3394523003718184,0.4440492306616554,0.05,0.9,pickled_models\Prophet_Grenada_April.pkl
Grenada,August,0.2126927756367803,0.2441807868967498,0.01,0.9,pickled_models\Prophet_Grenada_August.pkl
Grenada,December,0.2652398993985574,0.3518564316389008,0.6,0.9,pickled_models\Prophet_Grenada_December.pkl
Grenada,Winter,0.1699864645145936,0.2078266896710319,0.05,0.9,pickled_models\Prophet_Grenada_Winter.pkl
Grenada,February,0.2467291268058412,0.2916705827077161,0.01,0.85,pickled_models\Prophet_Grenada_February.pkl
Grenada,January,0.2239773956703006,0.2848837517457998,0.1,0.9,pickled_models\Prophet_Grenada_January.pkl
Grenada,July,0.2145239896114326,0.2726889722832207,0.01,0.85,pickled_models\Prophet_Grenada_July.pkl
Grenada,June,0.1183587797559657,0.191071666098662,0.05,0.9,pickled_models\Prophet_Grenada_June.pkl
Grenada,Summer,0.1174710348977428,0.1987644538443612,0.3,0.9,pickled_models\Prophet_Grenada_Summer.pkl
Grenada,March,0.1252642258686747,0.1513388146236267,0.1,0.9,pickled_models\Prophet_Grenada_March.pkl
Grenada,Spring,0.1793165286985042,0.2313370738217003,0.1,0.85,pickled_models\Prophet_Grenada_Spring.pkl
Grenada,May,0.2698431355377403,0.3874290659490394,0.05,0.85,pickled_models\Prophet_Grenada_May.pkl
Grenada,Meteorological year,0.1239742351053272,0.1521920222896896,0.05,0.85,pickled_models\Prophet_Grenada_Meteorological_year.pkl
Grenada,November,0.1263900942948188,0.1376033069752323,0.05,0.9,pickled_models\Prophet_Grenada_November.pkl
Grenada,October,0.2521074744178214,0.3226953634228196,0.3,0.9,pickled_models\Prophet_Grenada_October.pkl
Grenada,September,0.2790442449775638,0.3017254374489667,0.1,0.9,pickled_models\Prophet_Grenada_September.pkl
Grenada,Autumn,0.1528755345426427,0.1979389516452491,0.05,0.85,pickled_models\Prophet_Grenada_Autumn.pkl
Guadeloupe,April,0.2146232277411281,0.2788475121455439,0.4,0.9,pickled_models\Prophet_Guadeloupe_April.pkl
Guadeloupe,August,0.1741940106943695,0.1996523638414286,0.6,0.85,pickled_models\Prophet_Guadeloupe_August.pkl
Guadeloupe,December,0.4403615007616852,0.5223155602696972,0.6,0.9,pickled_models\Prophet_Guadeloupe_December.pkl
Guadeloupe,Winter,0.2502482567036739,0.2926193776571764,0.6,0.85,pickled_models\Prophet_Guadeloupe_Winter.pkl
Guadeloupe,February,0.3517222633118899,0.4119136771362425,0.6,0.85,pickled_models\Prophet_Guadeloupe_February.pkl
Guadeloupe,January,0.3456696430514869,0.3676193552524062,0.6,0.85,pickled_models\Prophet_Guadeloupe_January.pkl
Guadeloupe,July,0.1424923825754917,0.1487610565814317,0.01,0.85,pickled_models\Prophet_Guadeloupe_July.pkl
Guadeloupe,June,0.1537923443711802,0.1941073054811698,0.4,0.85,pickled_models\Prophet_Guadeloupe_June.pkl
Guadeloupe,Summer,0.1181078117817261,0.1452442813274807,0.6,0.85,pickled_models\Prophet_Guadeloupe_Summer.pkl
Guadeloupe,March,0.1534307619384753,0.1760818642156865,0.6,0.9,pickled_models\Prophet_Guadeloupe_March.pkl
Guadeloupe,Spring,0.1669993964303971,0.2178159680036649,0.05,0.9,pickled_models\Prophet_Guadeloupe_Spring.pkl
Guadeloupe,May,0.3086800531952889,0.3689288553721107,0.1,0.9,pickled_models\Prophet_Guadeloupe_May.pkl
Guadeloupe,Meteorological year,0.1214251323479136,0.1580790131765959,0.6,0.85,pickled_models\Prophet_Guadeloupe_Meteorological_year.pkl
Guadeloupe,November,0.2676800811040183,0.3352619371937159,0.6,0.9,pickled_models\Prophet_Guadeloupe_November.pkl
Guadeloupe,October,0.3202687725500857,0.4078461190299989,0.6,0.9,pickled_models\Prophet_Guadeloupe_October.pkl
Guadeloupe,September,0.1599005398083526,0.177414213195867,0.6,0.9,pickled_models\Prophet_Guadeloupe_September.pkl
Guadeloupe,Autumn,0.1991023651359597,0.2282053505130968,0.6,0.85,pickled_models\Prophet_Guadeloupe_Autumn.pkl
Guatemala,April,0.359806272785067,0.4582131409171164,0.01,0.85,pickled_models\Prophet_Guatemala_April.pkl
Guatemala,August,0.4548518318565734,0.5620104100311551,0.05,0.9,pickled_models\Prophet_Guatemala_August.pkl
Guatemala,December,0.6661792439784819,0.8963102394367977,0.1,0.9,pickled_models\Prophet_Guatemala_December.pkl
Guatemala,Winter,0.3925386795995334,0.4233673727903991,0.05,0.9,pickled_models\Prophet_Guatemala_Winter.pkl
Guatemala,February,0.6112792330232159,0.6609842696131234,0.4,0.9,pickled_models\Prophet_Guatemala_February.pkl
Guatemala,January,0.5631700084008774,0.7748484764112168,0.1,0.9,pickled_models\Prophet_Guatemala_January.pkl
Guatemala,July,0.3094187067145365,0.3198804206037736,0.01,0.85,pickled_models\Prophet_Guatemala_July.pkl
Guatemala,June,0.3593320008267293,0.5031238112905798,0.01,0.9,pickled_models\Prophet_Guatemala_June.pkl
Guatemala,Summer,0.3621782027019821,0.4250892371981812,0.05,0.85,pickled_models\Prophet_Guatemala_Summer.pkl
Guatemala,March,0.4729314206625751,0.6013732018837962,0.4,0.9,pickled_models\Prophet_Guatemala_March.pkl
Guatemala,Spring,0.2444478666716223,0.4501807643295709,0.5,0.9,pickled_models\Prophet_Guatemala_Spring.pkl
Guatemala,May,0.5801836553588998,0.6806222827344208,0.1,0.85,pickled_models\Prophet_Guatemala_May.pkl
Guatemala,Meteorological year,0.2585458363925272,0.3086127008316313,0.01,0.9,pickled_models\Prophet_Guatemala_Meteorological_year.pkl
Guatemala,November,0.6148364244521646,0.7262755451776585,0.01,0.85,pickled_models\Prophet_Guatemala_November.pkl
Guatemala,October,0.5182244484564645,0.6675700129746464,0.01,0.9,pickled_models\Prophet_Guatemala_October.pkl
Guatemala,September,0.3708410609215216,0.4226009365830257,0.6,0.85,pickled_models\Prophet_Guatemala_September.pkl
Guatemala,Autumn,0.4459425184052334,0.5766847756613797,0.05,0.85,pickled_models\Prophet_Guatemala_Autumn.pkl
Guinea,April,0.2538912871792974,0.2999165370997023,0.01,0.9,pickled_models\Prophet_Guinea_April.pkl
Guinea,August,0.3072885371893157,0.3659292153388386,0.01,0.9,pickled_models\Prophet_Guinea_August.pkl
Guinea,December,0.4642357752623281,0.7501679873324395,0.3,0.85,pickled_models\Prophet_Guinea_December.pkl
Guinea,Winter,0.3217207704264964,0.405274575668879,0.05,0.85,pickled_models\Prophet_Guinea_Winter.pkl
Guinea,February,0.3819431166979916,0.4457795190439579,0.1,0.85,pickled_models\Prophet_Guinea_February.pkl
Guinea,January,0.2840376045483883,0.3430172527160957,0.01,0.9,pickled_models\Prophet_Guinea_January.pkl
Guinea,July,0.3017666925869197,0.3694588984271386,0.6,0.9,pickled_models\Prophet_Guinea_July.pkl
Guinea,June,0.3248834802425455,0.4461750552026877,0.6,0.9,pickled_models\Prophet_Guinea_June.pkl
Guinea,Summer,0.3255565494542584,0.3597911823558789,0.6,0.9,pickled_models\Prophet_Guinea_Summer.pkl
Guinea,March,0.6086883037017699,0.6996974343648784,0.1,0.85,pickled_models\Prophet_Guinea_March.pkl
Guinea,Spring,0.2602104318721384,0.3337148732929547,0.6,0.9,pickled_models\Prophet_Guinea_Spring.pkl
Guinea,May,0.3693585632200858,0.4370619393784792,0.6,0.9,pickled_models\Prophet_Guinea_May.pkl
Guinea,Meteorological year,0.1312409293549977,0.16766621412659,0.6,0.85,pickled_models\Prophet_Guinea_Meteorological_year.pkl
Guinea,November,0.3551511907954134,0.3752751928936537,0.6,0.9,pickled_models\Prophet_Guinea_November.pkl
Guinea,October,0.3568380088130911,0.465617643352659,0.6,0.85,pickled_models\Prophet_Guinea_October.pkl
Guinea,September,0.490114831367141,0.5954632491963625,0.4,0.85,pickled_models\Prophet_Guinea_September.pkl
Guinea,Autumn,0.3369554442127382,0.4152687321541992,0.6,0.9,pickled_models\Prophet_Guinea_Autumn.pkl
Guinea-Bissau,April,0.3175786266120559,0.4346377490959704,0.01,0.9,pickled_models\Prophet_Guinea-Bissau_April.pkl
Guinea-Bissau,August,0.4453595177844365,0.4978141903375385,0.01,0.9,pickled_models\Prophet_Guinea-Bissau_August.pkl
Guinea-Bissau,December,0.2716117764126252,0.3614998163878006,0.3,0.9,pickled_models\Prophet_Guinea-Bissau_December.pkl
Guinea-Bissau,Winter,0.237664088520734,0.3389197185646334,0.01,0.9,pickled_models\Prophet_Guinea-Bissau_Winter.pkl
Guinea-Bissau,February,0.3230479892711207,0.5219640741252486,0.4,0.9,pickled_models\Prophet_Guinea-Bissau_February.pkl
Guinea-Bissau,January,0.2984378580913633,0.4085755237935932,0.4,0.9,pickled_models\Prophet_Guinea-Bissau_January.pkl
Guinea-Bissau,July,0.3378873098392643,0.5031655458299398,0.6,0.9,pickled_models\Prophet_Guinea-Bissau_July.pkl
Guinea-Bissau,June,0.4678644462702859,0.5126587816965722,0.6,0.85,pickled_models\Prophet_Guinea-Bissau_June.pkl
Guinea-Bissau,Summer,0.4120797969364165,0.4493674871363373,0.6,0.9,pickled_models\Prophet_Guinea-Bissau_Summer.pkl
Guinea-Bissau,March,0.5018628508212378,0.5679769480411727,0.1,0.9,pickled_models\Prophet_Guinea-Bissau_March.pkl
Guinea-Bissau,Spring,0.290461183761487,0.2962926021013887,0.3,0.9,pickled_models\Prophet_Guinea-Bissau_Spring.pkl
Guinea-Bissau,May,0.3552003815536816,0.4485306341765045,0.1,0.9,pickled_models\Prophet_Guinea-Bissau_May.pkl
Guinea-Bissau,Meteorological year,0.1901780139790654,0.2310187102689976,0.05,0.85,pickled_models\Prophet_Guinea-Bissau_Meteorological_year.pkl
Guinea-Bissau,November,0.3682155465484583,0.428076051652115,0.1,0.9,pickled_models\Prophet_Guinea-Bissau_November.pkl
Guinea-Bissau,October,0.4467212583507017,0.5465606647610379,0.5,0.9,pickled_models\Prophet_Guinea-Bissau_October.pkl
Guinea-Bissau,September,0.3934242906266575,0.4873341596552702,0.01,0.9,pickled_models\Prophet_Guinea-Bissau_September.pkl
Guinea-Bissau,Autumn,0.362348901398515,0.4473963593922456,0.3,0.85,pickled_models\Prophet_Guinea-Bissau_Autumn.pkl
Haiti,April,0.2954968712336948,0.3867451914732688,0.05,0.9,pickled_models\Prophet_Haiti_April.pkl
Haiti,August,0.2896543752490216,0.3017716387966569,0.1,0.9,pickled_models\Prophet_Haiti_August.pkl
Haiti,December,0.3512712613877632,0.4295318456929163,0.01,0.9,pickled_models\Prophet_Haiti_December.pkl
Haiti,Winter,0.244595462996131,0.2976590791105715,0.1,0.85,pickled_models\Prophet_Haiti_Winter.pkl
Haiti,February,0.3852171284181077,0.4250112647819374,0.6,0.9,pickled_models\Prophet_Haiti_February.pkl
Haiti,January,0.2210098446783943,0.3154917504511515,0.1,0.85,pickled_models\Prophet_Haiti_January.pkl
Haiti,July,0.2067038919378556,0.3035648358968481,0.01,0.85,pickled_models\Prophet_Haiti_July.pkl
Haiti,June,0.2927230575790549,0.3946374760711952,0.05,0.9,pickled_models\Prophet_Haiti_June.pkl
Haiti,Summer,0.2228776226214392,0.242919995887807,0.05,0.9,pickled_models\Prophet_Haiti_Summer.pkl
Haiti,March,0.3039307616977361,0.3469367757169652,0.4,0.9,pickled_models\Prophet_Haiti_March.pkl
Haiti,Spring,0.2261541155782204,0.2895093700783109,0.6,0.85,pickled_models\Prophet_Haiti_Spring.pkl
Haiti,May,0.2156008269149354,0.2864269213457181,0.6,0.9,pickled_models\Prophet_Haiti_May.pkl
Haiti,Meteorological year,0.0815021590360432,0.1081307187896761,0.1,0.9,pickled_models\Prophet_Haiti_Meteorological_year.pkl
Haiti,November,0.3664643441273139,0.4284630190232605,0.01,0.85,pickled_models\Prophet_Haiti_November.pkl
Haiti,October,0.2078013056215064,0.2220376970842284,0.6,0.9,pickled_models\Prophet_Haiti_October.pkl
Haiti,September,0.3360389391834436,0.4075467912249306,0.5,0.9,pickled_models\Prophet_Haiti_September.pkl
Haiti,Autumn,0.1776013810738061,0.2011325864708689,0.4,0.9,pickled_models\Prophet_Haiti_Autumn.pkl
Holy See,April,0.9743724517164783,1.3423550358735843,0.3,0.9,pickled_models\Prophet_Holy_See_April.pkl
Holy See,August,0.7010653291504472,0.8411062339404062,0.6,0.85,pickled_models\Prophet_Holy_See_August.pkl
Holy See,December,0.9288336090814364,1.0394210905479178,0.6,0.9,pickled_models\Prophet_Holy_See_December.pkl
Holy See,Winter,0.7472534684504771,1.0748044937024177,0.4,0.85,pickled_models\Prophet_Holy_See_Winter.pkl
Holy See,February,1.776821427815119,2.096664545340425,0.3,0.85,pickled_models\Prophet_Holy_See_February.pkl
Holy See,January,1.606444612073436,1.7385996464397846,0.4,0.85,pickled_models\Prophet_Holy_See_January.pkl
Holy See,July,0.9238825038953145,1.2849180770404534,0.6,0.85,pickled_models\Prophet_Holy_See_July.pkl
Holy See,June,0.6960647798181862,0.830678411458553,0.5,0.9,pickled_models\Prophet_Holy_See_June.pkl
Holy See,Summer,0.7301038778387774,0.8358877549348557,0.5,0.85,pickled_models\Prophet_Holy_See_Summer.pkl
Holy See,March,0.4632865238300874,0.613372209781207,0.6,0.85,pickled_models\Prophet_Holy_See_March.pkl
Holy See,Spring,0.4983466302237953,0.6293703085357346,0.6,0.9,pickled_models\Prophet_Holy_See_Spring.pkl
Holy See,May,1.1537123556305728,1.5801270569640329,0.6,0.9,pickled_models\Prophet_Holy_See_May.pkl
Holy See,Meteorological year,0.2421215062847112,0.2830372624582849,0.6,0.9,pickled_models\Prophet_Holy_See_Meteorological_year.pkl
Holy See,November,0.8215984529717795,1.0440677314235174,0.6,0.85,pickled_models\Prophet_Holy_See_November.pkl
Holy See,October,0.6427677303261875,0.7066325579075037,0.6,0.9,pickled_models\Prophet_Holy_See_October.pkl
Holy See,September,0.7987844378830231,0.9264551453805958,0.4,0.9,pickled_models\Prophet_Holy_See_September.pkl
Holy See,Autumn,0.6425796864124641,0.7526877659080169,0.6,0.85,pickled_models\Prophet_Holy_See_Autumn.pkl
Honduras,April,0.4134342953900334,0.5082408843555665,0.05,0.9,pickled_models\Prophet_Honduras_April.pkl
Honduras,August,0.3932782745834132,0.5369474649050814,0.6,0.9,pickled_models\Prophet_Honduras_August.pkl
Honduras,December,0.4953547010977067,0.7717147403277896,0.3,0.9,pickled_models\Prophet_Honduras_December.pkl
Honduras,Winter,0.2692056113702044,0.3259078690609013,0.05,0.9,pickled_models\Prophet_Honduras_Winter.pkl
Honduras,February,0.6980040555834942,0.7990887882379448,0.6,0.9,pickled_models\Prophet_Honduras_February.pkl
Honduras,January,0.5456402724922329,0.6696442149980695,0.3,0.85,pickled_models\Prophet_Honduras_January.pkl
Honduras,July,0.1983848179105372,0.2356767255169855,0.01,0.9,pickled_models\Prophet_Honduras_July.pkl
Honduras,June,0.2946552520958177,0.4108820382319098,0.5,0.9,pickled_models\Prophet_Honduras_June.pkl
Honduras,Summer,0.2039522329939852,0.290875005385213,0.3,0.9,pickled_models\Prophet_Honduras_Summer.pkl
Honduras,March,0.4831103283038818,0.5658952661780661,0.01,0.85,pickled_models\Prophet_Honduras_March.pkl
Honduras,Spring,0.3005312927401638,0.4408658172601086,0.01,0.9,pickled_models\Prophet_Honduras_Spring.pkl
Honduras,May,0.5252692211653737,0.6500645608095232,0.3,0.85,pickled_models\Prophet_Honduras_May.pkl
Honduras,Meteorological year,0.2192430414760162,0.2682601259207823,0.01,0.85,pickled_models\Prophet_Honduras_Meteorological_year.pkl
Honduras,November,0.607689532982674,0.7545817253829633,0.01,0.9,pickled_models\Prophet_Honduras_November.pkl
Honduras,October,0.530676156320918,0.570382421350665,0.3,0.9,pickled_models\Prophet_Honduras_October.pkl
Honduras,September,0.3448790467801938,0.4039738662312938,0.6,0.9,pickled_models\Prophet_Honduras_September.pkl
Honduras,Autumn,0.4264146133573104,0.5014698576835962,0.05,0.85,pickled_models\Prophet_Honduras_Autumn.pkl
Hungary,April,1.1541648832683682,1.5790687226615363,0.5,0.9,pickled_models\Prophet_Hungary_April.pkl
Hungary,August,1.3471734435850915,1.3968341769466397,0.6,0.9,pickled_models\Prophet_Hungary_August.pkl
Hungary,December,1.423632184573446,1.6040640828122423,0.5,0.9,pickled_models\Prophet_Hungary_December.pkl
Hungary,Winter,1.4533980308268528,1.5840553241375772,0.01,0.85,pickled_models\Prophet_Hungary_Winter.pkl
Hungary,February,2.492579832280849,2.8208038013942844,0.1,0.9,pickled_models\Prophet_Hungary_February.pkl
Hungary,January,2.3944680052028366,2.8422603493796457,0.05,0.9,pickled_models\Prophet_Hungary_January.pkl
Hungary,July,0.4112627728808327,0.6607908445351658,0.01,0.9,pickled_models\Prophet_Hungary_July.pkl
Hungary,June,0.8046078288340555,1.0747242958593684,0.6,0.9,pickled_models\Prophet_Hungary_June.pkl
Hungary,Summer,0.6981969304041872,0.7467307221120204,0.6,0.85,pickled_models\Prophet_Hungary_Summer.pkl
Hungary,March,1.993690038292011,2.2337644430399344,0.4,0.9,pickled_models\Prophet_Hungary_March.pkl
Hungary,Spring,0.5031559708347353,0.6393559082026218,0.6,0.85,pickled_models\Prophet_Hungary_Spring.pkl
Hungary,May,1.2950795910059425,1.6200100511012927,0.5,0.85,pickled_models\Prophet_Hungary_May.pkl
Hungary,Meteorological year,0.6370556026702068,0.6931972967723659,0.6,0.9,pickled_models\Prophet_Hungary_Meteorological_year.pkl
Hungary,November,1.070531025932839,1.1956854595652622,0.6,0.85,pickled_models\Prophet_Hungary_November.pkl
Hungary,October,1.3265400013466524,1.4810689174301608,0.6,0.85,pickled_models\Prophet_Hungary_October.pkl
Hungary,September,1.161808828308931,1.3091059353375658,0.1,0.85,pickled_models\Prophet_Hungary_September.pkl
Hungary,Autumn,0.827704828900214,0.9898185196217666,0.6,0.9,pickled_models\Prophet_Hungary_Autumn.pkl
Iceland,April,0.8960836770999987,1.1104383351190286,0.6,0.85,pickled_models\Prophet_Iceland_April.pkl
Iceland,August,0.4600439361605643,0.5456609828268649,0.01,0.85,pickled_models\Prophet_Iceland_August.pkl
Iceland,December,1.2384449587722397,1.369951072533146,0.5,0.85,pickled_models\Prophet_Iceland_December.pkl
Iceland,Winter,0.801914897460131,0.9662708084179776,0.3,0.85,pickled_models\Prophet_Iceland_Winter.pkl
Iceland,February,0.9044546141933246,1.196248662712592,0.5,0.9,pickled_models\Prophet_Iceland_February.pkl
Iceland,January,0.8219622213244437,0.9194736457323016,0.01,0.9,pickled_models\Prophet_Iceland_January.pkl
Iceland,July,0.5160532616630344,0.7685971329204128,0.6,0.85,pickled_models\Prophet_Iceland_July.pkl
Iceland,June,0.6229615000824086,0.821100030985631,0.4,0.9,pickled_models\Prophet_Iceland_June.pkl
Iceland,Summer,0.4395212993368826,0.5556483020742936,0.01,0.85,pickled_models\Prophet_Iceland_Summer.pkl
Iceland,March,0.6100235144893527,0.7488834808204397,0.6,0.9,pickled_models\Prophet_Iceland_March.pkl
Iceland,Spring,0.6174830373824686,0.6611364799424075,0.6,0.85,pickled_models\Prophet_Iceland_Spring.pkl
Iceland,May,0.8504681892938923,1.133274928428875,0.6,0.9,pickled_models\Prophet_Iceland_May.pkl
Iceland,Meteorological year,0.4042734423907991,0.4665573310488716,0.5,0.85,pickled_models\Prophet_Iceland_Meteorological_year.pkl
Iceland,November,1.206871940673286,1.4582638382355664,0.4,0.9,pickled_models\Prophet_Iceland_November.pkl
Iceland,October,1.1289024994058907,1.5735683168687191,0.6,0.85,pickled_models\Prophet_Iceland_October.pkl
Iceland,September,0.6665955504284965,0.8286035340449371,0.6,0.85,pickled_models\Prophet_Iceland_September.pkl
Iceland,Autumn,0.5968576512827845,0.7272742182152638,0.6,0.9,pickled_models\Prophet_Iceland_Autumn.pkl
India,April,0.6258903433799976,0.7335650013654,0.1,0.85,pickled_models\Prophet_India_April.pkl
India,August,0.2331194921081879,0.249962188748217,0.6,0.85,pickled_models\Prophet_India_August.pkl
India,December,0.517435627715939,0.5770983631912802,0.1,0.9,pickled_models\Prophet_India_December.pkl
India,Winter,0.4620364324601972,0.4872308396599655,0.4,0.9,pickled_models\Prophet_India_Winter.pkl
India,February,0.6583665089615397,0.7344853554959597,0.6,0.9,pickled_models\Prophet_India_February.pkl
India,January,0.3573374867538401,0.4041979705926903,0.3,0.9,pickled_models\Prophet_India_January.pkl
India,July,0.2827589333066345,0.3254226711312429,0.05,0.9,pickled_models\Prophet_India_July.pkl
India,June,0.5669440109876424,0.761947497465457,0.3,0.85,pickled_models\Prophet_India_June.pkl
India,Summer,0.2964817694167436,0.4040716593092039,0.05,0.9,pickled_models\Prophet_India_Summer.pkl
India,March,0.6955894402948607,0.7559647021798246,0.3,0.85,pickled_models\Prophet_India_March.pkl
India,Spring,0.4059184389481838,0.4833093639773785,0.6,0.85,pickled_models\Prophet_India_Spring.pkl
India,May,0.2963290905194102,0.3519299739177723,0.4,0.85,pickled_models\Prophet_India_May.pkl
India,Meteorological year,0.145684100397496,0.1818100022560065,0.6,0.9,pickled_models\Prophet_India_Meteorological_year.pkl
India,November,0.3043468877397344,0.3695483542095301,0.5,0.9,pickled_models\Prophet_India_November.pkl
India,October,0.4536448844337459,0.5233556085010117,0.6,0.9,pickled_models\Prophet_India_October.pkl
India,September,0.2694214213487924,0.3420056516040936,0.6,0.85,pickled_models\Prophet_India_September.pkl
India,Autumn,0.2115177826596047,0.3375425435235396,0.6,0.9,pickled_models\Prophet_India_Autumn.pkl
Indonesia,April,0.3471039789572654,0.4440190401211789,0.1,0.9,pickled_models\Prophet_Indonesia_April.pkl
Indonesia,August,0.2391844629965613,0.3460384032115143,0.05,0.9,pickled_models\Prophet_Indonesia_August.pkl
Indonesia,December,0.405288386378755,0.5050793477745038,0.6,0.85,pickled_models\Prophet_Indonesia_December.pkl
Indonesia,Winter,0.3139637484732656,0.4170552765670934,0.6,0.85,pickled_models\Prophet_Indonesia_Winter.pkl
Indonesia,February,0.3045009544177282,0.3719361527043645,0.6,0.9,pickled_models\Prophet_Indonesia_February.pkl
Indonesia,January,0.3470979054177543,0.4639824297287868,0.6,0.85,pickled_models\Prophet_Indonesia_January.pkl
Indonesia,July,0.272451493110498,0.3367067812807667,0.1,0.9,pickled_models\Prophet_Indonesia_July.pkl
Indonesia,June,0.1481753817395838,0.2297311422611893,0.01,0.85,pickled_models\Prophet_Indonesia_June.pkl
Indonesia,Summer,0.1843203611475972,0.2842700289685778,0.05,0.9,pickled_models\Prophet_Indonesia_Summer.pkl
Indonesia,March,0.3898376111476576,0.5002659545203665,0.3,0.85,pickled_models\Prophet_Indonesia_March.pkl
Indonesia,Spring,0.3520156695974477,0.4563110783750234,0.4,0.9,pickled_models\Prophet_Indonesia_Spring.pkl
Indonesia,May,0.2938380137646303,0.4038524982499931,0.6,0.85,pickled_models\Prophet_Indonesia_May.pkl
Indonesia,Meteorological year,0.2562168209193771,0.3340367810314045,0.6,0.85,pickled_models\Prophet_Indonesia_Meteorological_year.pkl
Indonesia,November,0.3639302141787846,0.4013238201080708,0.6,0.9,pickled_models\Prophet_Indonesia_November.pkl
Indonesia,October,0.1466410323936496,0.1898071326456041,0.6,0.9,pickled_models\Prophet_Indonesia_October.pkl
Indonesia,September,0.2583366322511639,0.3093845710163532,0.6,0.85,pickled_models\Prophet_Indonesia_September.pkl
Indonesia,Autumn,0.2040687691767494,0.2342337342759479,0.6,0.9,pickled_models\Prophet_Indonesia_Autumn.pkl
Iran (Islamic Republic of),April,0.7258488191893763,0.819909750738687,0.6,0.85,pickled_models\Prophet_Iran_(Islamic_Republic_of)_April.pkl
Iran (Islamic Republic of),August,0.2578861214251436,0.2894325164196518,0.05,0.85,pickled_models\Prophet_Iran_(Islamic_Republic_of)_August.pkl
Iran (Islamic Republic of),December,0.8471530542278735,0.9142386965360024,0.3,0.9,pickled_models\Prophet_Iran_(Islamic_Republic_of)_December.pkl
Iran (Islamic Republic of),Winter,0.9103346081267568,1.00766313384283,0.3,0.9,pickled_models\Prophet_Iran_(Islamic_Republic_of)_Winter.pkl
Iran (Islamic Republic of),February,1.4644493249998252,1.6137239149763591,0.01,0.9,pickled_models\Prophet_Iran_(Islamic_Republic_of)_February.pkl
Iran (Islamic Republic of),January,1.256409651917951,1.405452905195459,0.4,0.9,pickled_models\Prophet_Iran_(Islamic_Republic_of)_January.pkl
Iran (Islamic Republic of),July,0.3171158446815943,0.4326399296309964,0.4,0.85,pickled_models\Prophet_Iran_(Islamic_Republic_of)_July.pkl
Iran (Islamic Republic of),June,0.3235041534526786,0.4014262025954205,0.6,0.9,pickled_models\Prophet_Iran_(Islamic_Republic_of)_June.pkl
Iran (Islamic Republic of),Summer,0.1904507436546474,0.2275433557974399,0.6,0.85,pickled_models\Prophet_Iran_(Islamic_Republic_of)_Summer.pkl
Iran (Islamic Republic of),March,1.1212232698362412,1.5799131755245668,0.01,0.85,pickled_models\Prophet_Iran_(Islamic_Republic_of)_March.pkl
Iran (Islamic Republic of),Spring,0.3301367273950071,0.6548812451407441,0.5,0.9,pickled_models\Prophet_Iran_(Islamic_Republic_of)_Spring.pkl
Iran (Islamic Republic of),May,0.6191519151622343,0.7164672624100465,0.6,0.9,pickled_models\Prophet_Iran_(Islamic_Republic_of)_May.pkl
Iran (Islamic Republic of),Meteorological year,0.2193618124503137,0.2812879445280641,0.4,0.9,pickled_models\Prophet_Iran_(Islamic_Republic_of)_Meteorological_year.pkl
Iran (Islamic Republic of),November,1.0963289006927317,1.2480673401881053,0.01,0.9,pickled_models\Prophet_Iran_(Islamic_Republic_of)_November.pkl
Iran (Islamic Republic of),October,0.5065802457003087,0.5992838250944678,0.5,0.9,pickled_models\Prophet_Iran_(Islamic_Republic_of)_October.pkl
Iran (Islamic Republic of),September,0.3975830281400638,0.4643052501636731,0.6,0.9,pickled_models\Prophet_Iran_(Islamic_Republic_of)_September.pkl
Iran (Islamic Republic of),Autumn,0.3080175875379653,0.3451524092389135,0.3,0.9,pickled_models\Prophet_Iran_(Islamic_Republic_of)_Autumn.pkl
Iraq,April,0.8520736058862267,1.2681427417484732,0.3,0.85,pickled_models\Prophet_Iraq_April.pkl
Iraq,August,0.5050034677040498,0.672279480387129,0.5,0.9,pickled_models\Prophet_Iraq_August.pkl
Iraq,December,1.580315413887315,1.607712444627754,0.1,0.9,pickled_models\Prophet_Iraq_December.pkl
Iraq,Winter,1.0695954113054749,1.232019963178655,0.6,0.85,pickled_models\Prophet_Iraq_Winter.pkl
Iraq,February,1.3394935109458068,1.6533151460363982,0.6,0.85,pickled_models\Prophet_Iraq_February.pkl
Iraq,January,0.879231401284402,1.086083525296223,0.4,0.9,pickled_models\Prophet_Iraq_January.pkl
Iraq,July,0.6595050266927972,0.8336115924445293,0.6,0.9,pickled_models\Prophet_Iraq_July.pkl
Iraq,June,0.5499947536635005,0.7375499904361612,0.05,0.85,pickled_models\Prophet_Iraq_June.pkl
Iraq,Summer,0.3217892140826423,0.4223670367248204,0.3,0.85,pickled_models\Prophet_Iraq_Summer.pkl
Iraq,March,1.2707015659029224,1.8620945118491787,0.4,0.85,pickled_models\Prophet_Iraq_March.pkl
Iraq,Spring,0.5723125935592502,0.762377961594407,0.6,0.9,pickled_models\Prophet_Iraq_Spring.pkl
Iraq,May,0.5218831915306416,0.6083724415483391,0.5,0.85,pickled_models\Prophet_Iraq_May.pkl
Iraq,Meteorological year,0.2829185043605303,0.4063621142418841,0.6,0.9,pickled_models\Prophet_Iraq_Meteorological_year.pkl
Iraq,November,0.6121891514278684,0.7373242821110021,0.01,0.9,pickled_models\Prophet_Iraq_November.pkl
Iraq,October,0.7616545743957882,0.927409142244848,0.6,0.85,pickled_models\Prophet_Iraq_October.pkl
Iraq,September,1.1038292280038586,1.3458415570386195,0.6,0.85,pickled_models\Prophet_Iraq_September.pkl
Iraq,Autumn,0.7358052441599577,0.8073534672784476,0.6,0.9,pickled_models\Prophet_Iraq_Autumn.pkl
Ireland,April,0.5966743028859202,0.8221154528376512,0.6,0.85,pickled_models\Prophet_Ireland_April.pkl
Ireland,August,0.6274046290542117,0.7786259341369105,0.6,0.85,pickled_models\Prophet_Ireland_August.pkl
Ireland,December,1.109473614887775,1.4457723127350015,0.05,0.85,pickled_models\Prophet_Ireland_December.pkl
Ireland,Winter,0.718898563121731,0.782334327270595,0.05,0.85,pickled_models\Prophet_Ireland_Winter.pkl
Ireland,February,1.0536307259784214,1.205130131245954,0.05,0.9,pickled_models\Prophet_Ireland_February.pkl
Ireland,January,0.3285654965615209,0.3643979719432788,0.4,0.85,pickled_models\Prophet_Ireland_January.pkl
Ireland,July,0.7358508091199769,0.8297681111759924,0.01,0.9,pickled_models\Prophet_Ireland_July.pkl
Ireland,June,0.8891230855498155,0.9723395346308018,0.01,0.85,pickled_models\Prophet_Ireland_June.pkl
Ireland,Summer,0.4471450540546793,0.5799872248519774,0.4,0.85,pickled_models\Prophet_Ireland_Summer.pkl
Ireland,March,0.8259498140195713,1.1160448047422544,0.05,0.9,pickled_models\Prophet_Ireland_March.pkl
Ireland,Spring,0.5186401181097912,0.5573580715234018,0.6,0.85,pickled_models\Prophet_Ireland_Spring.pkl
Ireland,May,0.6892561225706259,0.7653304090558131,0.6,0.85,pickled_models\Prophet_Ireland_May.pkl
Ireland,Meteorological year,0.2768573210373264,0.3211235092295061,0.01,0.9,pickled_models\Prophet_Ireland_Meteorological_year.pkl
Ireland,November,0.902293977348716,1.1417042350116575,0.5,0.9,pickled_models\Prophet_Ireland_November.pkl
Ireland,October,0.5484236565544567,0.6738162514156034,0.6,0.85,pickled_models\Prophet_Ireland_October.pkl
Ireland,September,0.7805611474352031,0.8536585637922279,0.1,0.85,pickled_models\Prophet_Ireland_September.pkl
Ireland,Autumn,0.4638143969690098,0.5276738942514755,0.05,0.9,pickled_models\Prophet_Ireland_Autumn.pkl
Isle of Man,April,0.6058155025029617,0.9065260025757936,0.4,0.9,pickled_models\Prophet_Isle_of_Man_April.pkl
Isle of Man,August,0.6509840860901311,0.8015292854425845,0.3,0.85,pickled_models\Prophet_Isle_of_Man_August.pkl
Isle of Man,December,1.2603832032996998,1.673596345985746,0.01,0.85,pickled_models\Prophet_Isle_of_Man_December.pkl
Isle of Man,Winter,0.8517244766460679,0.8871272914437189,0.05,0.85,pickled_models\Prophet_Isle_of_Man_Winter.pkl
Isle of Man,February,1.0849261259889238,1.2329540468661822,0.3,0.85,pickled_models\Prophet_Isle_of_Man_February.pkl
Isle of Man,January,0.3485750115858985,0.398921426124266,0.05,0.9,pickled_models\Prophet_Isle_of_Man_January.pkl
Isle of Man,July,0.7654199410616359,0.8616761817484178,0.01,0.9,pickled_models\Prophet_Isle_of_Man_July.pkl
Isle of Man,June,0.8772736448771892,0.941562822218782,0.01,0.9,pickled_models\Prophet_Isle_of_Man_June.pkl
Isle of Man,Summer,0.3994163264971435,0.5577354348910555,0.6,0.9,pickled_models\Prophet_Isle_of_Man_Summer.pkl
Isle of Man,March,0.9284190683310728,1.1219835320786913,0.3,0.9,pickled_models\Prophet_Isle_of_Man_March.pkl
Isle of Man,Spring,0.5778166396440335,0.6388899558043996,0.6,0.85,pickled_models\Prophet_Isle_of_Man_Spring.pkl
Isle of Man,May,0.8576264734246047,0.938689693323973,0.05,0.9,pickled_models\Prophet_Isle_of_Man_May.pkl
Isle of Man,Meteorological year,0.3234435272132383,0.3749597289800893,0.5,0.9,pickled_models\Prophet_Isle_of_Man_Meteorological_year.pkl
Isle of Man,November,1.0292962578007652,1.1652317213160623,0.4,0.9,pickled_models\Prophet_Isle_of_Man_November.pkl
Isle of Man,October,0.6486754925139415,0.7811971693673642,0.6,0.9,pickled_models\Prophet_Isle_of_Man_October.pkl
Isle of Man,September,0.7987634538690461,0.8794260946834055,0.01,0.85,pickled_models\Prophet_Isle_of_Man_September.pkl
Isle of Man,Autumn,0.3677075421499687,0.4653124389853488,0.4,0.9,pickled_models\Prophet_Isle_of_Man_Autumn.pkl
Israel,April,1.18754870976286,1.3379587639300927,0.6,0.9,pickled_models\Prophet_Israel_April.pkl
Israel,August,0.460366967409036,0.5978824239351399,0.3,0.9,pickled_models\Prophet_Israel_August.pkl
Israel,December,0.965695946092019,1.0871567268491271,0.6,0.85,pickled_models\Prophet_Israel_December.pkl
Israel,Winter,0.4947911593117464,0.7898860019438866,0.3,0.9,pickled_models\Prophet_Israel_Winter.pkl
Israel,February,1.0214230878107406,1.3166527511571022,0.4,0.85,pickled_models\Prophet_Israel_February.pkl
Israel,January,0.6233845879596446,0.6654587025063972,0.4,0.85,pickled_models\Prophet_Israel_January.pkl
Israel,July,0.4070436856108356,0.5403080378095702,0.1,0.9,pickled_models\Prophet_Israel_July.pkl
Israel,June,0.8307813439145182,0.9541731952414424,0.6,0.9,pickled_models\Prophet_Israel_June.pkl
Israel,Summer,0.282260822529583,0.3501862065127043,0.3,0.85,pickled_models\Prophet_Israel_Summer.pkl
Israel,March,1.1703505767886635,1.365914499688119,0.6,0.9,pickled_models\Prophet_Israel_March.pkl
Israel,Spring,0.7824356370980622,1.0157182042994737,0.6,0.85,pickled_models\Prophet_Israel_Spring.pkl
Israel,May,0.9328674693803686,1.169417043063161,0.05,0.85,pickled_models\Prophet_Israel_May.pkl
Israel,Meteorological year,0.371679430865895,0.4252182178197256,0.3,0.85,pickled_models\Prophet_Israel_Meteorological_year.pkl
Israel,November,0.6185899534698175,0.7619459286872566,0.6,0.9,pickled_models\Prophet_Israel_November.pkl
Israel,October,0.8561722281034431,0.8923120418631665,0.6,0.9,pickled_models\Prophet_Israel_October.pkl
Israel,September,0.5689103994489173,0.8967089859182558,0.6,0.9,pickled_models\Prophet_Israel_September.pkl
Israel,Autumn,0.5828883498410228,0.6984232732566428,0.6,0.9,pickled_models\Prophet_Israel_Autumn.pkl
Italy,April,0.7221458421343675,0.9387347485645005,0.3,0.85,pickled_models\Prophet_Italy_April.pkl
Italy,August,0.6800540118050876,0.8800750994379191,0.5,0.85,pickled_models\Prophet_Italy_August.pkl
Italy,December,0.9648478544609244,1.091316033826081,0.01,0.85,pickled_models\Prophet_Italy_December.pkl
Italy,Winter,0.6841243744522418,1.018578783927676,0.5,0.9,pickled_models\Prophet_Italy_Winter.pkl
Italy,February,1.6772427980645686,1.9402475769607688,0.3,0.85,pickled_models\Prophet_Italy_February.pkl
Italy,January,1.5258300638768612,1.6561647800274728,0.6,0.9,pickled_models\Prophet_Italy_January.pkl
Italy,July,0.7314192507493278,1.1094005973696348,0.6,0.9,pickled_models\Prophet_Italy_July.pkl
Italy,June,0.7079000463538382,0.9766571034903208,0.1,0.9,pickled_models\Prophet_Italy_June.pkl
Italy,Summer,0.6762829141309276,0.7688016633380965,0.4,0.85,pickled_models\Prophet_Italy_Summer.pkl
Italy,March,0.6048240430881794,0.7460203521844165,0.5,0.9,pickled_models\Prophet_Italy_March.pkl
Italy,Spring,0.3849970065403783,0.5128509538683057,0.3,0.85,pickled_models\Prophet_Italy_Spring.pkl
Italy,May,1.1246869272983273,1.599284057398341,0.6,0.9,pickled_models\Prophet_Italy_May.pkl
Italy,Meteorological year,0.1982469741621209,0.2173044227818478,0.5,0.85,pickled_models\Prophet_Italy_Meteorological_year.pkl
Italy,November,0.809629735590755,1.0065685244641154,0.6,0.85,pickled_models\Prophet_Italy_November.pkl
Italy,October,0.605774735780317,0.6706686862027246,0.6,0.9,pickled_models\Prophet_Italy_October.pkl
Italy,September,0.8137809535759907,0.8913751440538213,0.05,0.85,pickled_models\Prophet_Italy_September.pkl
Italy,Autumn,0.6070778395077192,0.6924255664847897,0.6,0.9,pickled_models\Prophet_Italy_Autumn.pkl
Japan,April,0.788677743884215,0.9626951986643628,0.01,0.9,pickled_models\Prophet_Japan_April.pkl
Japan,August,0.40766320634571,0.5051585872506555,0.5,0.85,pickled_models\Prophet_Japan_August.pkl
Japan,December,1.0975338639626129,1.1547406048190918,0.3,0.9,pickled_models\Prophet_Japan_December.pkl
Japan,Winter,0.5570337354003906,0.6406739976232743,0.4,0.9,pickled_models\Prophet_Japan_Winter.pkl
Japan,February,0.5560543811066189,0.7852483182024024,0.4,0.9,pickled_models\Prophet_Japan_February.pkl
Japan,January,0.3532414207900342,0.3773382553295084,0.1,0.85,pickled_models\Prophet_Japan_January.pkl
Japan,July,0.5215889646248234,0.690600024938294,0.6,0.85,pickled_models\Prophet_Japan_July.pkl
Japan,June,0.299754356606961,0.4541510025992759,0.1,0.9,pickled_models\Prophet_Japan_June.pkl
Japan,Summer,0.2170962315312143,0.248041689605174,0.4,0.9,pickled_models\Prophet_Japan_Summer.pkl
Japan,March,0.7100792861516841,0.7802706322700909,0.5,0.85,pickled_models\Prophet_Japan_March.pkl
Japan,Spring,0.6769775410122012,0.7974464849677269,0.6,0.85,pickled_models\Prophet_Japan_Spring.pkl
Japan,May,0.8744112538855223,0.9569598626376936,0.6,0.9,pickled_models\Prophet_Japan_May.pkl
Japan,Meteorological year,0.1985044030086455,0.2496471359113171,0.4,0.85,pickled_models\Prophet_Japan_Meteorological_year.pkl
Japan,November,0.6611073020827778,0.7518523439684827,0.3,0.9,pickled_models\Prophet_Japan_November.pkl
Japan,October,0.5780614024375833,0.631351123982228,0.05,0.85,pickled_models\Prophet_Japan_October.pkl
Japan,September,0.842998025064348,0.8903182202647373,0.05,0.85,pickled_models\Prophet_Japan_September.pkl
Japan,Autumn,0.3732329888202297,0.4430749771667481,0.3,0.9,pickled_models\Prophet_Japan_Autumn.pkl
Jordan,April,1.3571886891553058,1.5450079124842526,0.01,0.85,pickled_models\Prophet_Jordan_April.pkl
Jordan,August,0.6712353003340673,0.7863397317105656,0.3,0.9,pickled_models\Prophet_Jordan_August.pkl
Jordan,December,1.4060165956069903,1.5327162592412549,0.3,0.85,pickled_models\Prophet_Jordan_December.pkl
Jordan,Winter,0.6472503280904108,0.93439021500939,0.6,0.85,pickled_models\Prophet_Jordan_Winter.pkl
Jordan,February,1.1472477990176522,1.4833109009734824,0.6,0.9,pickled_models\Prophet_Jordan_February.pkl
Jordan,January,0.5613672193823961,0.7027766961162097,0.6,0.9,pickled_models\Prophet_Jordan_January.pkl
Jordan,July,0.641244742801879,0.9301021831147488,0.1,0.9,pickled_models\Prophet_Jordan_July.pkl
Jordan,June,0.9151516412718324,1.112086962923684,0.1,0.85,pickled_models\Prophet_Jordan_June.pkl
Jordan,Summer,0.4850092195792142,0.5479104467421892,0.4,0.85,pickled_models\Prophet_Jordan_Summer.pkl
Jordan,March,1.4400031563448623,1.6883572739610109,0.6,0.85,pickled_models\Prophet_Jordan_March.pkl
Jordan,Spring,0.8611596411159264,1.0714794009065678,0.6,0.9,pickled_models\Prophet_Jordan_Spring.pkl
Jordan,May,0.8105744489708773,0.964098020509158,0.01,0.85,pickled_models\Prophet_Jordan_May.pkl
Jordan,Meteorological year,0.355471472634057,0.4313588982468192,0.6,0.85,pickled_models\Prophet_Jordan_Meteorological_year.pkl
Jordan,November,0.6613170086670247,0.7740689534734124,0.6,0.85,pickled_models\Prophet_Jordan_November.pkl
Jordan,October,1.1051586059203466,1.1642101200020252,0.6,0.9,pickled_models\Prophet_Jordan_October.pkl
Jordan,September,0.9680359763964912,1.1900553005415415,0.01,0.85,pickled_models\Prophet_Jordan_September.pkl
Jordan,Autumn,0.7110791286014404,0.8416244990006688,0.6,0.85,pickled_models\Prophet_Jordan_Autumn.pkl
Kenya,April,0.8769273861021311,1.0761360022429045,0.6,0.9,pickled_models\Prophet_Kenya_April.pkl
Kenya,August,0.355399603272353,0.4070696788354001,0.6,0.9,pickled_models\Prophet_Kenya_August.pkl
Kenya,December,0.2741986051740188,0.3160245248829056,0.01,0.85,pickled_models\Prophet_Kenya_December.pkl
Kenya,Winter,0.2352613519926793,0.2772699170013773,0.5,0.85,pickled_models\Prophet_Kenya_Winter.pkl
Kenya,February,0.2241669370978112,0.2778451057931346,0.05,0.85,pickled_models\Prophet_Kenya_February.pkl
Kenya,January,0.3620247186708387,0.4235601437464578,0.6,0.9,pickled_models\Prophet_Kenya_January.pkl
Kenya,July,0.3227207676074399,0.3702266162954012,0.6,0.85,pickled_models\Prophet_Kenya_July.pkl
Kenya,June,0.3505346536123908,0.3834731600613016,0.6,0.9,pickled_models\Prophet_Kenya_June.pkl
Kenya,Summer,0.323317261466485,0.3701690646794324,0.6,0.9,pickled_models\Prophet_Kenya_Summer.pkl
Kenya,March,0.6490556020817864,0.8174808516539609,0.01,0.85,pickled_models\Prophet_Kenya_March.pkl
Kenya,Spring,0.6234814075370448,0.756606606697993,0.6,0.85,pickled_models\Prophet_Kenya_Spring.pkl
Kenya,May,0.5118258688975323,0.5833977691109504,0.6,0.85,pickled_models\Prophet_Kenya_May.pkl
Kenya,Meteorological year,0.2677346238866157,0.3262351766247525,0.6,0.85,pickled_models\Prophet_Kenya_Meteorological_year.pkl
Kenya,November,0.2208489511945067,0.3208902575018297,0.6,0.85,pickled_models\Prophet_Kenya_November.pkl
Kenya,October,0.2590640573410081,0.379717202460832,0.05,0.85,pickled_models\Prophet_Kenya_October.pkl
Kenya,September,0.6435484326490073,0.8753309527740711,0.6,0.85,pickled_models\Prophet_Kenya_September.pkl
Kenya,Autumn,0.2287356606355781,0.3080194554955319,0.5,0.85,pickled_models\Prophet_Kenya_Autumn.pkl
Kuwait,April,0.9101708922547695,1.1570151411915133,0.6,0.9,pickled_models\Prophet_Kuwait_April.pkl
Kuwait,August,0.5328244074797767,0.5825805547305966,0.6,0.85,pickled_models\Prophet_Kuwait_August.pkl
Kuwait,December,1.2391830615787658,1.3369742197428354,0.5,0.9,pickled_models\Prophet_Kuwait_December.pkl
Kuwait,Winter,0.818969531815462,0.922917379820996,0.6,0.85,pickled_models\Prophet_Kuwait_Winter.pkl
Kuwait,February,1.2741657534232809,1.4951994514032152,0.4,0.9,pickled_models\Prophet_Kuwait_February.pkl
Kuwait,January,0.6363801338919645,0.8517621374288962,0.6,0.85,pickled_models\Prophet_Kuwait_January.pkl
Kuwait,July,0.5674859050605092,0.7187640673308315,0.5,0.85,pickled_models\Prophet_Kuwait_July.pkl
Kuwait,June,0.382534523130529,0.5112500769628278,0.01,0.85,pickled_models\Prophet_Kuwait_June.pkl
Kuwait,Summer,0.295585261883367,0.3914461340221306,0.01,0.85,pickled_models\Prophet_Kuwait_Summer.pkl
Kuwait,March,1.3647480626311064,1.671434222728603,0.3,0.85,pickled_models\Prophet_Kuwait_March.pkl
Kuwait,Spring,0.543840248779604,0.7773572147656613,0.3,0.9,pickled_models\Prophet_Kuwait_Spring.pkl
Kuwait,May,0.5202338612298413,0.6323976508031318,0.05,0.85,pickled_models\Prophet_Kuwait_May.pkl
Kuwait,Meteorological year,0.2410351296923424,0.2777282739186931,0.6,0.9,pickled_models\Prophet_Kuwait_Meteorological_year.pkl
Kuwait,November,0.7614797700946228,0.8384517794453932,0.3,0.85,pickled_models\Prophet_Kuwait_November.pkl
Kuwait,October,0.8564522106533122,1.042840771469409,0.6,0.85,pickled_models\Prophet_Kuwait_October.pkl
Kuwait,September,0.8334376581010269,1.0391724136917555,0.6,0.85,pickled_models\Prophet_Kuwait_September.pkl
Kuwait,Autumn,0.6684056809313885,0.7318559717405906,0.6,0.9,pickled_models\Prophet_Kuwait_Autumn.pkl
Land Locked Developing Countries,April,0.3549190767113059,0.374604225422898,0.05,0.85,pickled_models\Prophet_Land_Locked_Developing_Countries_April.pkl
Land Locked Developing Countries,August,0.207051314820878,0.2288009800394309,0.1,0.9,pickled_models\Prophet_Land_Locked_Developing_Countries_August.pkl
Land Locked Developing Countries,December,0.5870240516987255,0.6714866176237628,0.01,0.85,pickled_models\Prophet_Land_Locked_Developing_Countries_December.pkl
Land Locked Developing Countries,Winter,0.4277589020947861,0.5044360049296177,0.01,0.85,pickled_models\Prophet_Land_Locked_Developing_Countries_Winter.pkl
Land Locked Developing Countries,February,0.8701870224120037,1.1197035006228775,0.05,0.9,pickled_models\Prophet_Land_Locked_Developing_Countries_February.pkl
Land Locked Developing Countries,January,0.7424674001024189,0.7719408509833271,0.3,0.85,pickled_models\Prophet_Land_Locked_Developing_Countries_January.pkl
Land Locked Developing Countries,July,0.3828127227716233,0.4645753978639906,0.6,0.9,pickled_models\Prophet_Land_Locked_Developing_Countries_July.pkl
Land Locked Developing Countries,June,0.2925180094548993,0.3553633419413577,0.3,0.9,pickled_models\Prophet_Land_Locked_Developing_Countries_June.pkl
Land Locked Developing Countries,Summer,0.1762317249878643,0.2487433094285194,0.6,0.9,pickled_models\Prophet_Land_Locked_Developing_Countries_Summer.pkl
Land Locked Developing Countries,March,0.586251794644543,0.6814360395933609,0.6,0.9,pickled_models\Prophet_Land_Locked_Developing_Countries_March.pkl
Land Locked Developing Countries,Spring,0.2403895280993719,0.3304432030352766,0.1,0.85,pickled_models\Prophet_Land_Locked_Developing_Countries_Spring.pkl
Land Locked Developing Countries,May,0.2251112932034409,0.2501801702131765,0.6,0.85,pickled_models\Prophet_Land_Locked_Developing_Countries_May.pkl
Land Locked Developing Countries,Meteorological year,0.1809126650378512,0.1946564986432815,0.5,0.85,pickled_models\Prophet_Land_Locked_Developing_Countries_Meteorological_year.pkl
Land Locked Developing Countries,November,0.5584423636010564,0.6462498803036719,0.01,0.85,pickled_models\Prophet_Land_Locked_Developing_Countries_November.pkl
Land Locked Developing Countries,October,0.4012304533039821,0.4750824760195026,0.05,0.9,pickled_models\Prophet_Land_Locked_Developing_Countries_October.pkl
Land Locked Developing Countries,September,0.2050730379247048,0.2626640911587856,0.6,0.85,pickled_models\Prophet_Land_Locked_Developing_Countries_September.pkl
Land Locked Developing Countries,Autumn,0.2331068204976634,0.3071862647772944,0.1,0.9,pickled_models\Prophet_Land_Locked_Developing_Countries_Autumn.pkl
Lao People's Democratic Republic,April,0.9888129718187376,1.2844925551951605,0.6,0.85,pickled_models\Prophet_Lao_People's_Democratic_Republic_April.pkl
Lao People's Democratic Republic,August,0.3380150611106436,0.3897628689679199,0.01,0.9,pickled_models\Prophet_Lao_People's_Democratic_Republic_August.pkl
Lao People's Democratic Republic,December,0.95375605063874,1.1663362245522702,0.05,0.9,pickled_models\Prophet_Lao_People's_Democratic_Republic_December.pkl
Lao People's Democratic Republic,Winter,0.9129503911372492,1.0672917492674368,0.1,0.9,pickled_models\Prophet_Lao_People's_Democratic_Republic_Winter.pkl
Lao People's Democratic Republic,February,1.2664538022034852,1.443914250504862,0.3,0.85,pickled_models\Prophet_Lao_People's_Democratic_Republic_February.pkl
Lao People's Democratic Republic,January,0.8808684763074187,1.1111943558150208,0.01,0.85,pickled_models\Prophet_Lao_People's_Democratic_Republic_January.pkl
Lao People's Democratic Republic,July,0.3720172955581741,0.4564804736618811,0.1,0.9,pickled_models\Prophet_Lao_People's_Democratic_Republic_July.pkl
Lao People's Democratic Republic,June,0.5830625603456908,0.7747781020595332,0.01,0.9,pickled_models\Prophet_Lao_People's_Democratic_Republic_June.pkl
Lao People's Democratic Republic,Summer,0.3458946850440623,0.4750008845525109,0.01,0.85,pickled_models\Prophet_Lao_People's_Democratic_Republic_Summer.pkl
Lao People's Democratic Republic,March,0.6260864559181891,0.7425080757321398,0.1,0.9,pickled_models\Prophet_Lao_People's_Democratic_Republic_March.pkl
Lao People's Democratic Republic,Spring,0.7800321344992783,0.9225447350673938,0.01,0.9,pickled_models\Prophet_Lao_People's_Democratic_Republic_Spring.pkl
Lao People's Democratic Republic,May,0.9250799195355978,1.1323427848947427,0.5,0.9,pickled_models\Prophet_Lao_People's_Democratic_Republic_May.pkl
Lao People's Democratic Republic,Meteorological year,0.4454235300070523,0.5707098657665761,0.3,0.85,pickled_models\Prophet_Lao_People's_Democratic_Republic_Meteorological_year.pkl
Lao People's Democratic Republic,November,1.0231606396672472,1.1801109470064823,0.6,0.85,pickled_models\Prophet_Lao_People's_Democratic_Republic_November.pkl
Lao People's Democratic Republic,October,0.6516208528056254,0.7440077823475951,0.4,0.9,pickled_models\Prophet_Lao_People's_Democratic_Republic_October.pkl
Lao People's Democratic Republic,September,0.5652390156116579,0.6365810019808815,0.05,0.9,pickled_models\Prophet_Lao_People's_Democratic_Republic_September.pkl
Lao People's Democratic Republic,Autumn,0.7269494686637459,0.7630630054385181,0.6,0.9,pickled_models\Prophet_Lao_People's_Democratic_Republic_Autumn.pkl
Least Developed Countries,April,0.2915399141913223,0.3296701288874825,0.05,0.9,pickled_models\Prophet_Least_Developed_Countries_April.pkl
Least Developed Countries,August,0.1853771188217915,0.203528455091233,0.1,0.9,pickled_models\Prophet_Least_Developed_Countries_August.pkl
Least Developed Countries,December,0.2514192203897076,0.3362068637597007,0.01,0.9,pickled_models\Prophet_Least_Developed_Countries_December.pkl
Least Developed Countries,Winter,0.1404528857579828,0.186614733434509,0.3,0.85,pickled_models\Prophet_Least_Developed_Countries_Winter.pkl
Least Developed Countries,February,0.2313695967054244,0.2944233507820323,0.01,0.85,pickled_models\Prophet_Least_Developed_Countries_February.pkl
Least Developed Countries,January,0.3825297878298446,0.3996039421194668,0.6,0.9,pickled_models\Prophet_Least_Developed_Countries_January.pkl
Least Developed Countries,July,0.3824465764366169,0.4421799486653409,0.4,0.9,pickled_models\Prophet_Least_Developed_Countries_July.pkl
Least Developed Countries,June,0.2260868087923281,0.252755266322873,0.6,0.9,pickled_models\Prophet_Least_Developed_Countries_June.pkl
Least Developed Countries,Summer,0.257356694229236,0.2858837461179692,0.3,0.85,pickled_models\Prophet_Least_Developed_Countries_Summer.pkl
Least Developed Countries,March,0.3106699580023249,0.3985430575396819,0.6,0.85,pickled_models\Prophet_Least_Developed_Countries_March.pkl
Least Developed Countries,Spring,0.1866401663689604,0.2548992712641991,0.01,0.85,pickled_models\Prophet_Least_Developed_Countries_Spring.pkl
Least Developed Countries,May,0.2174839968637832,0.2334618161734559,0.6,0.9,pickled_models\Prophet_Least_Developed_Countries_May.pkl
Least Developed Countries,Meteorological year,0.1349904255341733,0.1477749220811086,0.6,0.85,pickled_models\Prophet_Least_Developed_Countries_Meteorological_year.pkl
Least Developed Countries,November,0.2496198100599805,0.3225274566424393,0.6,0.9,pickled_models\Prophet_Least_Developed_Countries_November.pkl
Least Developed Countries,October,0.3130110819478839,0.3805411663828355,0.6,0.85,pickled_models\Prophet_Least_Developed_Countries_October.pkl
Least Developed Countries,September,0.2917716527265883,0.3023520581060146,0.1,0.9,pickled_models\Prophet_Least_Developed_Countries_September.pkl
Least Developed Countries,Autumn,0.274397277871939,0.2939374386819708,0.6,0.85,pickled_models\Prophet_Least_Developed_Countries_Autumn.pkl
Lebanon,April,1.3471306840718842,1.4718617762346948,0.6,0.9,pickled_models\Prophet_Lebanon_April.pkl
Lebanon,August,0.3218204318083987,0.3912361703309215,0.3,0.9,pickled_models\Prophet_Lebanon_August.pkl
Lebanon,December,1.2173020048513352,1.3430973209657278,0.6,0.85,pickled_models\Prophet_Lebanon_December.pkl
Lebanon,Winter,0.5211260719894653,0.8119982216169693,0.6,0.85,pickled_models\Prophet_Lebanon_Winter.pkl
Lebanon,February,1.0184781257838564,1.2641495435615575,0.5,0.85,pickled_models\Prophet_Lebanon_February.pkl
Lebanon,January,0.7546538759214303,0.8838246481256167,0.3,0.9,pickled_models\Prophet_Lebanon_January.pkl
Lebanon,July,0.4974250214292646,0.6960624099092578,0.05,0.9,pickled_models\Prophet_Lebanon_July.pkl
Lebanon,June,0.6738642903162209,0.8565903855492011,0.3,0.85,pickled_models\Prophet_Lebanon_June.pkl
Lebanon,Summer,0.3495293753673336,0.3832920945165531,0.3,0.85,pickled_models\Prophet_Lebanon_Summer.pkl
Lebanon,March,1.1132607583883458,1.3103393748271592,0.6,0.9,pickled_models\Prophet_Lebanon_March.pkl
Lebanon,Spring,0.8041067610347651,1.0072227663420636,0.6,0.9,pickled_models\Prophet_Lebanon_Spring.pkl
Lebanon,May,0.7131915671597501,0.943700062570465,0.5,0.85,pickled_models\Prophet_Lebanon_May.pkl
Lebanon,Meteorological year,0.3010555530943531,0.3909074538251749,0.3,0.9,pickled_models\Prophet_Lebanon_Meteorological_year.pkl
Lebanon,November,0.5454350887661102,0.7260987107187062,0.6,0.9,pickled_models\Prophet_Lebanon_November.pkl
Lebanon,October,0.8214282198012489,0.8589410295555848,0.6,0.9,pickled_models\Prophet_Lebanon_October.pkl
Lebanon,September,0.7151664143325728,1.0003087755224866,0.05,0.9,pickled_models\Prophet_Lebanon_September.pkl
Lebanon,Autumn,0.5242711442222555,0.676281964647751,0.6,0.9,pickled_models\Prophet_Lebanon_Autumn.pkl
Lesotho,April,0.6617206984304395,0.8809365516669687,0.4,0.9,pickled_models\Prophet_Lesotho_April.pkl
Lesotho,August,0.7396653869985291,0.8582867822212641,0.01,0.85,pickled_models\Prophet_Lesotho_August.pkl
Lesotho,December,1.1742787638054908,1.549771229543388,0.05,0.85,pickled_models\Prophet_Lesotho_December.pkl
Lesotho,Winter,0.4949690100403924,0.8281839916773953,0.5,0.85,pickled_models\Prophet_Lesotho_Winter.pkl
Lesotho,February,0.4207391150149568,0.6059984169982829,0.3,0.9,pickled_models\Prophet_Lesotho_February.pkl
Lesotho,January,0.614226391342232,0.7635022515660028,0.01,0.9,pickled_models\Prophet_Lesotho_January.pkl
Lesotho,July,0.8477063771515209,0.9936664967578877,0.4,0.85,pickled_models\Prophet_Lesotho_July.pkl
Lesotho,June,0.5865809282793181,0.682468524731156,0.5,0.85,pickled_models\Prophet_Lesotho_June.pkl
Lesotho,Summer,0.541514578629835,0.687285765739604,0.05,0.9,pickled_models\Prophet_Lesotho_Summer.pkl
Lesotho,March,0.5395822681427883,0.8037547297304984,0.01,0.85,pickled_models\Prophet_Lesotho_March.pkl
Lesotho,Spring,0.3938912965542097,0.6181484598852611,0.1,0.9,pickled_models\Prophet_Lesotho_Spring.pkl
Lesotho,May,0.6988160344631377,0.8001223155175856,0.1,0.9,pickled_models\Prophet_Lesotho_May.pkl
Lesotho,Meteorological year,0.4189259944190018,0.585368315768261,0.01,0.9,pickled_models\Prophet_Lesotho_Meteorological_year.pkl
Lesotho,November,0.7224570457453571,0.7672124629176268,0.05,0.85,pickled_models\Prophet_Lesotho_November.pkl
Lesotho,October,0.8506241694908162,1.0829768087615643,0.01,0.85,pickled_models\Prophet_Lesotho_October.pkl
Lesotho,September,0.97443038222729,1.0319828889081375,0.6,0.9,pickled_models\Prophet_Lesotho_September.pkl
Lesotho,Autumn,0.5198155001525236,0.6172371562140632,0.6,0.9,pickled_models\Prophet_Lesotho_Autumn.pkl
Libya,April,1.197798067197043,1.4043310527604862,0.05,0.85,pickled_models\Prophet_Libya_April.pkl
Libya,August,0.6344352966119434,0.7889261552071367,0.3,0.9,pickled_models\Prophet_Libya_August.pkl
Libya,December,0.4074859384199469,0.4896434809342174,0.1,0.9,pickled_models\Prophet_Libya_December.pkl
Libya,Winter,0.5418033059218338,0.5851968566028937,0.05,0.9,pickled_models\Prophet_Libya_Winter.pkl
Libya,February,1.1686739631292926,1.2847998075717433,0.5,0.85,pickled_models\Prophet_Libya_February.pkl
Libya,January,1.1541613198885023,1.2403087530303094,0.1,0.85,pickled_models\Prophet_Libya_January.pkl
Libya,July,0.519058524246787,0.6174613696366924,0.6,0.85,pickled_models\Prophet_Libya_July.pkl
Libya,June,0.6031146772123902,0.7770435843679366,0.3,0.9,pickled_models\Prophet_Libya_June.pkl
Libya,Summer,0.3425859245446656,0.3641983920334746,0.6,0.9,pickled_models\Prophet_Libya_Summer.pkl
Libya,March,1.044558399322066,1.2876245931951569,0.05,0.9,pickled_models\Prophet_Libya_March.pkl
Libya,Spring,0.8892413350732054,0.977018292834072,0.3,0.9,pickled_models\Prophet_Libya_Spring.pkl
Libya,May,0.5940891587488372,0.7074715302353981,0.05,0.85,pickled_models\Prophet_Libya_May.pkl
Libya,Meteorological year,0.4047828745579371,0.4389929959775532,0.05,0.85,pickled_models\Prophet_Libya_Meteorological_year.pkl
Libya,November,0.6956273493319549,0.9230514220608286,0.6,0.85,pickled_models\Prophet_Libya_November.pkl
Libya,October,1.282502068039885,1.4509404015553404,0.5,0.85,pickled_models\Prophet_Libya_October.pkl
Libya,September,0.605426969438521,0.6884590682194187,0.6,0.85,pickled_models\Prophet_Libya_September.pkl
Libya,Autumn,0.500425201428337,0.766043321001503,0.6,0.85,pickled_models\Prophet_Libya_Autumn.pkl
Liechtenstein,April,1.0132817891399049,1.479265589294679,0.01,0.85,pickled_models\Prophet_Liechtenstein_April.pkl
Liechtenstein,August,1.0637295632805197,1.2576825552456945,0.01,0.9,pickled_models\Prophet_Liechtenstein_August.pkl
Liechtenstein,December,1.4760684063342362,1.7626823378203125,0.3,0.9,pickled_models\Prophet_Liechtenstein_December.pkl
Liechtenstein,Winter,0.9805394049603032,1.2989957949113928,0.05,0.9,pickled_models\Prophet_Liechtenstein_Winter.pkl
Liechtenstein,February,2.40632447893583,2.526213953794564,0.05,0.85,pickled_models\Prophet_Liechtenstein_February.pkl
Liechtenstein,January,1.9165850297028004,2.158101592639232,0.5,0.9,pickled_models\Prophet_Liechtenstein_January.pkl
Liechtenstein,July,0.8155254669032477,1.0942016586712326,0.01,0.9,pickled_models\Prophet_Liechtenstein_July.pkl
Liechtenstein,June,0.8093691342691766,1.0945542433113304,0.4,0.9,pickled_models\Prophet_Liechtenstein_June.pkl
Liechtenstein,Summer,0.8445869753316201,0.9162318004332344,0.6,0.9,pickled_models\Prophet_Liechtenstein_Summer.pkl
Liechtenstein,March,1.2882131283342113,1.4999026279508207,0.1,0.85,pickled_models\Prophet_Liechtenstein_March.pkl
Liechtenstein,Spring,0.5634729957655119,0.6294304587599877,0.01,0.85,pickled_models\Prophet_Liechtenstein_Spring.pkl
Liechtenstein,May,1.5031685121062444,1.95579709764134,0.3,0.9,pickled_models\Prophet_Liechtenstein_May.pkl
Liechtenstein,Meteorological year,0.432344211471666,0.4659663149271489,0.6,0.85,pickled_models\Prophet_Liechtenstein_Meteorological_year.pkl
Liechtenstein,November,1.1889570789142654,1.5201388603190635,0.6,0.9,pickled_models\Prophet_Liechtenstein_November.pkl
Liechtenstein,October,1.1996266453937676,1.246513253633402,0.01,0.85,pickled_models\Prophet_Liechtenstein_October.pkl
Liechtenstein,September,1.319098183228797,1.502123988572016,0.3,0.9,pickled_models\Prophet_Liechtenstein_September.pkl
Liechtenstein,Autumn,0.7761457832262145,0.9299296756668248,0.6,0.85,pickled_models\Prophet_Liechtenstein_Autumn.pkl
Low Income Food Deficit Countries,April,0.3170084452330249,0.3537402743825697,0.6,0.9,pickled_models\Prophet_Low_Income_Food_Deficit_Countries_April.pkl
Low Income Food Deficit Countries,August,0.1588674563536014,0.1856200098128739,0.01,0.9,pickled_models\Prophet_Low_Income_Food_Deficit_Countries_August.pkl
Low Income Food Deficit Countries,December,0.2490199418044243,0.3484219553836487,0.01,0.9,pickled_models\Prophet_Low_Income_Food_Deficit_Countries_December.pkl
Low Income Food Deficit Countries,Winter,0.1842041336468835,0.2367168149019386,0.3,0.9,pickled_models\Prophet_Low_Income_Food_Deficit_Countries_Winter.pkl
Low Income Food Deficit Countries,February,0.3477910111590669,0.4390579443765213,0.3,0.85,pickled_models\Prophet_Low_Income_Food_Deficit_Countries_February.pkl
Low Income Food Deficit Countries,January,0.4206578180585713,0.4504127711276311,0.3,0.9,pickled_models\Prophet_Low_Income_Food_Deficit_Countries_January.pkl
Low Income Food Deficit Countries,July,0.3247753095508486,0.382677290042259,0.6,0.85,pickled_models\Prophet_Low_Income_Food_Deficit_Countries_July.pkl
Low Income Food Deficit Countries,June,0.2417574524768756,0.2818594504266534,0.05,0.9,pickled_models\Prophet_Low_Income_Food_Deficit_Countries_June.pkl
Low Income Food Deficit Countries,Summer,0.2499455227802397,0.2784502551050259,0.4,0.85,pickled_models\Prophet_Low_Income_Food_Deficit_Countries_Summer.pkl
Low Income Food Deficit Countries,March,0.3931034082001129,0.520340365644926,0.05,0.85,pickled_models\Prophet_Low_Income_Food_Deficit_Countries_March.pkl
Low Income Food Deficit Countries,Spring,0.2297992995893255,0.2980975711423253,0.5,0.85,pickled_models\Prophet_Low_Income_Food_Deficit_Countries_Spring.pkl
Low Income Food Deficit Countries,May,0.2172373681398845,0.2337176144663956,0.6,0.9,pickled_models\Prophet_Low_Income_Food_Deficit_Countries_May.pkl
Low Income Food Deficit Countries,Meteorological year,0.116204592629403,0.1407128431025614,0.6,0.85,pickled_models\Prophet_Low_Income_Food_Deficit_Countries_Meteorological_year.pkl
Low Income Food Deficit Countries,November,0.1577724232703016,0.1767685127116369,0.6,0.85,pickled_models\Prophet_Low_Income_Food_Deficit_Countries_November.pkl
Low Income Food Deficit Countries,October,0.2528754236134121,0.317834199334119,0.6,0.85,pickled_models\Prophet_Low_Income_Food_Deficit_Countries_October.pkl
Low Income Food Deficit Countries,September,0.2478102131013138,0.2736513834446708,0.1,0.9,pickled_models\Prophet_Low_Income_Food_Deficit_Countries_September.pkl
Low Income Food Deficit Countries,Autumn,0.20019052319599,0.2135941585850505,0.6,0.9,pickled_models\Prophet_Low_Income_Food_Deficit_Countries_Autumn.pkl
Malaysia,April,0.4394014403176231,0.5964179588327935,0.1,0.9,pickled_models\Prophet_Malaysia_April.pkl
Malaysia,August,0.2909304036141651,0.3569640992559809,0.01,0.85,pickled_models\Prophet_Malaysia_August.pkl
Malaysia,December,0.4272959528595317,0.4829134917049456,0.6,0.9,pickled_models\Prophet_Malaysia_December.pkl
Malaysia,Winter,0.3566082355505658,0.4726626484923519,0.05,0.85,pickled_models\Prophet_Malaysia_Winter.pkl
Malaysia,February,0.2776376315789687,0.3731041372423403,0.01,0.85,pickled_models\Prophet_Malaysia_February.pkl
Malaysia,January,0.550484221080252,0.6718047674819473,0.6,0.9,pickled_models\Prophet_Malaysia_January.pkl
Malaysia,July,0.4224170963758002,0.4562465551886766,0.01,0.85,pickled_models\Prophet_Malaysia_July.pkl
Malaysia,June,0.237296967273772,0.3185630441958654,0.1,0.85,pickled_models\Prophet_Malaysia_June.pkl
Malaysia,Summer,0.2666588650025878,0.288477770214936,0.1,0.85,pickled_models\Prophet_Malaysia_Summer.pkl
Malaysia,March,0.2159228576526114,0.3560663549658959,0.05,0.9,pickled_models\Prophet_Malaysia_March.pkl
Malaysia,Spring,0.2998051643062508,0.4427166641631747,0.1,0.85,pickled_models\Prophet_Malaysia_Spring.pkl
Malaysia,May,0.3408611806763515,0.411947179786124,0.6,0.85,pickled_models\Prophet_Malaysia_May.pkl
Malaysia,Meteorological year,0.2917934685345789,0.3499854180874958,0.05,0.9,pickled_models\Prophet_Malaysia_Meteorological_year.pkl
Malaysia,November,0.3933232828187585,0.4058762104727601,0.6,0.85,pickled_models\Prophet_Malaysia_November.pkl
Malaysia,October,0.3314280815412154,0.3745930703615498,0.6,0.85,pickled_models\Prophet_Malaysia_October.pkl
Malaysia,September,0.2170839762277075,0.2798131825777645,0.6,0.85,pickled_models\Prophet_Malaysia_September.pkl
Malaysia,Autumn,0.2937481449833437,0.3112600303465866,0.6,0.85,pickled_models\Prophet_Malaysia_Autumn.pkl
Mali,April,0.2923732160901727,0.3458111485279991,0.6,0.85,pickled_models\Prophet_Mali_April.pkl
Mali,August,0.1484059689122148,0.2077894792736467,0.1,0.9,pickled_models\Prophet_Mali_August.pkl
Mali,December,0.6907385319208063,0.8418101093047428,0.3,0.85,pickled_models\Prophet_Mali_December.pkl
Mali,Winter,0.408382396131436,0.4424537022029224,0.1,0.9,pickled_models\Prophet_Mali_Winter.pkl
Mali,February,0.7119691245662704,0.8074402357523807,0.6,0.85,pickled_models\Prophet_Mali_February.pkl
Mali,January,0.4661424819300216,0.5893907605766735,0.3,0.85,pickled_models\Prophet_Mali_January.pkl
Mali,July,0.2634263783541359,0.2783915195840941,0.6,0.9,pickled_models\Prophet_Mali_July.pkl
Mali,June,0.3017797909350497,0.4032730661371879,0.05,0.9,pickled_models\Prophet_Mali_June.pkl
Mali,Summer,0.1674626709263085,0.198752112349462,0.1,0.85,pickled_models\Prophet_Mali_Summer.pkl
Mali,March,1.0442203569782598,1.1997487240315254,0.01,0.85,pickled_models\Prophet_Mali_March.pkl
Mali,Spring,0.4337881842412363,0.5473181722092371,0.6,0.9,pickled_models\Prophet_Mali_Spring.pkl
Mali,May,0.5472694630004559,0.6540543484516558,0.6,0.9,pickled_models\Prophet_Mali_May.pkl
Mali,Meteorological year,0.1819010070016905,0.2019418223884808,0.6,0.85,pickled_models\Prophet_Mali_Meteorological_year.pkl
Mali,November,0.3196757266038952,0.3464445888875214,0.6,0.9,pickled_models\Prophet_Mali_November.pkl
Mali,October,0.2883675099755208,0.3535771566489169,0.01,0.85,pickled_models\Prophet_Mali_October.pkl
Mali,September,0.4785923733159942,0.5161446354376451,0.1,0.85,pickled_models\Prophet_Mali_September.pkl
Mali,Autumn,0.229682519377897,0.2521259708298701,0.01,0.9,pickled_models\Prophet_Mali_Autumn.pkl
Malta,April,0.6890013918972411,0.8521906107706294,0.3,0.85,pickled_models\Prophet_Malta_April.pkl
Malta,August,0.6028981540228366,0.6777489232226935,0.05,0.85,pickled_models\Prophet_Malta_August.pkl
Malta,December,0.5399922447908954,0.7597204390728832,0.6,0.9,pickled_models\Prophet_Malta_December.pkl
Malta,Winter,0.5487238113000542,0.6721590004923595,0.05,0.85,pickled_models\Prophet_Malta_Winter.pkl
Malta,February,1.1351237344995069,1.5074732770325712,0.3,0.9,pickled_models\Prophet_Malta_February.pkl
Malta,January,1.02527259967219,1.2012020326860515,0.05,0.9,pickled_models\Prophet_Malta_January.pkl
Malta,July,0.4714562631220957,0.6261280582640472,0.01,0.9,pickled_models\Prophet_Malta_July.pkl
Malta,June,0.5445928566378587,0.6291281665457962,0.05,0.9,pickled_models\Prophet_Malta_June.pkl
Malta,Summer,0.4270479752451109,0.5619059617679162,0.3,0.85,pickled_models\Prophet_Malta_Summer.pkl
Malta,March,0.3539026883074523,0.4185034835049821,0.6,0.85,pickled_models\Prophet_Malta_March.pkl
Malta,Spring,0.4539537969708264,0.6376871233431793,0.3,0.9,pickled_models\Prophet_Malta_Spring.pkl
Malta,May,0.7301501703355905,1.104599266915966,0.01,0.85,pickled_models\Prophet_Malta_May.pkl
Malta,Meteorological year,0.2226200062057528,0.2639994219937162,0.6,0.9,pickled_models\Prophet_Malta_Meteorological_year.pkl
Malta,November,0.5351063827334221,0.6838384700105827,0.6,0.9,pickled_models\Prophet_Malta_November.pkl
Malta,October,0.5643226678472055,0.747771375194008,0.6,0.85,pickled_models\Prophet_Malta_October.pkl
Malta,September,0.6241726624346042,0.7159961390314751,0.6,0.9,pickled_models\Prophet_Malta_September.pkl
Malta,Autumn,0.4895457239796443,0.6147959448278002,0.5,0.9,pickled_models\Prophet_Malta_Autumn.pkl
Mauritania,April,0.6184942706557846,0.8995942162143861,0.01,0.85,pickled_models\Prophet_Mauritania_April.pkl
Mauritania,August,0.2738585559853381,0.3101967181886549,0.1,0.85,pickled_models\Prophet_Mauritania_August.pkl
Mauritania,December,0.6196462565551006,0.8664422067395399,0.6,0.9,pickled_models\Prophet_Mauritania_December.pkl
Mauritania,Winter,0.6907526505891645,0.7560788728766439,0.01,0.85,pickled_models\Prophet_Mauritania_Winter.pkl
Mauritania,February,0.9473811507429204,1.0634205301972208,0.5,0.9,pickled_models\Prophet_Mauritania_February.pkl
Mauritania,January,0.7939483413015296,1.137440111739451,0.01,0.85,pickled_models\Prophet_Mauritania_January.pkl
Mauritania,July,0.2851928059773682,0.353937070817481,0.4,0.9,pickled_models\Prophet_Mauritania_July.pkl
Mauritania,June,0.2613415515325149,0.2972996165611289,0.1,0.9,pickled_models\Prophet_Mauritania_June.pkl
Mauritania,Summer,0.2490894200750313,0.2564219685134939,0.1,0.85,pickled_models\Prophet_Mauritania_Summer.pkl
Mauritania,March,1.4533653828103474,1.6749126886225605,0.3,0.85,pickled_models\Prophet_Mauritania_March.pkl
Mauritania,Spring,0.7459479276940701,0.7970821505370983,0.05,0.9,pickled_models\Prophet_Mauritania_Spring.pkl
Mauritania,May,0.4275528908590099,0.5143695754174816,0.01,0.85,pickled_models\Prophet_Mauritania_May.pkl
Mauritania,Meteorological year,0.2525620877012119,0.3027321995020664,0.6,0.85,pickled_models\Prophet_Mauritania_Meteorological_year.pkl
Mauritania,November,0.3219398852870178,0.359650455130558,0.01,0.85,pickled_models\Prophet_Mauritania_November.pkl
Mauritania,October,0.3317691365844344,0.3767508846427652,0.01,0.9,pickled_models\Prophet_Mauritania_October.pkl
Mauritania,September,0.4061248292131628,0.4497257688073477,0.01,0.85,pickled_models\Prophet_Mauritania_September.pkl
Mauritania,Autumn,0.2446606981849348,0.2710114770189361,0.1,0.9,pickled_models\Prophet_Mauritania_Autumn.pkl
Mauritius,April,0.53017589665659,0.5763907896788631,0.6,0.9,pickled_models\Prophet_Mauritius_April.pkl
Mauritius,August,0.6484658071991682,0.7080995449385914,0.3,0.85,pickled_models\Prophet_Mauritius_August.pkl
Mauritius,December,0.5047814030108003,0.586046524427093,0.6,0.9,pickled_models\Prophet_Mauritius_December.pkl
Mauritius,Winter,0.3005388983412404,0.3919088466887968,0.6,0.85,pickled_models\Prophet_Mauritius_Winter.pkl
Mauritius,February,0.1972783889740954,0.3089383325587091,0.6,0.9,pickled_models\Prophet_Mauritius_February.pkl
Mauritius,January,0.393888714463649,0.4832353516596684,0.05,0.9,pickled_models\Prophet_Mauritius_January.pkl
Mauritius,July,0.7724836985495692,0.852651040468897,0.6,0.9,pickled_models\Prophet_Mauritius_July.pkl
Mauritius,June,0.4607263167990063,0.5458639474549053,0.6,0.9,pickled_models\Prophet_Mauritius_June.pkl
Mauritius,Summer,0.5672184307565314,0.6575972163688093,0.6,0.9,pickled_models\Prophet_Mauritius_Summer.pkl
Mauritius,March,0.451064341777674,0.5563935387272895,0.01,0.85,pickled_models\Prophet_Mauritius_March.pkl
Mauritius,Spring,0.3712644211223724,0.4114429951643652,0.6,0.85,pickled_models\Prophet_Mauritius_Spring.pkl
Mauritius,May,0.2510784892547293,0.2776394614906394,0.6,0.85,pickled_models\Prophet_Mauritius_May.pkl
Mauritius,Meteorological year,0.3780646991985919,0.4080890286753427,0.6,0.9,pickled_models\Prophet_Mauritius_Meteorological_year.pkl
Mauritius,November,0.3692231949636248,0.4584206748567412,0.6,0.9,pickled_models\Prophet_Mauritius_November.pkl
Mauritius,October,0.6325985738597582,0.6793432589397316,0.6,0.85,pickled_models\Prophet_Mauritius_October.pkl
Mauritius,September,0.5297368351768285,0.5644850837633416,0.6,0.9,pickled_models\Prophet_Mauritius_September.pkl
Mauritius,Autumn,0.4659223136364923,0.5185711860416266,0.6,0.9,pickled_models\Prophet_Mauritius_Autumn.pkl
Melanesia,April,0.3210045411452545,0.4492699230948602,0.1,0.85,pickled_models\Prophet_Melanesia_April.pkl
Melanesia,August,0.480971273276543,0.531899574521181,0.3,0.9,pickled_models\Prophet_Melanesia_August.pkl
Melanesia,December,0.2274653122339004,0.2592730519761029,0.05,0.9,pickled_models\Prophet_Melanesia_December.pkl
Melanesia,Winter,0.1890832851917304,0.2102587939382413,0.1,0.9,pickled_models\Prophet_Melanesia_Winter.pkl
Melanesia,February,0.2586990208678733,0.299952822257633,0.5,0.9,pickled_models\Prophet_Melanesia_February.pkl
Melanesia,January,0.3284076839387417,0.3886462225491331,0.3,0.85,pickled_models\Prophet_Melanesia_January.pkl
Melanesia,July,0.4946288415895878,0.5828165464171136,0.05,0.85,pickled_models\Prophet_Melanesia_July.pkl
Melanesia,June,0.3338140839019284,0.4724321706054683,0.6,0.9,pickled_models\Prophet_Melanesia_June.pkl
Melanesia,Summer,0.4003387930154417,0.4889507341919645,0.1,0.85,pickled_models\Prophet_Melanesia_Summer.pkl
Melanesia,March,0.4748307792199295,0.6478325086514648,0.5,0.85,pickled_models\Prophet_Melanesia_March.pkl
Melanesia,Spring,0.3675393319807484,0.5235350192946205,0.05,0.9,pickled_models\Prophet_Melanesia_Spring.pkl
Melanesia,May,0.43940131839058,0.5898032018960623,0.01,0.9,pickled_models\Prophet_Melanesia_May.pkl
Melanesia,Meteorological year,0.2887287993612779,0.3699154436249989,0.1,0.85,pickled_models\Prophet_Melanesia_Meteorological_year.pkl
Melanesia,November,0.3095297973251131,0.3885624200886247,0.05,0.85,pickled_models\Prophet_Melanesia_November.pkl
Melanesia,October,0.3793475812029622,0.4285626437900294,0.1,0.85,pickled_models\Prophet_Melanesia_October.pkl
Melanesia,September,0.51223283504353,0.5548218919936989,0.1,0.85,pickled_models\Prophet_Melanesia_September.pkl
Melanesia,Autumn,0.3466245486189234,0.3984310798889895,0.6,0.9,pickled_models\Prophet_Melanesia_Autumn.pkl
Mexico,April,0.1951324157965453,0.2045090994190015,0.6,0.9,pickled_models\Prophet_Mexico_April.pkl
Mexico,August,0.432104495025772,0.5847889360399883,0.6,0.9,pickled_models\Prophet_Mexico_August.pkl
Mexico,December,0.676393501224572,0.8389106034091838,0.05,0.85,pickled_models\Prophet_Mexico_December.pkl
Mexico,Winter,0.4009035285379715,0.5413774552721317,0.05,0.85,pickled_models\Prophet_Mexico_Winter.pkl
Mexico,February,0.843351261183909,0.9585868157543178,0.1,0.9,pickled_models\Prophet_Mexico_February.pkl
Mexico,January,0.4325982139643337,0.4954370218905329,0.3,0.85,pickled_models\Prophet_Mexico_January.pkl
Mexico,July,0.4570509183750369,0.5372052276226512,0.6,0.85,pickled_models\Prophet_Mexico_July.pkl
Mexico,June,0.1373085329493848,0.1732882105778109,0.6,0.85,pickled_models\Prophet_Mexico_June.pkl
Mexico,Summer,0.2498991706778242,0.3164912614284489,0.6,0.85,pickled_models\Prophet_Mexico_Summer.pkl
Mexico,March,0.6230915347922766,0.7438224326821766,0.01,0.85,pickled_models\Prophet_Mexico_March.pkl
Mexico,Spring,0.332072584504466,0.3553160646957038,0.6,0.9,pickled_models\Prophet_Mexico_Spring.pkl
Mexico,May,0.4056110679307911,0.5082577815942838,0.01,0.85,pickled_models\Prophet_Mexico_May.pkl
Mexico,Meteorological year,0.287370274866969,0.3424747067698324,0.6,0.9,pickled_models\Prophet_Mexico_Meteorological_year.pkl
Mexico,November,0.8946284953748824,0.9331290551242531,0.3,0.85,pickled_models\Prophet_Mexico_November.pkl
Mexico,October,0.6701062828028418,0.7410509590002275,0.05,0.85,pickled_models\Prophet_Mexico_October.pkl
Mexico,September,0.3622370740625286,0.4602024878885768,0.6,0.85,pickled_models\Prophet_Mexico_September.pkl
Mexico,Autumn,0.5362283807180661,0.6182208014708362,0.6,0.9,pickled_models\Prophet_Mexico_Autumn.pkl
Micronesia,April,0.3631969092146185,0.4110670685457448,0.6,0.9,pickled_models\Prophet_Micronesia_April.pkl
Micronesia,August,0.4480409112099331,0.508860950052962,0.6,0.85,pickled_models\Prophet_Micronesia_August.pkl
Micronesia,December,0.2398155549514006,0.2631618597104786,0.6,0.85,pickled_models\Prophet_Micronesia_December.pkl
Micronesia,Winter,0.3318785012229749,0.339850823323463,0.6,0.85,pickled_models\Prophet_Micronesia_Winter.pkl
Micronesia,February,0.3415780392227927,0.3727121784083371,0.6,0.9,pickled_models\Prophet_Micronesia_February.pkl
Micronesia,January,0.2498951561433483,0.2699967041245192,0.6,0.9,pickled_models\Prophet_Micronesia_January.pkl
Micronesia,July,0.3482169558158445,0.4034323203122718,0.6,0.85,pickled_models\Prophet_Micronesia_July.pkl
Micronesia,June,0.3197057304178056,0.3853170226794738,0.6,0.85,pickled_models\Prophet_Micronesia_June.pkl
Micronesia,Summer,0.3479790380723226,0.4017498352780532,0.6,0.9,pickled_models\Prophet_Micronesia_Summer.pkl
Micronesia,March,0.3035788061996802,0.333384414908581,0.6,0.9,pickled_models\Prophet_Micronesia_March.pkl
Micronesia,Spring,0.2902562903496555,0.3537343533177881,0.6,0.9,pickled_models\Prophet_Micronesia_Spring.pkl
Micronesia,May,0.3751487157201523,0.3876524566992803,0.6,0.85,pickled_models\Prophet_Micronesia_May.pkl
Micronesia,Meteorological year,0.2993845067630505,0.3208856572610285,0.6,0.9,pickled_models\Prophet_Micronesia_Meteorological_year.pkl
Micronesia,November,0.2950698594981712,0.3367423603400258,0.6,0.85,pickled_models\Prophet_Micronesia_November.pkl
Micronesia,October,0.3770089975428584,0.4050989717798806,0.01,0.85,pickled_models\Prophet_Micronesia_October.pkl
Micronesia,September,0.3024706183428603,0.3470342878455223,0.6,0.85,pickled_models\Prophet_Micronesia_September.pkl
Micronesia,Autumn,0.3229995536482813,0.333906888611636,0.6,0.85,pickled_models\Prophet_Micronesia_Autumn.pkl
Middle Africa,April,0.3957555517525513,0.4434552220741562,0.4,0.85,pickled_models\Prophet_Middle_Africa_April.pkl
Middle Africa,August,0.297823452510704,0.3326950922592127,0.01,0.9,pickled_models\Prophet_Middle_Africa_August.pkl
Middle Africa,December,0.5174832573373621,0.5433148974979297,0.6,0.85,pickled_models\Prophet_Middle_Africa_December.pkl
Middle Africa,Winter,0.1749315123051995,0.188033552434477,0.6,0.9,pickled_models\Prophet_Middle_Africa_Winter.pkl
Middle Africa,February,0.2881907979270053,0.3563266638338778,0.4,0.85,pickled_models\Prophet_Middle_Africa_February.pkl
Middle Africa,January,0.5122038041598964,0.5787537751796858,0.6,0.85,pickled_models\Prophet_Middle_Africa_January.pkl
Middle Africa,July,0.4718396001923817,0.5229550541311853,0.6,0.85,pickled_models\Prophet_Middle_Africa_July.pkl
Middle Africa,June,0.2223279344295143,0.2510089327193723,0.5,0.9,pickled_models\Prophet_Middle_Africa_June.pkl
Middle Africa,Summer,0.3064884574019382,0.3382791832525033,0.05,0.85,pickled_models\Prophet_Middle_Africa_Summer.pkl
Middle Africa,March,0.5001653243810787,0.6086046993861358,0.6,0.85,pickled_models\Prophet_Middle_Africa_March.pkl
Middle Africa,Spring,0.2690043611667815,0.3395713772419775,0.6,0.9,pickled_models\Prophet_Middle_Africa_Spring.pkl
Middle Africa,May,0.2002855547278097,0.2074643115257541,0.6,0.85,pickled_models\Prophet_Middle_Africa_May.pkl
Middle Africa,Meteorological year,0.2215462132238388,0.2505841344193098,0.6,0.9,pickled_models\Prophet_Middle_Africa_Meteorological_year.pkl
Middle Africa,November,0.5254753143394172,0.6232300913302214,0.6,0.85,pickled_models\Prophet_Middle_Africa_November.pkl
Middle Africa,October,0.5094790715132559,0.5957376711389462,0.6,0.9,pickled_models\Prophet_Middle_Africa_October.pkl
Middle Africa,September,0.3354036806551125,0.37511567597455,0.6,0.9,pickled_models\Prophet_Middle_Africa_September.pkl
Middle Africa,Autumn,0.4349011065298955,0.4679753184718788,0.6,0.9,pickled_models\Prophet_Middle_Africa_Autumn.pkl
Monaco,April,0.583252936142913,0.6632304985929103,0.3,0.9,pickled_models\Prophet_Monaco_April.pkl
Monaco,August,0.7673837557796025,0.9579006545826426,0.05,0.85,pickled_models\Prophet_Monaco_August.pkl
Monaco,December,1.4754256682965536,1.5345529354350949,0.05,0.85,pickled_models\Prophet_Monaco_December.pkl
Monaco,Winter,0.8062370331625347,0.8937220337203758,0.1,0.85,pickled_models\Prophet_Monaco_Winter.pkl
Monaco,February,1.2842023628371064,1.4128429471109725,0.1,0.9,pickled_models\Prophet_Monaco_February.pkl
Monaco,January,1.0480413601894063,1.1464158394216988,0.3,0.9,pickled_models\Prophet_Monaco_January.pkl
Monaco,July,1.078933491556254,1.3463009552847958,0.6,0.9,pickled_models\Prophet_Monaco_July.pkl
Monaco,June,0.6993378707304677,0.871767743941592,0.4,0.85,pickled_models\Prophet_Monaco_June.pkl
Monaco,Summer,0.834260474707953,0.860627231024835,0.4,0.9,pickled_models\Prophet_Monaco_Summer.pkl
Monaco,March,0.816050721688991,0.9330594842560114,0.3,0.9,pickled_models\Prophet_Monaco_March.pkl
Monaco,Spring,0.2755054861553566,0.3778249910361845,0.3,0.9,pickled_models\Prophet_Monaco_Spring.pkl
Monaco,May,0.753803249778382,1.078536186666044,0.01,0.85,pickled_models\Prophet_Monaco_May.pkl
Monaco,Meteorological year,0.366584205417606,0.3707789474942015,0.4,0.85,pickled_models\Prophet_Monaco_Meteorological_year.pkl
Monaco,November,0.7875916944172775,1.0085454347247746,0.6,0.85,pickled_models\Prophet_Monaco_November.pkl
Monaco,October,0.9335488432941202,1.002424544310756,0.6,0.85,pickled_models\Prophet_Monaco_October.pkl
Monaco,September,1.2263988417506797,1.3715112910995,0.3,0.85,pickled_models\Prophet_Monaco_September.pkl
Monaco,Autumn,0.6810242012875257,0.8257767910729766,0.6,0.9,pickled_models\Prophet_Monaco_Autumn.pkl
Mongolia,April,1.4131160668014544,1.50127877745571,0.05,0.85,pickled_models\Prophet_Mongolia_April.pkl
Mongolia,August,0.6180975179612822,0.6848541455313666,0.1,0.9,pickled_models\Prophet_Mongolia_August.pkl
Mongolia,December,1.5337751923811862,1.734674991434744,0.1,0.9,pickled_models\Prophet_Mongolia_December.pkl
Mongolia,Winter,1.0497717799033304,1.2957736897040124,0.05,0.9,pickled_models\Prophet_Mongolia_Winter.pkl
Mongolia,February,1.5204749882196609,1.7974692495904463,0.5,0.9,pickled_models\Prophet_Mongolia_February.pkl
Mongolia,January,2.735243569729389,2.966484999872121,0.1,0.9,pickled_models\Prophet_Mongolia_January.pkl
Mongolia,July,0.7099199499515988,0.787755862108622,0.05,0.85,pickled_models\Prophet_Mongolia_July.pkl
Mongolia,June,0.9789908769930048,1.0722688216245433,0.3,0.85,pickled_models\Prophet_Mongolia_June.pkl
Mongolia,Summer,0.3603368543942536,0.4812501648645584,0.3,0.9,pickled_models\Prophet_Mongolia_Summer.pkl
Mongolia,March,2.2402442171393493,2.668892417897018,0.6,0.9,pickled_models\Prophet_Mongolia_March.pkl
Mongolia,Spring,0.998361070848134,1.2289857462686589,0.6,0.85,pickled_models\Prophet_Mongolia_Spring.pkl
Mongolia,May,1.4126179261297829,1.4835280309206642,0.01,0.9,pickled_models\Prophet_Mongolia_May.pkl
Mongolia,Meteorological year,0.4868779722291854,0.55599553933972,0.1,0.9,pickled_models\Prophet_Mongolia_Meteorological_year.pkl
Mongolia,November,0.7877384359122891,1.0690819151025066,0.4,0.85,pickled_models\Prophet_Mongolia_November.pkl
Mongolia,October,1.0110718987427196,1.2860665311112425,0.3,0.9,pickled_models\Prophet_Mongolia_October.pkl
Mongolia,September,1.186788161183722,1.4916797796759345,0.3,0.85,pickled_models\Prophet_Mongolia_September.pkl
Mongolia,Autumn,0.5378308132123152,0.6609050312536675,0.5,0.9,pickled_models\Prophet_Mongolia_Autumn.pkl
Morocco,April,0.9537327471265534,1.1162990160223023,0.5,0.9,pickled_models\Prophet_Morocco_April.pkl
Morocco,August,0.4538064348067799,0.5158141321879262,0.05,0.9,pickled_models\Prophet_Morocco_August.pkl
Morocco,December,0.8341415386210035,0.9567230549914264,0.01,0.9,pickled_models\Prophet_Morocco_December.pkl
Morocco,Winter,0.6921608818739887,0.8785491886090178,0.01,0.85,pickled_models\Prophet_Morocco_Winter.pkl
Morocco,February,0.8155407916923965,1.0206386446015765,0.01,0.9,pickled_models\Prophet_Morocco_February.pkl
Morocco,January,0.9301999506233788,1.2320361121969994,0.05,0.9,pickled_models\Prophet_Morocco_January.pkl
Morocco,July,0.5739353062380589,0.7592996914050256,0.01,0.85,pickled_models\Prophet_Morocco_July.pkl
Morocco,June,1.4802906136968472,1.619573066658777,0.1,0.9,pickled_models\Prophet_Morocco_June.pkl
Morocco,Summer,0.7578315101821463,0.8373184652382618,0.01,0.85,pickled_models\Prophet_Morocco_Summer.pkl
Morocco,March,0.9551248950827956,1.1064466752914248,0.01,0.85,pickled_models\Prophet_Morocco_March.pkl
Morocco,Spring,0.675933166676819,0.8355186434351943,0.05,0.9,pickled_models\Prophet_Morocco_Spring.pkl
Morocco,May,1.4380344110799077,1.6056954777252292,0.6,0.85,pickled_models\Prophet_Morocco_May.pkl
Morocco,Meteorological year,0.4411946959364377,0.5645520116082575,0.1,0.9,pickled_models\Prophet_Morocco_Meteorological_year.pkl
Morocco,November,0.5175645289609897,0.6087297859398821,0.05,0.85,pickled_models\Prophet_Morocco_November.pkl
Morocco,October,0.7884781637934336,0.9512549326592308,0.6,0.85,pickled_models\Prophet_Morocco_October.pkl
Morocco,September,0.4001213469538102,0.4536520874259291,0.3,0.85,pickled_models\Prophet_Morocco_September.pkl
Morocco,Autumn,0.4083697959963794,0.5201496834778753,0.5,0.9,pickled_models\Prophet_Morocco_Autumn.pkl
Mozambique,April,0.4021467690545762,0.4804369645387516,0.1,0.85,pickled_models\Prophet_Mozambique_April.pkl
Mozambique,August,0.5462997880545631,0.7583794376435992,0.5,0.85,pickled_models\Prophet_Mozambique_August.pkl
Mozambique,December,0.4601538587529159,0.6062755960486118,0.1,0.9,pickled_models\Prophet_Mozambique_December.pkl
Mozambique,Winter,0.3368150236089061,0.4208470348939704,0.5,0.85,pickled_models\Prophet_Mozambique_Winter.pkl
Mozambique,February,0.2272611343280191,0.3852967626810906,0.4,0.9,pickled_models\Prophet_Mozambique_February.pkl
Mozambique,January,0.3112229309569974,0.4592985807870193,0.1,0.85,pickled_models\Prophet_Mozambique_January.pkl
Mozambique,July,0.5698908507634681,0.6567479636700514,0.05,0.85,pickled_models\Prophet_Mozambique_July.pkl
Mozambique,June,0.1267287147979849,0.2088733736033426,0.01,0.9,pickled_models\Prophet_Mozambique_June.pkl
Mozambique,Summer,0.318347433312784,0.3440095865051411,0.6,0.85,pickled_models\Prophet_Mozambique_Summer.pkl
Mozambique,March,0.4929491173026221,0.691292357042788,0.4,0.9,pickled_models\Prophet_Mozambique_March.pkl
Mozambique,Spring,0.3054397311323601,0.3413482303398555,0.3,0.9,pickled_models\Prophet_Mozambique_Spring.pkl
Mozambique,May,0.3417009450094803,0.4227277960924838,0.4,0.9,pickled_models\Prophet_Mozambique_May.pkl
Mozambique,Meteorological year,0.2167335746472804,0.2927218196074574,0.1,0.85,pickled_models\Prophet_Mozambique_Meteorological_year.pkl
Mozambique,November,0.7412852334986605,0.8323073717801827,0.4,0.9,pickled_models\Prophet_Mozambique_November.pkl
Mozambique,October,0.718141776203483,0.8187425839929775,0.6,0.9,pickled_models\Prophet_Mozambique_October.pkl
Mozambique,September,0.419910963179977,0.5436740071114705,0.6,0.85,pickled_models\Prophet_Mozambique_September.pkl
Mozambique,Autumn,0.436966871556941,0.4470816971239003,0.6,0.85,pickled_models\Prophet_Mozambique_Autumn.pkl
Myanmar,April,0.6373183570658804,0.7762562744863812,0.5,0.9,pickled_models\Prophet_Myanmar_April.pkl
Myanmar,August,0.3384525177701185,0.3653298581703173,0.6,0.85,pickled_models\Prophet_Myanmar_August.pkl
Myanmar,December,0.7021903149940698,0.7541516418459889,0.6,0.85,pickled_models\Prophet_Myanmar_December.pkl
Myanmar,Winter,0.3092510842633257,0.4218430119581419,0.6,0.9,pickled_models\Prophet_Myanmar_Winter.pkl
Myanmar,February,0.3038401156596355,0.3974813001582635,0.5,0.85,pickled_models\Prophet_Myanmar_February.pkl
Myanmar,January,0.4244606950788638,0.5278381153682685,0.1,0.85,pickled_models\Prophet_Myanmar_January.pkl
Myanmar,July,0.196383755149434,0.2225337523242233,0.6,0.85,pickled_models\Prophet_Myanmar_July.pkl
Myanmar,June,0.4715667340344702,0.5344205967694555,0.3,0.9,pickled_models\Prophet_Myanmar_June.pkl
Myanmar,Summer,0.2614276095162691,0.3006470068366123,0.6,0.85,pickled_models\Prophet_Myanmar_Summer.pkl
Myanmar,March,0.3802475037346021,0.5132289541944821,0.01,0.9,pickled_models\Prophet_Myanmar_March.pkl
Myanmar,Spring,0.5396075517257735,0.6437606944639112,0.4,0.85,pickled_models\Prophet_Myanmar_Spring.pkl
Myanmar,May,0.8302491209661103,1.0367411016281385,0.05,0.85,pickled_models\Prophet_Myanmar_May.pkl
Myanmar,Meteorological year,0.2792286679053943,0.3518216875884641,0.6,0.85,pickled_models\Prophet_Myanmar_Meteorological_year.pkl
Myanmar,November,0.5976066431749737,0.6785787918586749,0.6,0.9,pickled_models\Prophet_Myanmar_November.pkl
Myanmar,October,0.4468809963564458,0.5506606830892742,0.6,0.85,pickled_models\Prophet_Myanmar_October.pkl
Myanmar,September,0.3798506218612378,0.4483677084351946,0.6,0.85,pickled_models\Prophet_Myanmar_September.pkl
Myanmar,Autumn,0.3957005756752199,0.4453392012964935,0.6,0.9,pickled_models\Prophet_Myanmar_Autumn.pkl
Namibia,April,0.7732589396043495,0.8896755148226181,0.4,0.85,pickled_models\Prophet_Namibia_April.pkl
Namibia,August,0.986771191480712,1.209811836064462,0.05,0.9,pickled_models\Prophet_Namibia_August.pkl
Namibia,December,0.8814618105800612,1.108430461568694,0.3,0.9,pickled_models\Prophet_Namibia_December.pkl
Namibia,Winter,0.7064175131038398,0.8699361767015245,0.01,0.85,pickled_models\Prophet_Namibia_Winter.pkl
Namibia,February,0.9647471568935418,1.102781538655556,0.05,0.9,pickled_models\Prophet_Namibia_February.pkl
Namibia,January,0.8630290954613136,0.9363751638992922,0.1,0.85,pickled_models\Prophet_Namibia_January.pkl
Namibia,July,0.8569636367866532,1.1086438443039386,0.1,0.9,pickled_models\Prophet_Namibia_July.pkl
Namibia,June,0.6740797718764103,0.7604262414403176,0.4,0.85,pickled_models\Prophet_Namibia_June.pkl
Namibia,Summer,0.8142412493332465,0.9612264534167492,0.1,0.85,pickled_models\Prophet_Namibia_Summer.pkl
Namibia,March,0.944055070832612,1.1550469124088725,0.01,0.9,pickled_models\Prophet_Namibia_March.pkl
Namibia,Spring,0.5953431118251733,0.824394578533332,0.1,0.85,pickled_models\Prophet_Namibia_Spring.pkl
Namibia,May,0.6516746987362203,0.816526298102408,0.05,0.9,pickled_models\Prophet_Namibia_May.pkl
Namibia,Meteorological year,0.6209804353093166,0.7417107338835578,0.6,0.85,pickled_models\Prophet_Namibia_Meteorological_year.pkl
Namibia,November,1.1678340992435663,1.436107294849431,0.01,0.9,pickled_models\Prophet_Namibia_November.pkl
Namibia,October,0.780449500538511,0.9082848052078302,0.6,0.9,pickled_models\Prophet_Namibia_October.pkl
Namibia,September,0.8654303440353184,1.1026494656114671,0.6,0.85,pickled_models\Prophet_Namibia_September.pkl
Namibia,Autumn,0.7071799879740869,0.7614550379572099,0.6,0.9,pickled_models\Prophet_Namibia_Autumn.pkl
Nepal,April,1.0006180576593453,1.3597308203128498,0.3,0.85,pickled_models\Prophet_Nepal_April.pkl
Nepal,August,0.366395671082693,0.4259250428354354,0.6,0.85,pickled_models\Prophet_Nepal_August.pkl
Nepal,December,1.0411903920067491,1.2674017029087603,0.4,0.9,pickled_models\Prophet_Nepal_December.pkl
Nepal,Winter,0.3972882886433009,0.4402285691080106,0.01,0.85,pickled_models\Prophet_Nepal_Winter.pkl
Nepal,February,1.015653264785125,1.1252079813419171,0.6,0.9,pickled_models\Prophet_Nepal_February.pkl
Nepal,January,0.4859104300887003,0.5830549529397759,0.05,0.9,pickled_models\Prophet_Nepal_January.pkl
Nepal,July,0.1572721537768212,0.264777770440114,0.4,0.85,pickled_models\Prophet_Nepal_July.pkl
Nepal,June,0.6755634649105616,0.7418254202378505,0.6,0.85,pickled_models\Prophet_Nepal_June.pkl
Nepal,Summer,0.2020493223063022,0.2675829216140507,0.6,0.9,pickled_models\Prophet_Nepal_Summer.pkl
Nepal,March,0.9139079560058864,1.0204646654377891,0.6,0.85,pickled_models\Prophet_Nepal_March.pkl
Nepal,Spring,0.4229084394030145,0.5949355101478156,0.01,0.85,pickled_models\Prophet_Nepal_Spring.pkl
Nepal,May,0.5101123652594,0.634562868385675,0.5,0.9,pickled_models\Prophet_Nepal_May.pkl
Nepal,Meteorological year,0.2190769024073249,0.3049208920963783,0.05,0.85,pickled_models\Prophet_Nepal_Meteorological_year.pkl
Nepal,November,0.3512135150855475,0.4250742608544468,0.05,0.85,pickled_models\Prophet_Nepal_November.pkl
Nepal,October,0.694907473602319,0.7363627687668669,0.01,0.85,pickled_models\Prophet_Nepal_October.pkl
Nepal,September,0.583533795540378,0.7495458457792958,0.3,0.9,pickled_models\Prophet_Nepal_September.pkl
Nepal,Autumn,0.4489834883455961,0.4671968980912701,0.05,0.9,pickled_models\Prophet_Nepal_Autumn.pkl
Net Food Importing Developing Countries,April,0.234367306736883,0.2802311091841946,0.01,0.85,pickled_models\Prophet_Net_Food_Importing_Developing_Countries_April.pkl
Net Food Importing Developing Countries,August,0.2344811998322612,0.265059210491057,0.5,0.85,pickled_models\Prophet_Net_Food_Importing_Developing_Countries_August.pkl
Net Food Importing Developing Countries,December,0.1898677261067241,0.295683604143661,0.3,0.85,pickled_models\Prophet_Net_Food_Importing_Developing_Countries_December.pkl
Net Food Importing Developing Countries,Winter,0.1347695646268308,0.1613077488339289,0.6,0.9,pickled_models\Prophet_Net_Food_Importing_Developing_Countries_Winter.pkl
Net Food Importing Developing Countries,February,0.2828184089164108,0.3262980793458205,0.1,0.85,pickled_models\Prophet_Net_Food_Importing_Developing_Countries_February.pkl
Net Food Importing Developing Countries,January,0.340598770344303,0.3768737015069965,0.3,0.85,pickled_models\Prophet_Net_Food_Importing_Developing_Countries_January.pkl
Net Food Importing Developing Countries,July,0.2759820300607151,0.3136323301703994,0.6,0.85,pickled_models\Prophet_Net_Food_Importing_Developing_Countries_July.pkl
Net Food Importing Developing Countries,June,0.1570765840900157,0.1837058534885383,0.6,0.85,pickled_models\Prophet_Net_Food_Importing_Developing_Countries_June.pkl
Net Food Importing Developing Countries,Summer,0.2203103946833971,0.2389254942792704,0.6,0.9,pickled_models\Prophet_Net_Food_Importing_Developing_Countries_Summer.pkl
Net Food Importing Developing Countries,March,0.3365457643871757,0.4006844306665234,0.6,0.9,pickled_models\Prophet_Net_Food_Importing_Developing_Countries_March.pkl
Net Food Importing Developing Countries,Spring,0.1573466448361123,0.2065782152173052,0.6,0.85,pickled_models\Prophet_Net_Food_Importing_Developing_Countries_Spring.pkl
Net Food Importing Developing Countries,May,0.1903696476768956,0.2124775876006006,0.6,0.9,pickled_models\Prophet_Net_Food_Importing_Developing_Countries_May.pkl
Net Food Importing Developing Countries,Meteorological year,0.1587694424872177,0.173800320851365,0.5,0.9,pickled_models\Prophet_Net_Food_Importing_Developing_Countries_Meteorological_year.pkl
Net Food Importing Developing Countries,November,0.2220543145024966,0.259514042488481,0.6,0.9,pickled_models\Prophet_Net_Food_Importing_Developing_Countries_November.pkl
Net Food Importing Developing Countries,October,0.2256565533168771,0.3269691639731908,0.6,0.9,pickled_models\Prophet_Net_Food_Importing_Developing_Countries_October.pkl
Net Food Importing Developing Countries,September,0.294785340646907,0.310453124483238,0.6,0.9,pickled_models\Prophet_Net_Food_Importing_Developing_Countries_September.pkl
Net Food Importing Developing Countries,Autumn,0.2128571450005512,0.2428893076682728,0.6,0.9,pickled_models\Prophet_Net_Food_Importing_Developing_Countries_Autumn.pkl
Netherlands,April,1.4073521190676537,1.523742560092988,0.05,0.85,pickled_models\Prophet_Netherlands_April.pkl
Netherlands,August,0.8672679834948456,1.0018920716928656,0.05,0.9,pickled_models\Prophet_Netherlands_August.pkl
Netherlands,December,1.575288518435852,2.2443892877432376,0.01,0.85,pickled_models\Prophet_Netherlands_December.pkl
Netherlands,Winter,1.0189787873433651,1.373263742372766,0.3,0.85,pickled_models\Prophet_Netherlands_Winter.pkl
Netherlands,February,1.9333003340043309,2.2051935967661374,0.5,0.85,pickled_models\Prophet_Netherlands_February.pkl
Netherlands,January,1.1505817143534995,1.3682673064729656,0.1,0.85,pickled_models\Prophet_Netherlands_January.pkl
Netherlands,July,0.6528574704633708,0.9146711318682964,0.6,0.9,pickled_models\Prophet_Netherlands_July.pkl
Netherlands,June,1.085003454963699,1.291612721091567,0.6,0.9,pickled_models\Prophet_Netherlands_June.pkl
Netherlands,Summer,0.4802183170580527,0.7087707517645405,0.1,0.9,pickled_models\Prophet_Netherlands_Summer.pkl
Netherlands,March,1.50790451992804,1.6712428844097142,0.3,0.85,pickled_models\Prophet_Netherlands_March.pkl
Netherlands,Spring,0.687904466114218,0.7561840010610436,0.3,0.9,pickled_models\Prophet_Netherlands_Spring.pkl
Netherlands,May,1.3389078589831531,1.5402034812643437,0.3,0.9,pickled_models\Prophet_Netherlands_May.pkl
Netherlands,Meteorological year,0.5316151843638258,0.6247087707038527,0.01,0.85,pickled_models\Prophet_Netherlands_Meteorological_year.pkl
Netherlands,November,0.9908796840075268,1.2965713504235408,0.1,0.85,pickled_models\Prophet_Netherlands_November.pkl
Netherlands,October,1.3808717978207914,1.4952645910691469,0.3,0.9,pickled_models\Prophet_Netherlands_October.pkl
Netherlands,September,1.1332626498508729,1.484415729584066,0.1,0.85,pickled_models\Prophet_Netherlands_September.pkl
Netherlands,Autumn,0.372763918252721,0.6231364225789242,0.6,0.85,pickled_models\Prophet_Netherlands_Autumn.pkl
Netherlands Antilles (former),April,0.3359267077548665,0.426319021801026,0.5,0.85,pickled_models\Prophet_Netherlands_Antilles_(former)_April.pkl
Netherlands Antilles (former),August,0.2564758542872345,0.2976263714001235,0.6,0.85,pickled_models\Prophet_Netherlands_Antilles_(former)_August.pkl
Netherlands Antilles (former),December,0.4939736000463368,0.5523908593551594,0.01,0.9,pickled_models\Prophet_Netherlands_Antilles_(former)_December.pkl
Netherlands Antilles (former),Winter,0.1952447509037017,0.2862407627655614,0.5,0.9,pickled_models\Prophet_Netherlands_Antilles_(former)_Winter.pkl
Netherlands Antilles (former),February,0.4119020633716273,0.4563766217659465,0.3,0.9,pickled_models\Prophet_Netherlands_Antilles_(former)_February.pkl
Netherlands Antilles (former),January,0.3179157862232495,0.4037127306238682,0.3,0.9,pickled_models\Prophet_Netherlands_Antilles_(former)_January.pkl
Netherlands Antilles (former),July,0.2804610676436077,0.3238954547751286,0.1,0.85,pickled_models\Prophet_Netherlands_Antilles_(former)_July.pkl
Netherlands Antilles (former),June,0.2354691079185216,0.2671910823028721,0.1,0.85,pickled_models\Prophet_Netherlands_Antilles_(former)_June.pkl
Netherlands Antilles (former),Summer,0.1930285106355562,0.2322360563759494,0.05,0.85,pickled_models\Prophet_Netherlands_Antilles_(former)_Summer.pkl
Netherlands Antilles (former),March,0.2065258583069319,0.250852720190009,0.1,0.85,pickled_models\Prophet_Netherlands_Antilles_(former)_March.pkl
Netherlands Antilles (former),Spring,0.1673427458814733,0.2094594718191944,0.1,0.9,pickled_models\Prophet_Netherlands_Antilles_(former)_Spring.pkl
Netherlands Antilles (former),May,0.2752521967834472,0.3047642141553346,0.01,0.9,pickled_models\Prophet_Netherlands_Antilles_(former)_May.pkl
Netherlands Antilles (former),Meteorological year,0.1936264257144795,0.2278792363620968,0.6,0.9,pickled_models\Prophet_Netherlands_Antilles_(former)_Meteorological_year.pkl
Netherlands Antilles (former),November,0.2763414377656707,0.375874929198927,0.01,0.85,pickled_models\Prophet_Netherlands_Antilles_(former)_November.pkl
Netherlands Antilles (former),October,0.4151823184157415,0.4520739582782112,0.6,0.9,pickled_models\Prophet_Netherlands_Antilles_(former)_October.pkl
Netherlands Antilles (former),September,0.3146751208874814,0.464044748716629,0.6,0.85,pickled_models\Prophet_Netherlands_Antilles_(former)_September.pkl
Netherlands Antilles (former),Autumn,0.3206322386661279,0.3787270836162845,0.6,0.85,pickled_models\Prophet_Netherlands_Antilles_(former)_Autumn.pkl
New Caledonia,April,0.472753436731751,0.5453247025474641,0.05,0.85,pickled_models\Prophet_New_Caledonia_April.pkl
New Caledonia,August,0.576128406281654,0.7366602361420306,0.4,0.9,pickled_models\Prophet_New_Caledonia_August.pkl
New Caledonia,December,0.2851508722022982,0.3696721214755908,0.4,0.85,pickled_models\Prophet_New_Caledonia_December.pkl
New Caledonia,Winter,0.3443776321952929,0.4270103270822865,0.3,0.9,pickled_models\Prophet_New_Caledonia_Winter.pkl
New Caledonia,February,0.6510358481804558,0.8535412655913849,0.6,0.85,pickled_models\Prophet_New_Caledonia_February.pkl
New Caledonia,January,0.4060717541425985,0.4749303174200636,0.01,0.9,pickled_models\Prophet_New_Caledonia_January.pkl
New Caledonia,July,0.477837783960898,0.6094277122697465,0.6,0.9,pickled_models\Prophet_New_Caledonia_July.pkl
New Caledonia,June,0.5066584406887624,0.5962380040957486,0.5,0.9,pickled_models\Prophet_New_Caledonia_June.pkl
New Caledonia,Summer,0.3452510734035326,0.4941204776732009,0.5,0.9,pickled_models\Prophet_New_Caledonia_Summer.pkl
New Caledonia,March,0.6271642707294418,0.6778195691631537,0.01,0.9,pickled_models\Prophet_New_Caledonia_March.pkl
New Caledonia,Spring,0.5309636595754085,0.6386821049596438,0.01,0.85,pickled_models\Prophet_New_Caledonia_Spring.pkl
New Caledonia,May,0.5985105247874014,0.7884180288461863,0.01,0.85,pickled_models\Prophet_New_Caledonia_May.pkl
New Caledonia,Meteorological year,0.3328892473804656,0.4377069174392762,0.05,0.9,pickled_models\Prophet_New_Caledonia_Meteorological_year.pkl
New Caledonia,November,0.5649176770363898,0.6900379868131638,0.05,0.9,pickled_models\Prophet_New_Caledonia_November.pkl
New Caledonia,October,0.6067697232419486,0.6953949449798367,0.3,0.9,pickled_models\Prophet_New_Caledonia_October.pkl
New Caledonia,September,0.4168618973961513,0.4833073007371404,0.5,0.85,pickled_models\Prophet_New_Caledonia_September.pkl
New Caledonia,Autumn,0.4198464087026881,0.4964147711328593,0.05,0.9,pickled_models\Prophet_New_Caledonia_Autumn.pkl
New Zealand,April,0.6046735132806436,0.6520624040774496,0.5,0.9,pickled_models\Prophet_New_Zealand_April.pkl
New Zealand,August,0.4904527765920178,0.5536906901277894,0.01,0.9,pickled_models\Prophet_New_Zealand_August.pkl
New Zealand,December,0.5975526641915871,0.9311168831094452,0.05,0.9,pickled_models\Prophet_New_Zealand_December.pkl
New Zealand,Winter,0.7438536245927163,0.966925792648032,0.01,0.9,pickled_models\Prophet_New_Zealand_Winter.pkl
New Zealand,February,0.6334821265628058,0.9632288122527888,0.1,0.9,pickled_models\Prophet_New_Zealand_February.pkl
New Zealand,January,1.260658547150688,1.546819872926288,0.05,0.9,pickled_models\Prophet_New_Zealand_January.pkl
New Zealand,July,0.5342190116845417,0.6044110766469245,0.6,0.9,pickled_models\Prophet_New_Zealand_July.pkl
New Zealand,June,0.5875881423435841,0.6993610628747748,0.6,0.9,pickled_models\Prophet_New_Zealand_June.pkl
New Zealand,Summer,0.1866802145157074,0.2094780404623775,0.6,0.9,pickled_models\Prophet_New_Zealand_Summer.pkl
New Zealand,March,0.932066491341254,1.061838008634177,0.05,0.85,pickled_models\Prophet_New_Zealand_March.pkl
New Zealand,Spring,0.5087116431821165,0.6513319606054677,0.6,0.9,pickled_models\Prophet_New_Zealand_Spring.pkl
New Zealand,May,0.659907002384661,0.9196451229931106,0.4,0.85,pickled_models\Prophet_New_Zealand_May.pkl
New Zealand,Meteorological year,0.3349942986005547,0.4388131206975398,0.1,0.9,pickled_models\Prophet_New_Zealand_Meteorological_year.pkl
New Zealand,November,0.6248909421217168,0.8116836312368899,0.05,0.85,pickled_models\Prophet_New_Zealand_November.pkl
New Zealand,October,0.4135110639127743,0.5303708060351698,0.6,0.9,pickled_models\Prophet_New_Zealand_October.pkl
New Zealand,September,0.4499135693568799,0.5474503812833007,0.1,0.85,pickled_models\Prophet_New_Zealand_September.pkl
New Zealand,Autumn,0.329915483793491,0.4065811208197381,0.6,0.85,pickled_models\Prophet_New_Zealand_Autumn.pkl
Nicaragua,April,0.332122245527643,0.4097642461129211,0.1,0.9,pickled_models\Prophet_Nicaragua_April.pkl
Nicaragua,August,0.3588712089073787,0.4477283979737158,0.6,0.85,pickled_models\Prophet_Nicaragua_August.pkl
Nicaragua,December,0.517615107361999,0.6866874669497783,0.5,0.85,pickled_models\Prophet_Nicaragua_December.pkl
Nicaragua,Winter,0.233708994995797,0.2703674107983085,0.6,0.85,pickled_models\Prophet_Nicaragua_Winter.pkl
Nicaragua,February,0.4711123095276558,0.5512483452818094,0.4,0.85,pickled_models\Prophet_Nicaragua_February.pkl
Nicaragua,January,0.4978389173053852,0.5774786056714585,0.01,0.9,pickled_models\Prophet_Nicaragua_January.pkl
Nicaragua,July,0.2296250567544226,0.2637401465492048,0.6,0.9,pickled_models\Prophet_Nicaragua_July.pkl
Nicaragua,June,0.2606199895243133,0.3327373491998467,0.1,0.9,pickled_models\Prophet_Nicaragua_June.pkl
Nicaragua,Summer,0.1899835329986539,0.2386902974225968,0.3,0.85,pickled_models\Prophet_Nicaragua_Summer.pkl
Nicaragua,March,0.3519947973488268,0.4951168160805843,0.01,0.9,pickled_models\Prophet_Nicaragua_March.pkl
Nicaragua,Spring,0.2589135856213626,0.367732860504624,0.3,0.85,pickled_models\Prophet_Nicaragua_Spring.pkl
Nicaragua,May,0.3321334729767256,0.4091656372527241,0.01,0.85,pickled_models\Prophet_Nicaragua_May.pkl
Nicaragua,Meteorological year,0.1414574818243764,0.1876245983862483,0.01,0.9,pickled_models\Prophet_Nicaragua_Meteorological_year.pkl
Nicaragua,November,0.4240093396317988,0.4744356618606347,0.01,0.9,pickled_models\Prophet_Nicaragua_November.pkl
Nicaragua,October,0.284587122299467,0.3493984446128992,0.01,0.9,pickled_models\Prophet_Nicaragua_October.pkl
Nicaragua,September,0.3950505788812252,0.4831035821835771,0.05,0.85,pickled_models\Prophet_Nicaragua_September.pkl
Nicaragua,Autumn,0.2771736380888113,0.3294831450588423,0.1,0.9,pickled_models\Prophet_Nicaragua_Autumn.pkl
Niger,April,1.088773979620102,1.437137549095843,0.1,0.9,pickled_models\Prophet_Niger_April.pkl
Niger,August,0.2992310270182612,0.3318059841381501,0.6,0.9,pickled_models\Prophet_Niger_August.pkl
Niger,December,1.0136840650286818,1.3919102869669593,0.3,0.9,pickled_models\Prophet_Niger_December.pkl
Niger,Winter,0.5562797653547005,0.8178200336043141,0.05,0.85,pickled_models\Prophet_Niger_Winter.pkl
Niger,February,1.2332511524146057,1.340658655588031,0.01,0.85,pickled_models\Prophet_Niger_February.pkl
Niger,January,0.8029211952430538,0.8404687630553416,0.3,0.85,pickled_models\Prophet_Niger_January.pkl
Niger,July,0.4684308178861658,0.5966711538417191,0.1,0.9,pickled_models\Prophet_Niger_July.pkl
Niger,June,0.3041505332711086,0.4177592692970199,0.6,0.85,pickled_models\Prophet_Niger_June.pkl
Niger,Summer,0.2547529652637652,0.3643771620723392,0.4,0.9,pickled_models\Prophet_Niger_Summer.pkl
Niger,March,0.6638694401582742,0.8479908957638951,0.01,0.9,pickled_models\Prophet_Niger_March.pkl
Niger,Spring,0.5851307038644736,0.7666311165782156,0.3,0.85,pickled_models\Prophet_Niger_Spring.pkl
Niger,May,0.4858534617032405,0.5247944108344208,0.1,0.9,pickled_models\Prophet_Niger_May.pkl
Niger,Meteorological year,0.1258269036968682,0.1492361789774278,0.05,0.85,pickled_models\Prophet_Niger_Meteorological_year.pkl
Niger,November,0.8450538314897091,0.9963544031208004,0.3,0.9,pickled_models\Prophet_Niger_November.pkl
Niger,October,0.5197073018720774,0.5713372401083685,0.6,0.85,pickled_models\Prophet_Niger_October.pkl
Niger,September,0.3109084042651041,0.3278051636901679,0.05,0.85,pickled_models\Prophet_Niger_September.pkl
Niger,Autumn,0.304412359498466,0.3953489097828642,0.01,0.85,pickled_models\Prophet_Niger_Autumn.pkl
Nigeria,April,0.3917554501328649,0.5235002281050265,0.6,0.9,pickled_models\Prophet_Nigeria_April.pkl
Nigeria,August,0.2079158765148628,0.2705148556561118,0.01,0.9,pickled_models\Prophet_Nigeria_August.pkl
Nigeria,December,0.6299057450547845,0.8268076736932444,0.01,0.85,pickled_models\Prophet_Nigeria_December.pkl
Nigeria,Winter,0.3105432677268239,0.4630412159307157,0.4,0.9,pickled_models\Prophet_Nigeria_Winter.pkl
Nigeria,February,0.7288914554048743,0.7710352618433215,0.01,0.9,pickled_models\Prophet_Nigeria_February.pkl
Nigeria,January,0.6651343138537321,0.760941595679251,0.1,0.9,pickled_models\Prophet_Nigeria_January.pkl
Nigeria,July,0.2942488688164558,0.3915299318746251,0.05,0.85,pickled_models\Prophet_Nigeria_July.pkl
Nigeria,June,0.3691340418098545,0.5187176216909167,0.6,0.85,pickled_models\Prophet_Nigeria_June.pkl
Nigeria,Summer,0.2166366948138529,0.3211006842589866,0.4,0.9,pickled_models\Prophet_Nigeria_Summer.pkl
Nigeria,March,0.3986398878317379,0.6448724843233975,0.01,0.85,pickled_models\Prophet_Nigeria_March.pkl
Nigeria,Spring,0.2656474431977878,0.3543985973953541,0.6,0.85,pickled_models\Prophet_Nigeria_Spring.pkl
Nigeria,May,0.2901976876439301,0.3558000442006858,0.3,0.9,pickled_models\Prophet_Nigeria_May.pkl
Nigeria,Meteorological year,0.0821611071166881,0.0923442350431334,0.6,0.9,pickled_models\Prophet_Nigeria_Meteorological_year.pkl
Nigeria,November,0.4087647561989929,0.5639678580590067,0.01,0.9,pickled_models\Prophet_Nigeria_November.pkl
Nigeria,October,0.4322525185639758,0.4926858253495212,0.01,0.85,pickled_models\Prophet_Nigeria_October.pkl
Nigeria,September,0.2944105747550338,0.3137362780550046,0.01,0.85,pickled_models\Prophet_Nigeria_September.pkl
Nigeria,Autumn,0.2096843901901221,0.2987850444362805,0.01,0.9,pickled_models\Prophet_Nigeria_Autumn.pkl
Non-Annex I countries,April,0.1963271536733319,0.2595393889448877,0.6,0.9,pickled_models\Prophet_Non-Annex_I_countries_April.pkl
Non-Annex I countries,August,0.1928288130727879,0.2481039704006084,0.5,0.85,pickled_models\Prophet_Non-Annex_I_countries_August.pkl
Non-Annex I countries,December,0.2700795120971714,0.3465996106612187,0.05,0.9,pickled_models\Prophet_Non-Annex_I_countries_December.pkl
Non-Annex I countries,Winter,0.1978209047480751,0.2471080788300542,0.6,0.85,pickled_models\Prophet_Non-Annex_I_countries_Winter.pkl
Non-Annex I countries,February,0.2643670728966938,0.3361829518510287,0.6,0.85,pickled_models\Prophet_Non-Annex_I_countries_February.pkl
Non-Annex I countries,January,0.3519380094288823,0.3917390842045428,0.6,0.85,pickled_models\Prophet_Non-Annex_I_countries_January.pkl
Non-Annex I countries,July,0.1437648964495346,0.1715561157083794,0.6,0.9,pickled_models\Prophet_Non-Annex_I_countries_July.pkl
Non-Annex I countries,June,0.136313093422635,0.1797650331300713,0.6,0.85,pickled_models\Prophet_Non-Annex_I_countries_June.pkl
Non-Annex I countries,Summer,0.1411737860444247,0.1665777947764307,0.6,0.85,pickled_models\Prophet_Non-Annex_I_countries_Summer.pkl
Non-Annex I countries,March,0.3404161246396253,0.4246396308576206,0.3,0.9,pickled_models\Prophet_Non-Annex_I_countries_March.pkl
Non-Annex I countries,Spring,0.1423621952762398,0.1930972864503297,0.6,0.9,pickled_models\Prophet_Non-Annex_I_countries_Spring.pkl
Non-Annex I countries,May,0.1928734275458351,0.2427853461600691,0.6,0.9,pickled_models\Prophet_Non-Annex_I_countries_May.pkl
Non-Annex I countries,Meteorological year,0.1473628713496948,0.1620946742120994,0.6,0.85,pickled_models\Prophet_Non-Annex_I_countries_Meteorological_year.pkl
Non-Annex I countries,November,0.1555831589574694,0.1939894674807605,0.5,0.9,pickled_models\Prophet_Non-Annex_I_countries_November.pkl
Non-Annex I countries,October,0.1631883880728324,0.2277775126927035,0.6,0.9,pickled_models\Prophet_Non-Annex_I_countries_October.pkl
Non-Annex I countries,September,0.2134460172075783,0.2479213591997941,0.6,0.85,pickled_models\Prophet_Non-Annex_I_countries_September.pkl
Non-Annex I countries,Autumn,0.1349665633463901,0.1835323017516557,0.6,0.85,pickled_models\Prophet_Non-Annex_I_countries_Autumn.pkl
Northern Africa,April,0.5776084027952912,0.6655599883549729,0.01,0.85,pickled_models\Prophet_Northern_Africa_April.pkl
Northern Africa,August,0.4427616650600508,0.5144707546812509,0.4,0.85,pickled_models\Prophet_Northern_Africa_August.pkl
Northern Africa,December,0.3757015512175912,0.4583977329981096,0.4,0.9,pickled_models\Prophet_Northern_Africa_December.pkl
Northern Africa,Winter,0.4847954120217621,0.5477000549221448,0.1,0.9,pickled_models\Prophet_Northern_Africa_Winter.pkl
Northern Africa,February,0.8309185065857365,0.9098331241010832,0.6,0.9,pickled_models\Prophet_Northern_Africa_February.pkl
Northern Africa,January,1.082603261543279,1.125312674153351,0.01,0.9,pickled_models\Prophet_Northern_Africa_January.pkl
Northern Africa,July,0.3547665872840455,0.452211589974149,0.4,0.85,pickled_models\Prophet_Northern_Africa_July.pkl
Northern Africa,June,0.5264344494593899,0.5698778500841627,0.6,0.85,pickled_models\Prophet_Northern_Africa_June.pkl
Northern Africa,Summer,0.1641393439931645,0.2075771174160159,0.4,0.9,pickled_models\Prophet_Northern_Africa_Summer.pkl
Northern Africa,March,0.7881299077975723,0.908731840635316,0.1,0.85,pickled_models\Prophet_Northern_Africa_March.pkl
Northern Africa,Spring,0.3577327543328651,0.5064844903800748,0.4,0.85,pickled_models\Prophet_Northern_Africa_Spring.pkl
Northern Africa,May,0.5085817263812599,0.6006563666131626,0.6,0.9,pickled_models\Prophet_Northern_Africa_May.pkl
Northern Africa,Meteorological year,0.2252756444413662,0.2411524673315476,0.05,0.9,pickled_models\Prophet_Northern_Africa_Meteorological_year.pkl
Northern Africa,November,0.3655278662637229,0.4650228216086201,0.1,0.9,pickled_models\Prophet_Northern_Africa_November.pkl
Northern Africa,October,0.7084646488560983,0.8347869662982886,0.6,0.85,pickled_models\Prophet_Northern_Africa_October.pkl
Northern Africa,September,0.3025852845439593,0.4427781891726609,0.5,0.9,pickled_models\Prophet_Northern_Africa_September.pkl
Northern Africa,Autumn,0.3707785242778452,0.4663700211156067,0.5,0.85,pickled_models\Prophet_Northern_Africa_Autumn.pkl
Northern America,April,0.6120898693752708,0.9875163359473728,0.1,0.9,pickled_models\Prophet_Northern_America_April.pkl
Northern America,August,0.2445739260017998,0.2638881080003818,0.3,0.9,pickled_models\Prophet_Northern_America_August.pkl
Northern America,December,0.8834764324899836,0.985076172706145,0.05,0.85,pickled_models\Prophet_Northern_America_December.pkl
Northern America,Winter,0.9452023140472255,1.0822886418102255,0.01,0.85,pickled_models\Prophet_Northern_America_Winter.pkl
Northern America,February,1.87650494394856,1.983251940615007,0.6,0.85,pickled_models\Prophet_Northern_America_February.pkl
Northern America,January,0.7646254816509224,0.932590161405597,0.5,0.85,pickled_models\Prophet_Northern_America_January.pkl
Northern America,July,0.184813369435355,0.2313891312125204,0.3,0.9,pickled_models\Prophet_Northern_America_July.pkl
Northern America,June,0.2743970979815093,0.3285826383360601,0.05,0.9,pickled_models\Prophet_Northern_America_June.pkl
Northern America,Summer,0.1619065298743737,0.1959077828396852,0.1,0.85,pickled_models\Prophet_Northern_America_Summer.pkl
Northern America,March,0.8392713231890223,1.2436702039265577,0.01,0.9,pickled_models\Prophet_Northern_America_March.pkl
Northern America,Spring,0.4253000397268613,0.5663139918752292,0.6,0.85,pickled_models\Prophet_Northern_America_Spring.pkl
Northern America,May,0.3802639997967522,0.4355170447966458,0.01,0.9,pickled_models\Prophet_Northern_America_May.pkl
Northern America,Meteorological year,0.4468158441006393,0.5781550675037779,0.05,0.9,pickled_models\Prophet_Northern_America_Meteorological_year.pkl
Northern America,November,1.1873502392556474,1.470748300445712,0.01,0.9,pickled_models\Prophet_Northern_America_November.pkl
Northern America,October,0.564346790305032,0.6335714388437617,0.6,0.85,pickled_models\Prophet_Northern_America_October.pkl
Northern America,September,0.4001596175849392,0.5547326463780107,0.5,0.9,pickled_models\Prophet_Northern_America_September.pkl
Northern America,Autumn,0.5952431646445805,0.7397802348967524,0.3,0.85,pickled_models\Prophet_Northern_America_Autumn.pkl
Northern Europe,April,0.6378044422624272,0.8386860905528574,0.4,0.9,pickled_models\Prophet_Northern_Europe_April.pkl
Northern Europe,August,0.3565522892524102,0.5011992038664349,0.01,0.9,pickled_models\Prophet_Northern_Europe_August.pkl
Northern Europe,December,1.4079460216095243,1.7084245488483891,0.01,0.85,pickled_models\Prophet_Northern_Europe_December.pkl
Northern Europe,Winter,1.025375562778155,1.139626233821487,0.1,0.9,pickled_models\Prophet_Northern_Europe_Winter.pkl
Northern Europe,February,2.385110293614385,2.5339871555452094,0.1,0.85,pickled_models\Prophet_Northern_Europe_February.pkl
Northern Europe,January,1.3286789289804302,1.699548064385222,0.01,0.85,pickled_models\Prophet_Northern_Europe_January.pkl
Northern Europe,July,1.3805185973840473,1.546613497826196,0.4,0.85,pickled_models\Prophet_Northern_Europe_July.pkl
Northern Europe,June,0.6364596478554668,0.7441797610182588,0.1,0.9,pickled_models\Prophet_Northern_Europe_June.pkl
Northern Europe,Summer,0.5756037363501832,0.694812740950827,0.6,0.9,pickled_models\Prophet_Northern_Europe_Summer.pkl
Northern Europe,March,1.7826997136396845,2.046304704027284,0.3,0.85,pickled_models\Prophet_Northern_Europe_March.pkl
Northern Europe,Spring,0.5136774834950607,0.6074935340483637,0.05,0.85,pickled_models\Prophet_Northern_Europe_Spring.pkl
Northern Europe,May,1.1479883857213125,1.3969882185825246,0.3,0.9,pickled_models\Prophet_Northern_Europe_May.pkl
Northern Europe,Meteorological year,0.3163316405044577,0.4446057965191672,0.6,0.9,pickled_models\Prophet_Northern_Europe_Meteorological_year.pkl
Northern Europe,November,1.1784378548370509,1.256914021634576,0.3,0.85,pickled_models\Prophet_Northern_Europe_November.pkl
Northern Europe,October,0.4611164304703233,0.5885758086346465,0.6,0.85,pickled_models\Prophet_Northern_Europe_October.pkl
Northern Europe,September,0.4965917548684916,0.6384642151269284,0.4,0.9,pickled_models\Prophet_Northern_Europe_September.pkl
Northern Europe,Autumn,0.5235058733672097,0.6429041472795067,0.4,0.85,pickled_models\Prophet_Northern_Europe_Autumn.pkl
Norway,April,0.7351591619139692,0.9356669315916832,0.1,0.85,pickled_models\Prophet_Norway_April.pkl
Norway,August,0.5874167520715602,0.6853020387142479,0.1,0.85,pickled_models\Prophet_Norway_August.pkl
Norway,December,1.393692279724599,1.7248584553815325,0.4,0.85,pickled_models\Prophet_Norway_December.pkl
Norway,Winter,1.024737945403344,1.209814021585332,0.1,0.85,pickled_models\Prophet_Norway_Winter.pkl
Norway,February,2.2142204879675886,2.486636668901538,0.01,0.85,pickled_models\Prophet_Norway_February.pkl
Norway,January,1.6380415834460635,1.9525325052878195,0.4,0.9,pickled_models\Prophet_Norway_January.pkl
Norway,July,1.477830403686317,1.7883787993220068,0.1,0.85,pickled_models\Prophet_Norway_July.pkl
Norway,June,0.5079629754237983,0.7217828100332653,0.6,0.9,pickled_models\Prophet_Norway_June.pkl
Norway,Summer,0.6367913165814586,0.7166852112365042,0.6,0.85,pickled_models\Prophet_Norway_Summer.pkl
Norway,March,1.8923313744166712,2.240494420006633,0.1,0.85,pickled_models\Prophet_Norway_March.pkl
Norway,Spring,0.5695369049042497,0.6630920084975973,0.01,0.85,pickled_models\Prophet_Norway_Spring.pkl
Norway,May,1.3273421602481184,1.6046965241743234,0.3,0.85,pickled_models\Prophet_Norway_May.pkl
Norway,Meteorological year,0.386185702473507,0.5155350493087929,0.6,0.9,pickled_models\Prophet_Norway_Meteorological_year.pkl
Norway,November,1.4676759366893102,1.5896354570200726,0.01,0.9,pickled_models\Prophet_Norway_November.pkl
Norway,October,0.828646075289679,0.9775731257068452,0.6,0.85,pickled_models\Prophet_Norway_October.pkl
Norway,September,0.6836623125226072,0.9058009324275326,0.6,0.85,pickled_models\Prophet_Norway_September.pkl
Norway,Autumn,0.6944042003251174,0.9218904032476593,0.6,0.85,pickled_models\Prophet_Norway_Autumn.pkl
OECD,April,0.2597069043124255,0.312657318719613,0.01,0.9,pickled_models\Prophet_OECD_April.pkl
OECD,August,0.1616467508746989,0.1758114018864003,0.01,0.9,pickled_models\Prophet_OECD_August.pkl
OECD,December,0.8516762929810202,0.931520445208135,0.01,0.9,pickled_models\Prophet_OECD_December.pkl
OECD,Winter,0.4344108427666492,0.5779717368381639,0.4,0.85,pickled_models\Prophet_OECD_Winter.pkl
OECD,February,0.960174736961412,0.9736900482763252,0.5,0.9,pickled_models\Prophet_OECD_February.pkl
OECD,January,0.3310854463562604,0.4036645001937757,0.05,0.85,pickled_models\Prophet_OECD_January.pkl
OECD,July,0.1863075794332698,0.2148197235540452,0.6,0.9,pickled_models\Prophet_OECD_July.pkl
OECD,June,0.1808075133852859,0.2508299232242003,0.4,0.9,pickled_models\Prophet_OECD_June.pkl
OECD,Summer,0.0982894090745206,0.1405066914368681,0.3,0.85,pickled_models\Prophet_OECD_Summer.pkl
OECD,March,0.5428043444006742,0.7034361161349942,0.1,0.9,pickled_models\Prophet_OECD_March.pkl
OECD,Spring,0.2054003579172687,0.3375075488803669,0.01,0.85,pickled_models\Prophet_OECD_Spring.pkl
OECD,May,0.330284660364036,0.4145510688148757,0.01,0.85,pickled_models\Prophet_OECD_May.pkl
OECD,Meteorological year,0.2289734253379524,0.3112078231900291,0.6,0.85,pickled_models\Prophet_OECD_Meteorological_year.pkl
OECD,November,0.6374751194650131,0.8183843010063959,0.05,0.9,pickled_models\Prophet_OECD_November.pkl
OECD,October,0.3984185576792781,0.4835649004434864,0.6,0.9,pickled_models\Prophet_OECD_October.pkl
OECD,September,0.1871013638378211,0.2725665260939047,0.3,0.85,pickled_models\Prophet_OECD_September.pkl
OECD,Autumn,0.2817841532110424,0.3805715925759615,0.3,0.85,pickled_models\Prophet_OECD_Autumn.pkl
Oceania,April,0.8486027338121608,0.9434843094620464,0.6,0.9,pickled_models\Prophet_Oceania_April.pkl
Oceania,August,0.4186384600908561,0.4729196777693417,0.1,0.85,pickled_models\Prophet_Oceania_August.pkl
Oceania,December,0.91961623408611,1.1342712950188285,0.01,0.9,pickled_models\Prophet_Oceania_December.pkl
Oceania,Winter,0.412227645486254,0.5486808298722817,0.01,0.9,pickled_models\Prophet_Oceania_Winter.pkl
Oceania,February,0.4911671366504857,0.6026527237292015,0.5,0.9,pickled_models\Prophet_Oceania_February.pkl
Oceania,January,0.4917768683391663,0.7128696751123234,0.01,0.85,pickled_models\Prophet_Oceania_January.pkl
Oceania,July,0.42195272908658,0.4610497926705142,0.1,0.85,pickled_models\Prophet_Oceania_July.pkl
Oceania,June,0.3928739032438404,0.5374445930323866,0.5,0.9,pickled_models\Prophet_Oceania_June.pkl
Oceania,Summer,0.2191648621803326,0.2447161485376176,0.5,0.85,pickled_models\Prophet_Oceania_Summer.pkl
Oceania,March,0.9287144669265612,1.015139262002994,0.6,0.9,pickled_models\Prophet_Oceania_March.pkl
Oceania,Spring,0.6436747759887363,0.7272146701023099,0.01,0.85,pickled_models\Prophet_Oceania_Spring.pkl
Oceania,May,0.5593980126991925,0.7332619274760542,0.3,0.9,pickled_models\Prophet_Oceania_May.pkl
Oceania,Meteorological year,0.3083460256553166,0.3233680859885577,0.05,0.85,pickled_models\Prophet_Oceania_Meteorological_year.pkl
Oceania,November,0.4516008844685819,0.6402027764128146,0.1,0.85,pickled_models\Prophet_Oceania_November.pkl
Oceania,October,0.9961905585420736,1.0600768172302866,0.6,0.9,pickled_models\Prophet_Oceania_October.pkl
Oceania,September,0.4812039300431809,0.6100815736967108,0.1,0.85,pickled_models\Prophet_Oceania_September.pkl
Oceania,Autumn,0.3963752249400437,0.4774330483932715,0.6,0.9,pickled_models\Prophet_Oceania_Autumn.pkl
Pakistan,April,0.7366683838759424,0.8587373219911925,0.01,0.85,pickled_models\Prophet_Pakistan_April.pkl
Pakistan,August,0.2929281701967756,0.3607474479168363,0.6,0.9,pickled_models\Prophet_Pakistan_August.pkl
Pakistan,December,0.8707545179489434,1.1502704094258476,0.6,0.9,pickled_models\Prophet_Pakistan_December.pkl
Pakistan,Winter,0.6062741964776226,0.6639221000312384,0.05,0.9,pickled_models\Prophet_Pakistan_Winter.pkl
Pakistan,February,1.0592327821643992,1.2199551044376078,0.6,0.9,pickled_models\Prophet_Pakistan_February.pkl
Pakistan,January,0.7043404950777759,0.8960149013708438,0.5,0.85,pickled_models\Prophet_Pakistan_January.pkl
Pakistan,July,0.3042327055631584,0.367259074875768,0.6,0.85,pickled_models\Prophet_Pakistan_July.pkl
Pakistan,June,0.594748074815188,0.6564078261559609,0.01,0.9,pickled_models\Prophet_Pakistan_June.pkl
Pakistan,Summer,0.3368367471156713,0.3991113737381017,0.6,0.9,pickled_models\Prophet_Pakistan_Summer.pkl
Pakistan,March,1.234532507640169,1.418237892982194,0.1,0.9,pickled_models\Prophet_Pakistan_March.pkl
Pakistan,Spring,0.8045860873382531,1.0312297822847922,0.6,0.9,pickled_models\Prophet_Pakistan_Spring.pkl
Pakistan,May,0.8043812633755122,0.9928174409544136,0.1,0.85,pickled_models\Prophet_Pakistan_May.pkl
Pakistan,Meteorological year,0.3615338243687913,0.3747171391629614,0.6,0.9,pickled_models\Prophet_Pakistan_Meteorological_year.pkl
Pakistan,November,0.6135138549485578,0.7885811352340243,0.1,0.85,pickled_models\Prophet_Pakistan_November.pkl
Pakistan,October,0.5180956700479009,0.592850820839342,0.6,0.9,pickled_models\Prophet_Pakistan_October.pkl
Pakistan,September,0.6032335475694685,0.7889240467365461,0.6,0.9,pickled_models\Prophet_Pakistan_September.pkl
Pakistan,Autumn,0.167229097366,0.2238585986247211,0.5,0.85,pickled_models\Prophet_Pakistan_Autumn.pkl
Palestine,April,1.1957121041182692,1.3555394846715498,0.6,0.9,pickled_models\Prophet_Palestine_April.pkl
Palestine,August,0.4573612332983829,0.5982453721019207,0.3,0.9,pickled_models\Prophet_Palestine_August.pkl
Palestine,December,0.9604043063730072,1.083596160351078,0.6,0.85,pickled_models\Prophet_Palestine_December.pkl
Palestine,Winter,0.4991142858242542,0.7918245702747949,0.3,0.85,pickled_models\Prophet_Palestine_Winter.pkl
Palestine,February,1.0276613806938328,1.310116058521608,0.4,0.9,pickled_models\Prophet_Palestine_February.pkl
Palestine,January,0.6331672619563213,0.6687518120431155,0.4,0.85,pickled_models\Prophet_Palestine_January.pkl
Palestine,July,0.4132377392870456,0.5481865699674111,0.05,0.9,pickled_models\Prophet_Palestine_July.pkl
Palestine,June,0.8414476114026775,0.9651879920488132,0.6,0.9,pickled_models\Prophet_Palestine_June.pkl
Palestine,Summer,0.2826274933531763,0.3538985579982572,0.3,0.85,pickled_models\Prophet_Palestine_Summer.pkl
Palestine,March,1.159506178507434,1.3617780537536268,0.6,0.85,pickled_models\Prophet_Palestine_March.pkl
Palestine,Spring,0.792579632058421,1.0255652782207498,0.6,0.85,pickled_models\Prophet_Palestine_Spring.pkl
Palestine,May,0.9557433110538246,1.1947528513154213,0.1,0.85,pickled_models\Prophet_Palestine_May.pkl
Palestine,Meteorological year,0.376199838177811,0.427227517912153,0.3,0.85,pickled_models\Prophet_Palestine_Meteorological_year.pkl
Palestine,November,0.6158024018023376,0.7618417640333672,0.6,0.85,pickled_models\Prophet_Palestine_November.pkl
Palestine,October,0.8569830300344501,0.8930115887590809,0.6,0.9,pickled_models\Prophet_Palestine_October.pkl
Palestine,September,0.5649204216449244,0.9005405659474474,0.6,0.85,pickled_models\Prophet_Palestine_September.pkl
Palestine,Autumn,0.580447938286889,0.6992792523046721,0.6,0.9,pickled_models\Prophet_Palestine_Autumn.pkl
Papua New Guinea,April,0.3336752973100885,0.464407701518351,0.01,0.9,pickled_models\Prophet_Papua_New_Guinea_April.pkl
Papua New Guinea,August,0.5382491618134603,0.5908485193379965,0.3,0.9,pickled_models\Prophet_Papua_New_Guinea_August.pkl
Papua New Guinea,December,0.2477127089510843,0.2784958539588504,0.1,0.9,pickled_models\Prophet_Papua_New_Guinea_December.pkl
Papua New Guinea,Winter,0.2050171055878923,0.2533971901632305,0.1,0.9,pickled_models\Prophet_Papua_New_Guinea_Winter.pkl
Papua New Guinea,February,0.2660944931787726,0.3236183023283036,0.6,0.85,pickled_models\Prophet_Papua_New_Guinea_February.pkl
Papua New Guinea,January,0.3793709370848001,0.4712804616422117,0.3,0.9,pickled_models\Prophet_Papua_New_Guinea_January.pkl
Papua New Guinea,July,0.5384613865385587,0.6424742697426508,0.05,0.85,pickled_models\Prophet_Papua_New_Guinea_July.pkl
Papua New Guinea,June,0.3717838457296754,0.5363702721387251,0.6,0.9,pickled_models\Prophet_Papua_New_Guinea_June.pkl
Papua New Guinea,Summer,0.4481956708572532,0.5308061864953516,0.01,0.85,pickled_models\Prophet_Papua_New_Guinea_Summer.pkl
Papua New Guinea,March,0.4995054365538718,0.6808700855141843,0.6,0.9,pickled_models\Prophet_Papua_New_Guinea_March.pkl
Papua New Guinea,Spring,0.3894121758399093,0.5368437052453049,0.1,0.85,pickled_models\Prophet_Papua_New_Guinea_Spring.pkl
Papua New Guinea,May,0.4600188482304748,0.6127921549691471,0.3,0.85,pickled_models\Prophet_Papua_New_Guinea_May.pkl
Papua New Guinea,Meteorological year,0.3111882711116567,0.3837227303055814,0.05,0.9,pickled_models\Prophet_Papua_New_Guinea_Meteorological_year.pkl
Papua New Guinea,November,0.327545131078863,0.3898491549952964,0.1,0.9,pickled_models\Prophet_Papua_New_Guinea_November.pkl
Papua New Guinea,October,0.4226321032804518,0.4695887355914502,0.6,0.85,pickled_models\Prophet_Papua_New_Guinea_October.pkl
Papua New Guinea,September,0.5701343023700319,0.6267368665079821,0.05,0.9,pickled_models\Prophet_Papua_New_Guinea_September.pkl
Papua New Guinea,Autumn,0.3717898853437042,0.4239866610819489,0.6,0.9,pickled_models\Prophet_Papua_New_Guinea_Autumn.pkl
Paraguay,April,1.0794963162514035,1.269369624139291,0.01,0.85,pickled_models\Prophet_Paraguay_April.pkl
Paraguay,August,1.6904131495994292,2.016967335200253,0.1,0.85,pickled_models\Prophet_Paraguay_August.pkl
Paraguay,December,0.3430041897612043,0.3689809195856728,0.1,0.85,pickled_models\Prophet_Paraguay_December.pkl
Paraguay,Winter,0.4877371959695535,0.5279397751318844,0.6,0.85,pickled_models\Prophet_Paraguay_Winter.pkl
Paraguay,February,0.5460423556153802,0.6436764651723176,0.6,0.9,pickled_models\Prophet_Paraguay_February.pkl
Paraguay,January,0.8362354440297125,0.9412035089860142,0.5,0.9,pickled_models\Prophet_Paraguay_January.pkl
Paraguay,July,0.663392394523263,0.7974394052214309,0.1,0.85,pickled_models\Prophet_Paraguay_July.pkl
Paraguay,June,1.546054551527473,1.906068261451544,0.3,0.85,pickled_models\Prophet_Paraguay_June.pkl
Paraguay,Summer,1.078354805676235,1.198615873279948,0.6,0.9,pickled_models\Prophet_Paraguay_Summer.pkl
Paraguay,March,0.8412708295648059,0.9965242498203388,0.05,0.85,pickled_models\Prophet_Paraguay_March.pkl
Paraguay,Spring,0.5944525805433151,0.726271018357405,0.4,0.9,pickled_models\Prophet_Paraguay_Spring.pkl
Paraguay,May,1.3549848559757578,1.4968522276918392,0.05,0.85,pickled_models\Prophet_Paraguay_May.pkl
Paraguay,Meteorological year,0.5450709497093664,0.6267879732540051,0.5,0.9,pickled_models\Prophet_Paraguay_Meteorological_year.pkl
Paraguay,November,0.665605379263256,1.0249797472293196,0.6,0.9,pickled_models\Prophet_Paraguay_November.pkl
Paraguay,October,0.7275895927561674,1.150958341020617,0.4,0.85,pickled_models\Prophet_Paraguay_October.pkl
Paraguay,September,1.4953936184995051,1.5857242743550954,0.6,0.85,pickled_models\Prophet_Paraguay_September.pkl
Paraguay,Autumn,0.8753252790735774,1.0213016087115807,0.6,0.9,pickled_models\Prophet_Paraguay_Autumn.pkl
Peru,April,0.1440093958581256,0.2432161568203991,0.4,0.85,pickled_models\Prophet_Peru_April.pkl
Peru,August,0.4171826910102534,0.4525514927556638,0.01,0.85,pickled_models\Prophet_Peru_August.pkl
Peru,December,0.137043592369205,0.1960502536586784,0.6,0.9,pickled_models\Prophet_Peru_December.pkl
Peru,Winter,0.2871935002503531,0.3732824093127673,0.5,0.85,pickled_models\Prophet_Peru_Winter.pkl
Peru,February,0.2651293301481343,0.3684464809741303,0.05,0.9,pickled_models\Prophet_Peru_February.pkl
Peru,January,0.5097422772349897,0.6457722761449383,0.01,0.85,pickled_models\Prophet_Peru_January.pkl
Peru,July,0.2433454886918102,0.3219463078113224,0.01,0.85,pickled_models\Prophet_Peru_July.pkl
Peru,June,0.506872290518995,0.5716877490268757,0.01,0.9,pickled_models\Prophet_Peru_June.pkl
Peru,Summer,0.298849067448843,0.3720005366612885,0.01,0.9,pickled_models\Prophet_Peru_Summer.pkl
Peru,March,0.3015673844085487,0.3582577281138084,0.01,0.9,pickled_models\Prophet_Peru_March.pkl
Peru,Spring,0.180868992234433,0.2395033935112611,0.3,0.9,pickled_models\Prophet_Peru_Spring.pkl
Peru,May,0.3452136793859826,0.3479037863322832,0.05,0.9,pickled_models\Prophet_Peru_May.pkl
Peru,Meteorological year,0.1865535450092701,0.2527315088297819,0.3,0.85,pickled_models\Prophet_Peru_Meteorological_year.pkl
Peru,November,0.3368805677467881,0.437754754238608,0.01,0.9,pickled_models\Prophet_Peru_November.pkl
Peru,October,0.3064034329435535,0.4221118052418801,0.05,0.85,pickled_models\Prophet_Peru_October.pkl
Peru,September,0.2613946682439289,0.4514029003899094,0.6,0.9,pickled_models\Prophet_Peru_September.pkl
Peru,Autumn,0.2734625137826079,0.3981942680061784,0.6,0.85,pickled_models\Prophet_Peru_Autumn.pkl
Philippines,April,0.2648975498750494,0.4193803108668457,0.5,0.9,pickled_models\Prophet_Philippines_April.pkl
Philippines,August,0.4056150182810443,0.4718378544666831,0.01,0.85,pickled_models\Prophet_Philippines_August.pkl
Philippines,December,0.3831877750273045,0.4379478243123716,0.6,0.85,pickled_models\Prophet_Philippines_December.pkl
Philippines,Winter,0.3338639348414561,0.381033481914324,0.5,0.9,pickled_models\Prophet_Philippines_Winter.pkl
Philippines,February,0.4018744747018774,0.4564778226889627,0.6,0.9,pickled_models\Prophet_Philippines_February.pkl
Philippines,January,0.4940065768045897,0.6543172828054631,0.01,0.9,pickled_models\Prophet_Philippines_January.pkl
Philippines,July,0.3077465424945415,0.3760987844773433,0.01,0.9,pickled_models\Prophet_Philippines_July.pkl
Philippines,June,0.5077904473582132,0.5787426251871718,0.3,0.9,pickled_models\Prophet_Philippines_June.pkl
Philippines,Summer,0.4020139196259238,0.4423362269505569,0.01,0.85,pickled_models\Prophet_Philippines_Summer.pkl
Philippines,March,0.2646411632528047,0.3075237681905177,0.6,0.85,pickled_models\Prophet_Philippines_March.pkl
Philippines,Spring,0.1927763951758132,0.3018346607559388,0.01,0.9,pickled_models\Prophet_Philippines_Spring.pkl
Philippines,May,0.5632741916696389,0.5887574827982178,0.01,0.85,pickled_models\Prophet_Philippines_May.pkl
Philippines,Meteorological year,0.2647535305175345,0.3091362173058254,0.1,0.85,pickled_models\Prophet_Philippines_Meteorological_year.pkl
Philippines,November,0.3755441372177446,0.4059622028844067,0.6,0.9,pickled_models\Prophet_Philippines_November.pkl
Philippines,October,0.3705748743104696,0.400889878957004,0.3,0.9,pickled_models\Prophet_Philippines_October.pkl
Philippines,September,0.3906523894395871,0.428892425151001,0.01,0.9,pickled_models\Prophet_Philippines_September.pkl
Philippines,Autumn,0.361404136407697,0.3993284129208552,0.6,0.85,pickled_models\Prophet_Philippines_Autumn.pkl
Poland,April,1.2456123586341237,1.5748565161257588,0.5,0.9,pickled_models\Prophet_Poland_April.pkl
Poland,August,1.2123629908400824,1.3953513133294282,0.6,0.85,pickled_models\Prophet_Poland_August.pkl
Poland,December,1.763704466016082,2.152167096031233,0.3,0.9,pickled_models\Prophet_Poland_December.pkl
Poland,Winter,1.1720964774962492,1.3246585091595036,0.3,0.85,pickled_models\Prophet_Poland_Winter.pkl
Poland,February,2.456323036029707,2.6967910366180154,0.01,0.9,pickled_models\Prophet_Poland_February.pkl
Poland,January,1.669349362264043,1.846743185490876,0.6,0.85,pickled_models\Prophet_Poland_January.pkl
Poland,July,0.6734220894511229,0.8361602742186743,0.1,0.85,pickled_models\Prophet_Poland_July.pkl
Poland,June,1.4344397258627868,1.8321107754456567,0.6,0.9,pickled_models\Prophet_Poland_June.pkl
Poland,Summer,0.5827656826646725,0.7303264072708816,0.6,0.9,pickled_models\Prophet_Poland_Summer.pkl
Poland,March,2.2980649766229924,2.4507835773139344,0.3,0.85,pickled_models\Prophet_Poland_March.pkl
Poland,Spring,0.6207402369726989,0.7498554553207251,0.01,0.9,pickled_models\Prophet_Poland_Spring.pkl
Poland,May,1.1604867966382522,1.4021227909315774,0.6,0.9,pickled_models\Prophet_Poland_May.pkl
Poland,Meteorological year,0.8458475002890581,0.921779697991804,0.6,0.9,pickled_models\Prophet_Poland_Meteorological_year.pkl
Poland,November,0.8751517411895113,1.013462199645034,0.5,0.9,pickled_models\Prophet_Poland_November.pkl
Poland,October,1.5384784116539667,1.62593546687998,0.4,0.85,pickled_models\Prophet_Poland_October.pkl
Poland,September,1.3757167741516207,1.558448186570198,0.1,0.85,pickled_models\Prophet_Poland_September.pkl
Poland,Autumn,0.6133008285160246,0.7258934458186872,0.6,0.85,pickled_models\Prophet_Poland_Autumn.pkl
Polynesia,April,0.2489777416947872,0.2751504345550712,0.6,0.85,pickled_models\Prophet_Polynesia_April.pkl
Polynesia,August,0.3077481934593312,0.3782700070863696,0.01,0.9,pickled_models\Prophet_Polynesia_August.pkl
Polynesia,December,0.1578505672232776,0.1725114260480767,0.4,0.9,pickled_models\Prophet_Polynesia_December.pkl
Polynesia,Winter,0.2537594621185717,0.3181487009374105,0.1,0.85,pickled_models\Prophet_Polynesia_Winter.pkl
Polynesia,February,0.3321971722350931,0.4749400032295642,0.5,0.85,pickled_models\Prophet_Polynesia_February.pkl
Polynesia,January,0.3108312236736882,0.3820619059730368,0.01,0.85,pickled_models\Prophet_Polynesia_January.pkl
Polynesia,July,0.1668195446098853,0.2073620362082404,0.3,0.9,pickled_models\Prophet_Polynesia_July.pkl
Polynesia,June,0.2137877722640865,0.2376487651609044,0.05,0.85,pickled_models\Prophet_Polynesia_June.pkl
Polynesia,Summer,0.2027970745312314,0.2175398192676846,0.6,0.9,pickled_models\Prophet_Polynesia_Summer.pkl
Polynesia,March,0.2676041685961488,0.3386597792345064,0.6,0.85,pickled_models\Prophet_Polynesia_March.pkl
Polynesia,Spring,0.2104939413828274,0.2284465942112302,0.6,0.9,pickled_models\Prophet_Polynesia_Spring.pkl
Polynesia,May,0.1196847908128371,0.1405201948308913,0.6,0.9,pickled_models\Prophet_Polynesia_May.pkl
Polynesia,Meteorological year,0.1645818509280226,0.2000046335278563,0.6,0.9,pickled_models\Prophet_Polynesia_Meteorological_year.pkl
Polynesia,November,0.1612451175605707,0.1685913983650897,0.3,0.9,pickled_models\Prophet_Polynesia_November.pkl
Polynesia,October,0.2934002533035583,0.3401223124629131,0.1,0.9,pickled_models\Prophet_Polynesia_October.pkl
Polynesia,September,0.2603399138391216,0.282606776166986,0.6,0.85,pickled_models\Prophet_Polynesia_September.pkl
Polynesia,Autumn,0.1481183509470598,0.1799138019164048,0.1,0.9,pickled_models\Prophet_Polynesia_Autumn.pkl
Portugal,April,1.1322127328654992,1.2404786914970705,0.3,0.85,pickled_models\Prophet_Portugal_April.pkl
Portugal,August,0.7861661701865005,0.895545021245289,0.5,0.9,pickled_models\Prophet_Portugal_August.pkl
Portugal,December,1.270926079835842,1.5487874632208207,0.05,0.85,pickled_models\Prophet_Portugal_December.pkl
Portugal,Winter,0.6255872802962829,0.7724426375389506,0.01,0.85,pickled_models\Prophet_Portugal_Winter.pkl
Portugal,February,0.8480801862947717,0.967389542477078,0.1,0.9,pickled_models\Prophet_Portugal_February.pkl
Portugal,January,0.906261697795616,1.1090017403995769,0.3,0.85,pickled_models\Prophet_Portugal_January.pkl
Portugal,July,1.1022595077440067,1.2492997466540698,0.1,0.9,pickled_models\Prophet_Portugal_July.pkl
Portugal,June,1.2777762238634929,1.447048475092157,0.3,0.9,pickled_models\Prophet_Portugal_June.pkl
Portugal,Summer,0.8384154770658512,0.8605635093316478,0.01,0.85,pickled_models\Prophet_Portugal_Summer.pkl
Portugal,March,0.76726811020677,1.0074051634970087,0.4,0.85,pickled_models\Prophet_Portugal_March.pkl
Portugal,Spring,0.824109423583184,1.0098928597570898,0.3,0.9,pickled_models\Prophet_Portugal_Spring.pkl
Portugal,May,1.11184749736414,1.2347896014015596,0.6,0.9,pickled_models\Prophet_Portugal_May.pkl
Portugal,Meteorological year,0.32844961173485,0.4113611296153743,0.4,0.9,pickled_models\Prophet_Portugal_Meteorological_year.pkl
Portugal,November,0.5515373565425689,0.7393249253566686,0.01,0.9,pickled_models\Prophet_Portugal_November.pkl
Portugal,October,0.9842648576814984,1.4002202081619246,0.6,0.9,pickled_models\Prophet_Portugal_October.pkl
Portugal,September,0.8173113049942935,1.1338388812800106,0.05,0.85,pickled_models\Prophet_Portugal_September.pkl
Portugal,Autumn,0.5955547048165406,0.6899646383933815,0.4,0.9,pickled_models\Prophet_Portugal_Autumn.pkl
Puerto Rico,April,0.1691937814596605,0.2018938025972086,0.01,0.85,pickled_models\Prophet_Puerto_Rico_April.pkl
Puerto Rico,August,0.1454140102971884,0.1738970181292395,0.5,0.9,pickled_models\Prophet_Puerto_Rico_August.pkl
Puerto Rico,December,0.5193189377403084,0.6522398864699737,0.4,0.9,pickled_models\Prophet_Puerto_Rico_December.pkl
Puerto Rico,Winter,0.2536723337951133,0.313672449239476,0.6,0.85,pickled_models\Prophet_Puerto_Rico_Winter.pkl
Puerto Rico,February,0.4513191897466097,0.4980179079641559,0.1,0.85,pickled_models\Prophet_Puerto_Rico_February.pkl
Puerto Rico,January,0.3538240171475621,0.3810959585707072,0.6,0.85,pickled_models\Prophet_Puerto_Rico_January.pkl
Puerto Rico,July,0.1996679892667118,0.2215351130372342,0.05,0.9,pickled_models\Prophet_Puerto_Rico_July.pkl
Puerto Rico,June,0.1477480218848128,0.1837574731060992,0.5,0.9,pickled_models\Prophet_Puerto_Rico_June.pkl
Puerto Rico,Summer,0.1092501573983526,0.1254730550119723,0.6,0.9,pickled_models\Prophet_Puerto_Rico_Summer.pkl
Puerto Rico,March,0.1853218586090831,0.2357018030473782,0.5,0.9,pickled_models\Prophet_Puerto_Rico_March.pkl
Puerto Rico,Spring,0.1383956609999566,0.1879159915353329,0.01,0.9,pickled_models\Prophet_Puerto_Rico_Spring.pkl
Puerto Rico,May,0.2742102459270152,0.3141710756577054,0.5,0.9,pickled_models\Prophet_Puerto_Rico_May.pkl
Puerto Rico,Meteorological year,0.119901172998969,0.1468237997437326,0.6,0.85,pickled_models\Prophet_Puerto_Rico_Meteorological_year.pkl
Puerto Rico,November,0.1129885894875802,0.1443519232281024,0.1,0.9,pickled_models\Prophet_Puerto_Rico_November.pkl
Puerto Rico,October,0.2451379970094426,0.30692135306304,0.6,0.9,pickled_models\Prophet_Puerto_Rico_October.pkl
Puerto Rico,September,0.2417375162807615,0.2793711990401046,0.5,0.85,pickled_models\Prophet_Puerto_Rico_September.pkl
Puerto Rico,Autumn,0.1679303047360071,0.200723294081195,0.6,0.85,pickled_models\Prophet_Puerto_Rico_Autumn.pkl
Qatar,April,0.7221778957087647,0.8430848775452627,0.6,0.85,pickled_models\Prophet_Qatar_April.pkl
Qatar,August,0.1988867290498017,0.2421058660174803,0.6,0.85,pickled_models\Prophet_Qatar_August.pkl
Qatar,December,0.7781340117766878,0.8962950745481661,0.1,0.9,pickled_models\Prophet_Qatar_December.pkl
Qatar,Winter,0.4676432179545255,0.6162858401364956,0.6,0.85,pickled_models\Prophet_Qatar_Winter.pkl
Qatar,February,0.8579075972618705,1.1757645060043591,0.4,0.85,pickled_models\Prophet_Qatar_February.pkl
Qatar,January,0.814929512454922,1.020001365185043,0.6,0.9,pickled_models\Prophet_Qatar_January.pkl
Qatar,July,0.2424101166771917,0.2888809671764619,0.6,0.9,pickled_models\Prophet_Qatar_July.pkl
Qatar,June,0.404499835550124,0.522984897591332,0.4,0.85,pickled_models\Prophet_Qatar_June.pkl
Qatar,Summer,0.0891627681074078,0.1021950040611108,0.6,0.9,pickled_models\Prophet_Qatar_Summer.pkl
Qatar,March,0.9277387775536168,1.2019206262422677,0.5,0.85,pickled_models\Prophet_Qatar_March.pkl
Qatar,Spring,0.4261577563378876,0.6639682403806473,0.6,0.85,pickled_models\Prophet_Qatar_Spring.pkl
Qatar,May,0.4770484972407951,0.6150543521724028,0.6,0.9,pickled_models\Prophet_Qatar_May.pkl
Qatar,Meteorological year,0.1490861020881415,0.1858435361525715,0.6,0.9,pickled_models\Prophet_Qatar_Meteorological_year.pkl
Qatar,November,0.3783267901787595,0.4606925582966081,0.6,0.85,pickled_models\Prophet_Qatar_November.pkl
Qatar,October,0.9807376601538308,1.0886825486718976,0.05,0.85,pickled_models\Prophet_Qatar_October.pkl
Qatar,September,0.551287583667365,0.6059048413650573,0.6,0.9,pickled_models\Prophet_Qatar_September.pkl
Qatar,Autumn,0.5519168920711721,0.6090075309508365,0.6,0.9,pickled_models\Prophet_Qatar_Autumn.pkl
Republic of Korea,April,0.7429500720925274,0.876503168327704,0.01,0.85,pickled_models\Prophet_Republic_of_Korea_April.pkl
Republic of Korea,August,0.9816064787645294,1.2351865896123178,0.6,0.9,pickled_models\Prophet_Republic_of_Korea_August.pkl
Republic of Korea,December,2.089693416065368,2.4163718410225914,0.01,0.85,pickled_models\Prophet_Republic_of_Korea_December.pkl
Republic of Korea,Winter,0.6047646287038534,0.9434175876613724,0.1,0.85,pickled_models\Prophet_Republic_of_Korea_Winter.pkl
Republic of Korea,February,0.7496005817785347,1.1338829862005937,0.4,0.9,pickled_models\Prophet_Republic_of_Korea_February.pkl
Republic of Korea,January,0.8591392113472255,0.9542932749991202,0.3,0.85,pickled_models\Prophet_Republic_of_Korea_January.pkl
Republic of Korea,July,0.7994756454939417,1.0864323849294737,0.6,0.85,pickled_models\Prophet_Republic_of_Korea_July.pkl
Republic of Korea,June,0.2492937151659494,0.3156519391353539,0.01,0.85,pickled_models\Prophet_Republic_of_Korea_June.pkl
Republic of Korea,Summer,0.5937848786181029,0.7192615643749937,0.6,0.9,pickled_models\Prophet_Republic_of_Korea_Summer.pkl
Republic of Korea,March,0.6085278237764667,0.6730567334100485,0.1,0.9,pickled_models\Prophet_Republic_of_Korea_March.pkl
Republic of Korea,Spring,0.5710746434639239,0.6354999015888095,0.01,0.9,pickled_models\Prophet_Republic_of_Korea_Spring.pkl
Republic of Korea,May,0.663555121324807,0.75621770638205,0.6,0.85,pickled_models\Prophet_Republic_of_Korea_May.pkl
Republic of Korea,Meteorological year,0.2609826314701573,0.3186599163091484,0.1,0.9,pickled_models\Prophet_Republic_of_Korea_Meteorological_year.pkl
Republic of Korea,November,0.7846650601157581,0.9005803914393795,0.3,0.9,pickled_models\Prophet_Republic_of_Korea_November.pkl
Republic of Korea,October,0.5451009535294662,0.7860642896164886,0.4,0.9,pickled_models\Prophet_Republic_of_Korea_October.pkl
Republic of Korea,September,0.3512813871411455,0.4214273002618647,0.1,0.85,pickled_models\Prophet_Republic_of_Korea_September.pkl
Republic of Korea,Autumn,0.3924827924668357,0.4402084413072211,0.6,0.9,pickled_models\Prophet_Republic_of_Korea_Autumn.pkl
Romania,April,1.392636054095135,1.8683219268149007,0.5,0.85,pickled_models\Prophet_Romania_April.pkl
Romania,August,0.6061093762984551,0.6730178790825597,0.6,0.9,pickled_models\Prophet_Romania_August.pkl
Romania,December,1.8362567955677815,2.063427676856501,0.05,0.85,pickled_models\Prophet_Romania_December.pkl
Romania,Winter,1.3014423136143862,1.4215131296538224,0.1,0.85,pickled_models\Prophet_Romania_Winter.pkl
Romania,February,1.99784250697968,2.6366449173882125,0.1,0.85,pickled_models\Prophet_Romania_February.pkl
Romania,January,1.8731476165834124,2.278193847728301,0.6,0.85,pickled_models\Prophet_Romania_January.pkl
Romania,July,0.5760682850691378,0.6519134363043839,0.05,0.85,pickled_models\Prophet_Romania_July.pkl
Romania,June,0.8232961335271008,1.0218842226465386,0.6,0.85,pickled_models\Prophet_Romania_June.pkl
Romania,Summer,0.3195947987737679,0.4939739108577005,0.3,0.9,pickled_models\Prophet_Romania_Summer.pkl
Romania,March,1.9107854135951936,2.130688415523118,0.6,0.9,pickled_models\Prophet_Romania_March.pkl
Romania,Spring,0.6321208966640391,0.7335046621392793,0.6,0.9,pickled_models\Prophet_Romania_Spring.pkl
Romania,May,1.0207467993647352,1.1600433147686493,0.3,0.9,pickled_models\Prophet_Romania_May.pkl
Romania,Meteorological year,0.4747328279962197,0.5162409508108641,0.6,0.9,pickled_models\Prophet_Romania_Meteorological_year.pkl
Romania,November,1.1106036081258683,1.5972478896329647,0.3,0.85,pickled_models\Prophet_Romania_November.pkl
Romania,October,1.1276330101438656,1.424536771817971,0.6,0.9,pickled_models\Prophet_Romania_October.pkl
Romania,September,1.396863251085012,1.5026692686823486,0.6,0.85,pickled_models\Prophet_Romania_September.pkl
Romania,Autumn,0.6987806219029321,0.9173564294915862,0.6,0.85,pickled_models\Prophet_Romania_Autumn.pkl
"Saint Helena, Ascension and Tristan da Cunha",April,0.3413784290771895,0.4665178001521548,0.01,0.85,"pickled_models\Prophet_Saint_Helena,_Ascension_and_Tristan_da_Cunha_April.pkl"
"Saint Helena, Ascension and Tristan da Cunha",August,0.3415333340995236,0.4027122765460494,0.3,0.85,"pickled_models\Prophet_Saint_Helena,_Ascension_and_Tristan_da_Cunha_August.pkl"
"Saint Helena, Ascension and Tristan da Cunha",December,0.5428012195343362,0.6234804422752598,0.6,0.85,"pickled_models\Prophet_Saint_Helena,_Ascension_and_Tristan_da_Cunha_December.pkl"
"Saint Helena, Ascension and Tristan da Cunha",Winter,0.3052977997867239,0.3882309102969045,0.1,0.9,"pickled_models\Prophet_Saint_Helena,_Ascension_and_Tristan_da_Cunha_Winter.pkl"
"Saint Helena, Ascension and Tristan da Cunha",February,0.531308353527049,0.619708409200868,0.3,0.85,"pickled_models\Prophet_Saint_Helena,_Ascension_and_Tristan_da_Cunha_February.pkl"
"Saint Helena, Ascension and Tristan da Cunha",January,0.3930125701381275,0.4723473911000043,0.01,0.9,"pickled_models\Prophet_Saint_Helena,_Ascension_and_Tristan_da_Cunha_January.pkl"
"Saint Helena, Ascension and Tristan da Cunha",July,0.7498892804636238,0.9315574161151186,0.1,0.9,"pickled_models\Prophet_Saint_Helena,_Ascension_and_Tristan_da_Cunha_July.pkl"
"Saint Helena, Ascension and Tristan da Cunha",June,0.4457349802023319,0.5399214564115724,0.5,0.85,"pickled_models\Prophet_Saint_Helena,_Ascension_and_Tristan_da_Cunha_June.pkl"
"Saint Helena, Ascension and Tristan da Cunha",Summer,0.3115775324890014,0.4631827806507446,0.6,0.9,"pickled_models\Prophet_Saint_Helena,_Ascension_and_Tristan_da_Cunha_Summer.pkl"
"Saint Helena, Ascension and Tristan da Cunha",March,0.3795669948727136,0.4030745002024474,0.1,0.9,"pickled_models\Prophet_Saint_Helena,_Ascension_and_Tristan_da_Cunha_March.pkl"
"Saint Helena, Ascension and Tristan da Cunha",Spring,0.3219796818173204,0.339043351384579,0.01,0.85,"pickled_models\Prophet_Saint_Helena,_Ascension_and_Tristan_da_Cunha_Spring.pkl"
"Saint Helena, Ascension and Tristan da Cunha",May,0.3395013522731818,0.3941384584466388,0.3,0.85,"pickled_models\Prophet_Saint_Helena,_Ascension_and_Tristan_da_Cunha_May.pkl"
"Saint Helena, Ascension and Tristan da Cunha",Meteorological year,0.1966366724065512,0.3024067535197142,0.05,0.9,"pickled_models\Prophet_Saint_Helena,_Ascension_and_Tristan_da_Cunha_Meteorological_year.pkl"
"Saint Helena, Ascension and Tristan da Cunha",November,0.6469226914859602,0.761240918464622,0.1,0.85,"pickled_models\Prophet_Saint_Helena,_Ascension_and_Tristan_da_Cunha_November.pkl"
"Saint Helena, Ascension and Tristan da Cunha",October,0.2576409554832596,0.2731907857595417,0.6,0.9,"pickled_models\Prophet_Saint_Helena,_Ascension_and_Tristan_da_Cunha_October.pkl"
"Saint Helena, Ascension and Tristan da Cunha",September,0.3985703270976001,0.4756350749130094,0.01,0.9,"pickled_models\Prophet_Saint_Helena,_Ascension_and_Tristan_da_Cunha_September.pkl"
"Saint Helena, Ascension and Tristan da Cunha",Autumn,0.2440735376974353,0.2892085191985791,0.1,0.9,"pickled_models\Prophet_Saint_Helena,_Ascension_and_Tristan_da_Cunha_Autumn.pkl"
Saint Lucia,April,0.3218270592394081,0.3949148635814508,0.1,0.9,pickled_models\Prophet_Saint_Lucia_April.pkl
Saint Lucia,August,0.1965398403664227,0.2351933248518679,0.05,0.85,pickled_models\Prophet_Saint_Lucia_August.pkl
Saint Lucia,December,0.3383686993829379,0.3632737446650198,0.6,0.85,pickled_models\Prophet_Saint_Lucia_December.pkl
Saint Lucia,Winter,0.1858470102207202,0.2230088679710914,0.3,0.9,pickled_models\Prophet_Saint_Lucia_Winter.pkl
Saint Lucia,February,0.2584625554897581,0.3666521478816044,0.6,0.85,pickled_models\Prophet_Saint_Lucia_February.pkl
Saint Lucia,January,0.1941921122564958,0.2517124541855801,0.3,0.85,pickled_models\Prophet_Saint_Lucia_January.pkl
Saint Lucia,July,0.1522487469207252,0.1917671115609129,0.6,0.9,pickled_models\Prophet_Saint_Lucia_July.pkl
Saint Lucia,June,0.1139604841313973,0.1527279967828573,0.01,0.85,pickled_models\Prophet_Saint_Lucia_June.pkl
Saint Lucia,Summer,0.0992287930145559,0.1543027030074007,0.5,0.85,pickled_models\Prophet_Saint_Lucia_Summer.pkl
Saint Lucia,March,0.1448140807529712,0.1776250430556754,0.4,0.85,pickled_models\Prophet_Saint_Lucia_March.pkl
Saint Lucia,Spring,0.1823175171293233,0.2311067111026574,0.01,0.85,pickled_models\Prophet_Saint_Lucia_Spring.pkl
Saint Lucia,May,0.2470148347643159,0.3255468953209957,0.3,0.9,pickled_models\Prophet_Saint_Lucia_May.pkl
Saint Lucia,Meteorological year,0.1400306102206046,0.1704744289336001,0.3,0.9,pickled_models\Prophet_Saint_Lucia_Meteorological_year.pkl
Saint Lucia,November,0.0426735101281265,0.0503190296501602,0.3,0.85,pickled_models\Prophet_Saint_Lucia_November.pkl
Saint Lucia,October,0.2552295088918234,0.3675320463450253,0.5,0.9,pickled_models\Prophet_Saint_Lucia_October.pkl
Saint Lucia,September,0.182733065018284,0.2490622131766006,0.05,0.85,pickled_models\Prophet_Saint_Lucia_September.pkl
Saint Lucia,Autumn,0.1372017428119954,0.1852936943927252,0.3,0.9,pickled_models\Prophet_Saint_Lucia_Autumn.pkl
Saint Pierre and Miquelon,April,1.0242993719571762,1.1692971772652168,0.05,0.85,pickled_models\Prophet_Saint_Pierre_and_Miquelon_April.pkl
Saint Pierre and Miquelon,August,0.5983783251642107,0.6804188868801968,0.3,0.85,pickled_models\Prophet_Saint_Pierre_and_Miquelon_August.pkl
Saint Pierre and Miquelon,December,0.711127917776754,0.896964075904948,0.3,0.85,pickled_models\Prophet_Saint_Pierre_and_Miquelon_December.pkl
Saint Pierre and Miquelon,Winter,0.7996033517932339,0.9355691760358612,0.1,0.85,pickled_models\Prophet_Saint_Pierre_and_Miquelon_Winter.pkl
Saint Pierre and Miquelon,February,1.452168457322504,1.5749592396124743,0.5,0.9,pickled_models\Prophet_Saint_Pierre_and_Miquelon_February.pkl
Saint Pierre and Miquelon,January,0.4636824609235166,0.5808126275721572,0.5,0.85,pickled_models\Prophet_Saint_Pierre_and_Miquelon_January.pkl
Saint Pierre and Miquelon,July,0.726168564855533,0.8770926116933551,0.01,0.85,pickled_models\Prophet_Saint_Pierre_and_Miquelon_July.pkl
Saint Pierre and Miquelon,June,0.864642274181428,1.098961009168659,0.05,0.85,pickled_models\Prophet_Saint_Pierre_and_Miquelon_June.pkl
Saint Pierre and Miquelon,Summer,0.5603100677369648,0.6185524502758518,0.1,0.9,pickled_models\Prophet_Saint_Pierre_and_Miquelon_Summer.pkl
Saint Pierre and Miquelon,March,1.7286084745855048,2.089930135013335,0.1,0.9,pickled_models\Prophet_Saint_Pierre_and_Miquelon_March.pkl
Saint Pierre and Miquelon,Spring,0.9508593542141952,1.1032275591607916,0.05,0.9,pickled_models\Prophet_Saint_Pierre_and_Miquelon_Spring.pkl
Saint Pierre and Miquelon,May,0.8477395691315062,0.9813532691957928,0.1,0.9,pickled_models\Prophet_Saint_Pierre_and_Miquelon_May.pkl
Saint Pierre and Miquelon,Meteorological year,0.3438252294550925,0.4111250734474709,0.01,0.9,pickled_models\Prophet_Saint_Pierre_and_Miquelon_Meteorological_year.pkl
Saint Pierre and Miquelon,November,0.9169547379766272,1.106547314860883,0.3,0.85,pickled_models\Prophet_Saint_Pierre_and_Miquelon_November.pkl
Saint Pierre and Miquelon,October,0.6574756421349832,0.8726144900263175,0.01,0.85,pickled_models\Prophet_Saint_Pierre_and_Miquelon_October.pkl
Saint Pierre and Miquelon,September,0.7203260047861152,0.847627860376026,0.01,0.9,pickled_models\Prophet_Saint_Pierre_and_Miquelon_September.pkl
Saint Pierre and Miquelon,Autumn,0.5463096353372499,0.605543619032231,0.1,0.85,pickled_models\Prophet_Saint_Pierre_and_Miquelon_Autumn.pkl
Saint Vincent and the Grenadines,April,0.3394262994140188,0.4439534450694419,0.05,0.9,pickled_models\Prophet_Saint_Vincent_and_the_Grenadines_April.pkl
Saint Vincent and the Grenadines,August,0.2126857214122058,0.2440850497963024,0.05,0.85,pickled_models\Prophet_Saint_Vincent_and_the_Grenadines_August.pkl
Saint Vincent and the Grenadines,December,0.2652446962593269,0.3521783102957079,0.6,0.85,pickled_models\Prophet_Saint_Vincent_and_the_Grenadines_December.pkl
Saint Vincent and the Grenadines,Winter,0.1688415897275907,0.2070815523659467,0.01,0.9,pickled_models\Prophet_Saint_Vincent_and_the_Grenadines_Winter.pkl
Saint Vincent and the Grenadines,February,0.2468028064597085,0.2915200877966001,0.3,0.9,pickled_models\Prophet_Saint_Vincent_and_the_Grenadines_February.pkl
Saint Vincent and the Grenadines,January,0.2241697394774518,0.285123965674569,0.01,0.85,pickled_models\Prophet_Saint_Vincent_and_the_Grenadines_January.pkl
Saint Vincent and the Grenadines,July,0.2139828895539756,0.2721642598274016,0.01,0.85,pickled_models\Prophet_Saint_Vincent_and_the_Grenadines_July.pkl
Saint Vincent and the Grenadines,June,0.1182752812626373,0.1910186809703102,0.3,0.9,pickled_models\Prophet_Saint_Vincent_and_the_Grenadines_June.pkl
Saint Vincent and the Grenadines,Summer,0.1174395403820282,0.1984852520574479,0.3,0.9,pickled_models\Prophet_Saint_Vincent_and_the_Grenadines_Summer.pkl
Saint Vincent and the Grenadines,March,0.1253446170835392,0.1511508170972901,0.05,0.9,pickled_models\Prophet_Saint_Vincent_and_the_Grenadines_March.pkl
Saint Vincent and the Grenadines,Spring,0.1788806399701819,0.230994536930832,0.1,0.85,pickled_models\Prophet_Saint_Vincent_and_the_Grenadines_Spring.pkl
Saint Vincent and the Grenadines,May,0.2692626888855629,0.3820260089040248,0.01,0.85,pickled_models\Prophet_Saint_Vincent_and_the_Grenadines_May.pkl
Saint Vincent and the Grenadines,Meteorological year,0.1239569359016584,0.1521157550110183,0.05,0.85,pickled_models\Prophet_Saint_Vincent_and_the_Grenadines_Meteorological_year.pkl
Saint Vincent and the Grenadines,November,0.1263305869460449,0.1372818779396779,0.05,0.9,pickled_models\Prophet_Saint_Vincent_and_the_Grenadines_November.pkl
Saint Vincent and the Grenadines,October,0.2519964545049202,0.3229570252850322,0.3,0.9,pickled_models\Prophet_Saint_Vincent_and_the_Grenadines_October.pkl
Saint Vincent and the Grenadines,September,0.2790586214918696,0.3017264261593103,0.1,0.9,pickled_models\Prophet_Saint_Vincent_and_the_Grenadines_September.pkl
Saint Vincent and the Grenadines,Autumn,0.1529470680428709,0.1996959447505894,0.1,0.85,pickled_models\Prophet_Saint_Vincent_and_the_Grenadines_Autumn.pkl
San Marino,April,0.8785036045258318,1.137111520140891,0.3,0.9,pickled_models\Prophet_San_Marino_April.pkl
San Marino,August,0.7967955360672799,1.0695801241777054,0.4,0.85,pickled_models\Prophet_San_Marino_August.pkl
San Marino,December,0.7087379316066751,0.9128175830376498,0.5,0.9,pickled_models\Prophet_San_Marino_December.pkl
San Marino,Winter,0.7752013316455976,1.1265649565748297,0.1,0.9,pickled_models\Prophet_San_Marino_Winter.pkl
San Marino,February,2.0849456409402767,2.320514198649379,0.3,0.9,pickled_models\Prophet_San_Marino_February.pkl
San Marino,January,1.7829261620811996,1.9427157240401045,0.1,0.9,pickled_models\Prophet_San_Marino_January.pkl
San Marino,July,1.0241083198663254,1.4920891555644873,0.6,0.85,pickled_models\Prophet_San_Marino_July.pkl
San Marino,June,0.8685565899121702,1.1609574942982914,0.01,0.9,pickled_models\Prophet_San_Marino_June.pkl
San Marino,Summer,0.8104394350006051,0.9942936234209554,0.5,0.9,pickled_models\Prophet_San_Marino_Summer.pkl
San Marino,March,0.8354131530970492,0.918582005013903,0.3,0.85,pickled_models\Prophet_San_Marino_March.pkl
San Marino,Spring,0.3545712264479793,0.5153601699483817,0.4,0.85,pickled_models\Prophet_San_Marino_Spring.pkl
San Marino,May,1.2559866628405163,1.6938284972172264,0.01,0.85,pickled_models\Prophet_San_Marino_May.pkl
San Marino,Meteorological year,0.1522432411622823,0.1818365055232425,0.6,0.9,pickled_models\Prophet_San_Marino_Meteorological_year.pkl
San Marino,November,0.7393923132333184,1.0251563934450811,0.6,0.9,pickled_models\Prophet_San_Marino_November.pkl
San Marino,October,0.7296062854798196,0.796854278734721,0.6,0.9,pickled_models\Prophet_San_Marino_October.pkl
San Marino,September,0.8463686589290793,0.8715487208442705,0.3,0.85,pickled_models\Prophet_San_Marino_September.pkl
San Marino,Autumn,0.5485982493475565,0.623928469880828,0.6,0.9,pickled_models\Prophet_San_Marino_Autumn.pkl
Saudi Arabia,April,0.8383911822575053,1.0553045496498212,0.1,0.9,pickled_models\Prophet_Saudi_Arabia_April.pkl
Saudi Arabia,August,0.5904003695176663,0.67084677593172,0.4,0.9,pickled_models\Prophet_Saudi_Arabia_August.pkl
Saudi Arabia,December,0.9182984374475898,1.016222817008723,0.01,0.9,pickled_models\Prophet_Saudi_Arabia_December.pkl
Saudi Arabia,Winter,0.5208279072948852,0.620556046153665,0.6,0.85,pickled_models\Prophet_Saudi_Arabia_Winter.pkl
Saudi Arabia,February,0.9701042885045448,1.2356898951925457,0.4,0.85,pickled_models\Prophet_Saudi_Arabia_February.pkl
Saudi Arabia,January,0.759682302584694,0.974732613648782,0.6,0.9,pickled_models\Prophet_Saudi_Arabia_January.pkl
Saudi Arabia,July,0.49297855301893,0.6404035712184135,0.3,0.85,pickled_models\Prophet_Saudi_Arabia_July.pkl
Saudi Arabia,June,0.418120759152291,0.5265659872617467,0.6,0.85,pickled_models\Prophet_Saudi_Arabia_June.pkl
Saudi Arabia,Summer,0.3504939333362394,0.4059625230346497,0.3,0.85,pickled_models\Prophet_Saudi_Arabia_Summer.pkl
Saudi Arabia,March,1.146213185470229,1.507629133823901,0.5,0.9,pickled_models\Prophet_Saudi_Arabia_March.pkl
Saudi Arabia,Spring,0.5900941415850638,0.7061763503710728,0.6,0.85,pickled_models\Prophet_Saudi_Arabia_Spring.pkl
Saudi Arabia,May,0.3595673035425134,0.4437714177132059,0.01,0.85,pickled_models\Prophet_Saudi_Arabia_May.pkl
Saudi Arabia,Meteorological year,0.1953417256469873,0.2439688272655643,0.5,0.9,pickled_models\Prophet_Saudi_Arabia_Meteorological_year.pkl
Saudi Arabia,November,0.5866009434533311,0.6585755344328047,0.6,0.9,pickled_models\Prophet_Saudi_Arabia_November.pkl
Saudi Arabia,October,0.6411619612594688,0.9404641558944936,0.6,0.85,pickled_models\Prophet_Saudi_Arabia_October.pkl
Saudi Arabia,September,0.7314838919353307,0.8311852963336922,0.6,0.85,pickled_models\Prophet_Saudi_Arabia_September.pkl
Saudi Arabia,Autumn,0.5608030543200172,0.7145824784913727,0.6,0.9,pickled_models\Prophet_Saudi_Arabia_Autumn.pkl
Senegal,April,0.396724242733314,0.4517810711276567,0.6,0.9,pickled_models\Prophet_Senegal_April.pkl
Senegal,August,0.2769518824786838,0.3272125599322463,0.01,0.9,pickled_models\Prophet_Senegal_August.pkl
Senegal,December,0.495184893738898,0.5774079203860706,0.4,0.9,pickled_models\Prophet_Senegal_December.pkl
Senegal,Winter,0.4858680900836097,0.5881835245026071,0.4,0.85,pickled_models\Prophet_Senegal_Winter.pkl
Senegal,February,0.6374129900226174,0.8458871197461835,0.6,0.9,pickled_models\Prophet_Senegal_February.pkl
Senegal,January,0.459670853366604,0.72980924085226,0.6,0.85,pickled_models\Prophet_Senegal_January.pkl
Senegal,July,0.36273546853035,0.442924868936647,0.05,0.85,pickled_models\Prophet_Senegal_July.pkl
Senegal,June,0.4139521644470095,0.4633892647935517,0.05,0.85,pickled_models\Prophet_Senegal_June.pkl
Senegal,Summer,0.2789663132225038,0.3472961425456324,0.1,0.85,pickled_models\Prophet_Senegal_Summer.pkl
Senegal,March,0.9880242514825718,1.1428064039224168,0.6,0.9,pickled_models\Prophet_Senegal_March.pkl
Senegal,Spring,0.5051011468716406,0.5426778649497096,0.6,0.9,pickled_models\Prophet_Senegal_Spring.pkl
Senegal,May,0.3975196474275496,0.5461660561555436,0.6,0.85,pickled_models\Prophet_Senegal_May.pkl
Senegal,Meteorological year,0.237912306555281,0.2695557315064379,0.3,0.85,pickled_models\Prophet_Senegal_Meteorological_year.pkl
Senegal,November,0.2884027542207962,0.3406326821938305,0.01,0.85,pickled_models\Prophet_Senegal_November.pkl
Senegal,October,0.3490363755711081,0.4451644156294096,0.05,0.85,pickled_models\Prophet_Senegal_October.pkl
Senegal,September,0.3331202620945047,0.4715503470754518,0.01,0.9,pickled_models\Prophet_Senegal_September.pkl
Senegal,Autumn,0.2442262184552078,0.3256541008957217,0.1,0.85,pickled_models\Prophet_Senegal_Autumn.pkl
Seychelles,April,0.3557306762618775,0.4340625318711735,0.6,0.85,pickled_models\Prophet_Seychelles_April.pkl
Seychelles,August,0.3756951980425903,0.423471804803522,0.6,0.85,pickled_models\Prophet_Seychelles_August.pkl
Seychelles,December,0.3388555498141865,0.4148655491122769,0.6,0.9,pickled_models\Prophet_Seychelles_December.pkl
Seychelles,Winter,0.1619650917877075,0.2427541972321701,0.6,0.85,pickled_models\Prophet_Seychelles_Winter.pkl
Seychelles,February,0.2046687668074208,0.2427478085009613,0.01,0.85,pickled_models\Prophet_Seychelles_February.pkl
Seychelles,January,0.3254168976509469,0.3589246117454184,0.6,0.9,pickled_models\Prophet_Seychelles_January.pkl
Seychelles,July,0.3693654669387076,0.4640932789501959,0.6,0.9,pickled_models\Prophet_Seychelles_July.pkl
Seychelles,June,0.4331863342827853,0.5192401977595253,0.6,0.85,pickled_models\Prophet_Seychelles_June.pkl
Seychelles,Summer,0.3840087769988988,0.4552187329728472,0.6,0.85,pickled_models\Prophet_Seychelles_Summer.pkl
Seychelles,March,0.3360788244486178,0.4587973818942847,0.05,0.9,pickled_models\Prophet_Seychelles_March.pkl
Seychelles,Spring,0.3285489597667792,0.3914940046360855,0.6,0.9,pickled_models\Prophet_Seychelles_Spring.pkl
Seychelles,May,0.2914243236975172,0.3738876513298705,0.6,0.9,pickled_models\Prophet_Seychelles_May.pkl
Seychelles,Meteorological year,0.3217225745974119,0.3620957196809301,0.05,0.85,pickled_models\Prophet_Seychelles_Meteorological_year.pkl
Seychelles,November,0.3703771625969405,0.4124680153175077,0.6,0.9,pickled_models\Prophet_Seychelles_November.pkl
Seychelles,October,0.540832278915007,0.5728740291536585,0.01,0.9,pickled_models\Prophet_Seychelles_October.pkl
Seychelles,September,0.3541545079488888,0.429086254373324,0.6,0.9,pickled_models\Prophet_Seychelles_September.pkl
Seychelles,Autumn,0.4318125340395189,0.4732921842409334,0.6,0.85,pickled_models\Prophet_Seychelles_Autumn.pkl
Small Island Developing States,April,0.222668335553727,0.2555361325189916,0.6,0.9,pickled_models\Prophet_Small_Island_Developing_States_April.pkl
Small Island Developing States,August,0.2644040373620229,0.3399438912275322,0.6,0.85,pickled_models\Prophet_Small_Island_Developing_States_August.pkl
Small Island Developing States,December,0.1692100308220902,0.2018701612467447,0.01,0.85,pickled_models\Prophet_Small_Island_Developing_States_December.pkl
Small Island Developing States,Winter,0.1417655016005483,0.1969472096384908,0.5,0.9,pickled_models\Prophet_Small_Island_Developing_States_Winter.pkl
Small Island Developing States,February,0.1946043419189457,0.2267443372464967,0.6,0.85,pickled_models\Prophet_Small_Island_Developing_States_February.pkl
Small Island Developing States,January,0.2092221214171481,0.2532433510586264,0.6,0.9,pickled_models\Prophet_Small_Island_Developing_States_January.pkl
Small Island Developing States,July,0.2890270451501006,0.3849944756363124,0.6,0.9,pickled_models\Prophet_Small_Island_Developing_States_July.pkl
Small Island Developing States,June,0.2396528391469846,0.2865110353536119,0.05,0.9,pickled_models\Prophet_Small_Island_Developing_States_June.pkl
Small Island Developing States,Summer,0.220527704477736,0.3199141749180709,0.01,0.85,pickled_models\Prophet_Small_Island_Developing_States_Summer.pkl
Small Island Developing States,March,0.3285409399079582,0.4231970713318753,0.3,0.85,pickled_models\Prophet_Small_Island_Developing_States_March.pkl
Small Island Developing States,Spring,0.2599362571791461,0.339757190371753,0.6,0.9,pickled_models\Prophet_Small_Island_Developing_States_Spring.pkl
Small Island Developing States,May,0.2613427509358969,0.3815434790710535,0.01,0.9,pickled_models\Prophet_Small_Island_Developing_States_May.pkl
Small Island Developing States,Meteorological year,0.144636975136873,0.24026443068978,0.1,0.9,pickled_models\Prophet_Small_Island_Developing_States_Meteorological_year.pkl
Small Island Developing States,November,0.202974248131616,0.249291784675819,0.1,0.85,pickled_models\Prophet_Small_Island_Developing_States_November.pkl
Small Island Developing States,October,0.141396643070469,0.1834207360912792,0.05,0.85,pickled_models\Prophet_Small_Island_Developing_States_October.pkl
Small Island Developing States,September,0.3133144561621155,0.3471242381862089,0.1,0.9,pickled_models\Prophet_Small_Island_Developing_States_September.pkl
Small Island Developing States,Autumn,0.179318634839384,0.214453523880105,0.01,0.9,pickled_models\Prophet_Small_Island_Developing_States_Autumn.pkl
South Africa,April,0.5434033619547386,0.6091230250622709,0.3,0.9,pickled_models\Prophet_South_Africa_April.pkl
South Africa,August,0.7884469716585306,0.906451981410875,0.3,0.85,pickled_models\Prophet_South_Africa_August.pkl
South Africa,December,0.9143052122669812,1.2136277140122576,0.1,0.85,pickled_models\Prophet_South_Africa_December.pkl
South Africa,Winter,0.4001984681974347,0.6168548171398499,0.6,0.9,pickled_models\Prophet_South_Africa_Winter.pkl
South Africa,February,0.3572192901342741,0.4563635090429424,0.6,0.85,pickled_models\Prophet_South_Africa_February.pkl
South Africa,January,0.659902423035772,0.733015000553862,0.01,0.9,pickled_models\Prophet_South_Africa_January.pkl
South Africa,July,0.5800878532182452,0.7082185809939846,0.1,0.85,pickled_models\Prophet_South_Africa_July.pkl
South Africa,June,0.6472362991436794,0.7140311387545925,0.4,0.9,pickled_models\Prophet_South_Africa_June.pkl
South Africa,Summer,0.5009454730030924,0.5984775783637754,0.5,0.9,pickled_models\Prophet_South_Africa_Summer.pkl
South Africa,March,0.4154573703126878,0.4956741510747915,0.6,0.85,pickled_models\Prophet_South_Africa_March.pkl
South Africa,Spring,0.4755124534989645,0.5416180370193631,0.4,0.9,pickled_models\Prophet_South_Africa_Spring.pkl
South Africa,May,0.6895069665577824,0.8427377071651834,0.3,0.9,pickled_models\Prophet_South_Africa_May.pkl
South Africa,Meteorological year,0.3989880541901298,0.5006473911254765,0.6,0.9,pickled_models\Prophet_South_Africa_Meteorological_year.pkl
South Africa,November,0.6186719931609389,0.7385455266990895,0.6,0.85,pickled_models\Prophet_South_Africa_November.pkl
South Africa,October,0.817585004674835,1.0851753992604405,0.6,0.9,pickled_models\Prophet_South_Africa_October.pkl
South Africa,September,0.8294060067026628,0.918693388893094,0.6,0.85,pickled_models\Prophet_South_Africa_September.pkl
South Africa,Autumn,0.4401137908495523,0.5791947557580581,0.6,0.9,pickled_models\Prophet_South_Africa_Autumn.pkl
South America,April,0.3082431656247216,0.3468790844678742,0.01,0.9,pickled_models\Prophet_South_America_April.pkl
South America,August,0.6096310931934502,0.7079910901683839,0.6,0.9,pickled_models\Prophet_South_America_August.pkl
South America,December,0.2200140495388786,0.2849225456969169,0.6,0.85,pickled_models\Prophet_South_America_December.pkl
South America,Winter,0.1793366957922794,0.3060036298439705,0.6,0.9,pickled_models\Prophet_South_America_Winter.pkl
South America,February,0.2630288141263711,0.4060390218757612,0.6,0.85,pickled_models\Prophet_South_America_February.pkl
South America,January,0.2260855490564629,0.2920812232525977,0.6,0.9,pickled_models\Prophet_South_America_January.pkl
South America,July,0.3515117799232058,0.4444111335493487,0.1,0.9,pickled_models\Prophet_South_America_July.pkl
South America,June,0.566380552609023,0.6054406001902417,0.6,0.9,pickled_models\Prophet_South_America_June.pkl
South America,Summer,0.4341577831065386,0.4922365028331341,0.6,0.85,pickled_models\Prophet_South_America_Summer.pkl
South America,March,0.1902993503492028,0.2515982268409639,0.5,0.9,pickled_models\Prophet_South_America_March.pkl
South America,Spring,0.2612275975684455,0.2853344403643513,0.05,0.9,pickled_models\Prophet_South_America_Spring.pkl
South America,May,0.455087080107636,0.5274663396688914,0.1,0.85,pickled_models\Prophet_South_America_May.pkl
South America,Meteorological year,0.2339115910560782,0.2719007128923355,0.6,0.9,pickled_models\Prophet_South_America_Meteorological_year.pkl
South America,November,0.2285739928551693,0.3219276227628194,0.6,0.9,pickled_models\Prophet_South_America_November.pkl
South America,October,0.1713232714875353,0.2515741548972736,0.6,0.85,pickled_models\Prophet_South_America_October.pkl
South America,September,0.4780540020292156,0.5097646834096865,0.6,0.85,pickled_models\Prophet_South_America_September.pkl
South America,Autumn,0.2718836302895407,0.3066112400987226,0.6,0.85,pickled_models\Prophet_South_America_Autumn.pkl
South-Eastern Asia,April,0.4495876232112752,0.6231395137593151,0.6,0.85,pickled_models\Prophet_South-Eastern_Asia_April.pkl
South-Eastern Asia,August,0.2688578404395568,0.326972334908113,0.05,0.9,pickled_models\Prophet_South-Eastern_Asia_August.pkl
South-Eastern Asia,December,0.5039869243891065,0.6100424724471781,0.6,0.9,pickled_models\Prophet_South-Eastern_Asia_December.pkl
South-Eastern Asia,Winter,0.3962877903644854,0.4398180057202915,0.6,0.85,pickled_models\Prophet_South-Eastern_Asia_Winter.pkl
South-Eastern Asia,February,0.2929328226441816,0.3549020950617499,0.01,0.85,pickled_models\Prophet_South-Eastern_Asia_February.pkl
South-Eastern Asia,January,0.4893215081188261,0.5248374903567151,0.1,0.85,pickled_models\Prophet_South-Eastern_Asia_January.pkl
South-Eastern Asia,July,0.2124868771048969,0.2532166284801879,0.1,0.9,pickled_models\Prophet_South-Eastern_Asia_July.pkl
South-Eastern Asia,June,0.2902760640468591,0.3283630724894281,0.05,0.85,pickled_models\Prophet_South-Eastern_Asia_June.pkl
South-Eastern Asia,Summer,0.2248171630404527,0.2775164523329634,0.05,0.9,pickled_models\Prophet_South-Eastern_Asia_Summer.pkl
South-Eastern Asia,March,0.3085843261674713,0.3915628050789015,0.3,0.85,pickled_models\Prophet_South-Eastern_Asia_March.pkl
South-Eastern Asia,Spring,0.3973991095121498,0.5276554715060058,0.6,0.9,pickled_models\Prophet_South-Eastern_Asia_Spring.pkl
South-Eastern Asia,May,0.5450696727812613,0.6302932650876242,0.1,0.85,pickled_models\Prophet_South-Eastern_Asia_May.pkl
South-Eastern Asia,Meteorological year,0.2909664155052452,0.3630355465173848,0.6,0.85,pickled_models\Prophet_South-Eastern_Asia_Meteorological_year.pkl
South-Eastern Asia,November,0.4758584757926669,0.5157817975498878,0.6,0.85,pickled_models\Prophet_South-Eastern_Asia_November.pkl
South-Eastern Asia,October,0.2669471787458056,0.3023403030399539,0.6,0.9,pickled_models\Prophet_South-Eastern_Asia_October.pkl
South-Eastern Asia,September,0.3040071740403887,0.3569496413787019,0.6,0.9,pickled_models\Prophet_South-Eastern_Asia_September.pkl
South-Eastern Asia,Autumn,0.3223943088743655,0.353589356029783,0.6,0.9,pickled_models\Prophet_South-Eastern_Asia_Autumn.pkl
Southern Africa,April,0.556929090051451,0.6870536389198906,0.3,0.85,pickled_models\Prophet_Southern_Africa_April.pkl
Southern Africa,August,0.7642219813622174,0.8604842487459252,0.01,0.85,pickled_models\Prophet_Southern_Africa_August.pkl
Southern Africa,December,0.831762948801062,1.1567537244515558,0.3,0.9,pickled_models\Prophet_Southern_Africa_December.pkl
Southern Africa,Winter,0.5256304752191342,0.7537609115964422,0.01,0.9,pickled_models\Prophet_Southern_Africa_Winter.pkl
Southern Africa,February,0.5759943326664562,0.659628621242091,0.6,0.9,pickled_models\Prophet_Southern_Africa_February.pkl
Southern Africa,January,0.8400288372967467,0.8834481615200246,0.1,0.9,pickled_models\Prophet_Southern_Africa_January.pkl
Southern Africa,July,0.5906748992964707,0.7064533980540671,0.3,0.9,pickled_models\Prophet_Southern_Africa_July.pkl
Southern Africa,June,0.4763497870218234,0.5356238254282041,0.3,0.85,pickled_models\Prophet_Southern_Africa_June.pkl
Southern Africa,Summer,0.521077327183638,0.5887730159103476,0.4,0.85,pickled_models\Prophet_Southern_Africa_Summer.pkl
Southern Africa,March,0.7498013566581846,0.8668989838360528,0.01,0.85,pickled_models\Prophet_Southern_Africa_March.pkl
Southern Africa,Spring,0.5135391501788721,0.6378011775988647,0.05,0.9,pickled_models\Prophet_Southern_Africa_Spring.pkl
Southern Africa,May,0.4979230471446472,0.6796466668127136,0.1,0.85,pickled_models\Prophet_Southern_Africa_May.pkl
Southern Africa,Meteorological year,0.4899232542651087,0.604287051488881,0.6,0.9,pickled_models\Prophet_Southern_Africa_Meteorological_year.pkl
Southern Africa,November,0.809177319360975,0.9957801614037508,0.4,0.9,pickled_models\Prophet_Southern_Africa_November.pkl
Southern Africa,October,0.8034033277339369,0.9727137330948792,0.6,0.9,pickled_models\Prophet_Southern_Africa_October.pkl
Southern Africa,September,0.6760771371077833,0.7766960493963168,0.6,0.9,pickled_models\Prophet_Southern_Africa_September.pkl
Southern Africa,Autumn,0.5170162771090188,0.6261587965988084,0.6,0.85,pickled_models\Prophet_Southern_Africa_Autumn.pkl
Southern Asia,April,0.294767808381451,0.3617105948120193,0.05,0.85,pickled_models\Prophet_Southern_Asia_April.pkl
Southern Asia,August,0.0701044841161471,0.0943651069392977,0.5,0.9,pickled_models\Prophet_Southern_Asia_August.pkl
Southern Asia,December,0.3606472641585292,0.4986682123859792,0.01,0.85,pickled_models\Prophet_Southern_Asia_December.pkl
Southern Asia,Winter,0.4914866209316329,0.5610482409397671,0.05,0.9,pickled_models\Prophet_Southern_Asia_Winter.pkl
Southern Asia,February,0.9171040246374744,1.056504022281429,0.1,0.85,pickled_models\Prophet_Southern_Asia_February.pkl
Southern Asia,January,0.5492591769416949,0.6482145134758265,0.5,0.9,pickled_models\Prophet_Southern_Asia_January.pkl
Southern Asia,July,0.1949290155616302,0.2204007455242504,0.6,0.9,pickled_models\Prophet_Southern_Asia_July.pkl
Southern Asia,June,0.4125976391232472,0.4956844323407758,0.6,0.85,pickled_models\Prophet_Southern_Asia_June.pkl
Southern Asia,Summer,0.1669604937392893,0.2164237914464446,0.6,0.85,pickled_models\Prophet_Southern_Asia_Summer.pkl
Southern Asia,March,0.895795008542656,1.0279955046339326,0.1,0.85,pickled_models\Prophet_Southern_Asia_March.pkl
Southern Asia,Spring,0.4393935257563064,0.5520219054535318,0.6,0.85,pickled_models\Prophet_Southern_Asia_Spring.pkl
Southern Asia,May,0.3903216058655332,0.4341625027581181,0.05,0.85,pickled_models\Prophet_Southern_Asia_May.pkl
Southern Asia,Meteorological year,0.1833079302445222,0.2121677201332638,0.6,0.9,pickled_models\Prophet_Southern_Asia_Meteorological_year.pkl
Southern Asia,November,0.3624874152139611,0.4918854787289793,0.6,0.85,pickled_models\Prophet_Southern_Asia_November.pkl
Southern Asia,October,0.2921286410232384,0.4410085643007893,0.3,0.9,pickled_models\Prophet_Southern_Asia_October.pkl
Southern Asia,September,0.1443995367505352,0.1726041104066271,0.6,0.85,pickled_models\Prophet_Southern_Asia_September.pkl
Southern Asia,Autumn,0.1658150894899976,0.1986825604081136,0.01,0.85,pickled_models\Prophet_Southern_Asia_Autumn.pkl
Southern Europe,April,0.5187234718297102,0.6391015701890599,0.6,0.85,pickled_models\Prophet_Southern_Europe_April.pkl
Southern Europe,August,0.4115457255495323,0.547808832723263,0.4,0.85,pickled_models\Prophet_Southern_Europe_August.pkl
Southern Europe,December,0.8279322708150044,1.1890272183156547,0.05,0.85,pickled_models\Prophet_Southern_Europe_December.pkl
Southern Europe,Winter,0.5328671410337398,0.821360837990632,0.1,0.85,pickled_models\Prophet_Southern_Europe_Winter.pkl
Southern Europe,February,1.4256312351682248,1.5527732665316525,0.1,0.85,pickled_models\Prophet_Southern_Europe_February.pkl
Southern Europe,January,1.2809047266204463,1.4627833982575873,0.6,0.9,pickled_models\Prophet_Southern_Europe_January.pkl
Southern Europe,July,0.6701984658519828,0.8858700962929069,0.3,0.85,pickled_models\Prophet_Southern_Europe_July.pkl
Southern Europe,June,0.5033267311055011,0.6962221078373749,0.01,0.9,pickled_models\Prophet_Southern_Europe_June.pkl
Southern Europe,Summer,0.4256448371915975,0.5531193648863658,0.4,0.9,pickled_models\Prophet_Southern_Europe_Summer.pkl
Southern Europe,March,0.696255810652746,0.7489589178644438,0.3,0.85,pickled_models\Prophet_Southern_Europe_March.pkl
Southern Europe,Spring,0.2955857688439717,0.3901613356858072,0.6,0.9,pickled_models\Prophet_Southern_Europe_Spring.pkl
Southern Europe,May,0.848852520820354,1.020813317044677,0.5,0.9,pickled_models\Prophet_Southern_Europe_May.pkl
Southern Europe,Meteorological year,0.1653233456446258,0.1784238766621137,0.5,0.9,pickled_models\Prophet_Southern_Europe_Meteorological_year.pkl
Southern Europe,November,0.7679166995976833,0.9099511154116314,0.6,0.85,pickled_models\Prophet_Southern_Europe_November.pkl
Southern Europe,October,0.4896836150317998,0.5854747798612296,0.6,0.9,pickled_models\Prophet_Southern_Europe_October.pkl
Southern Europe,September,0.6323707369427622,0.7634282938122354,0.4,0.9,pickled_models\Prophet_Southern_Europe_September.pkl
Southern Europe,Autumn,0.4575673643399727,0.5372967933195771,0.6,0.9,pickled_models\Prophet_Southern_Europe_Autumn.pkl
Spain,April,0.838897204704792,0.989612378267098,0.01,0.9,pickled_models\Prophet_Spain_April.pkl
Spain,August,0.3545895087003052,0.4299265090869801,0.4,0.85,pickled_models\Prophet_Spain_August.pkl
Spain,December,1.3438252841570073,1.7233002497087575,0.05,0.85,pickled_models\Prophet_Spain_December.pkl
Spain,Winter,0.6178527705725558,0.7550317186308865,0.01,0.85,pickled_models\Prophet_Spain_Winter.pkl
Spain,February,1.0004631374189947,1.1363153972583226,0.4,0.9,pickled_models\Prophet_Spain_February.pkl
Spain,January,0.9627029914905348,1.0888069594465888,0.1,0.9,pickled_models\Prophet_Spain_January.pkl
Spain,July,0.7198044641432472,0.9047590845310746,0.6,0.85,pickled_models\Prophet_Spain_July.pkl
Spain,June,0.8087212489272696,0.96479369998899,0.05,0.85,pickled_models\Prophet_Spain_June.pkl
Spain,Summer,0.5021183853126825,0.5505962956467784,0.01,0.9,pickled_models\Prophet_Spain_Summer.pkl
Spain,March,0.6106719149023592,0.727711428194672,0.6,0.85,pickled_models\Prophet_Spain_March.pkl
Spain,Spring,0.6584876510386872,0.7214842156383653,0.6,0.9,pickled_models\Prophet_Spain_Spring.pkl
Spain,May,0.7938526257095845,1.005312556714475,0.01,0.9,pickled_models\Prophet_Spain_May.pkl
Spain,Meteorological year,0.2587595776881,0.3026289323307059,0.4,0.85,pickled_models\Prophet_Spain_Meteorological_year.pkl
Spain,November,0.5218400308203801,0.7226903432501073,0.6,0.9,pickled_models\Prophet_Spain_November.pkl
Spain,October,0.8514597890332243,1.0664617696443586,0.6,0.9,pickled_models\Prophet_Spain_October.pkl
Spain,September,0.8154130959712301,0.943508668867546,0.1,0.85,pickled_models\Prophet_Spain_September.pkl
Spain,Autumn,0.4145981632389063,0.5797732166099867,0.4,0.9,pickled_models\Prophet_Spain_Autumn.pkl
Sri Lanka,April,0.3602774695425732,0.4895163880113514,0.01,0.85,pickled_models\Prophet_Sri_Lanka_April.pkl
Sri Lanka,August,0.2433326154888039,0.2633653579193489,0.1,0.9,pickled_models\Prophet_Sri_Lanka_August.pkl
Sri Lanka,December,0.3115171025716468,0.3476244465151513,0.01,0.85,pickled_models\Prophet_Sri_Lanka_December.pkl
Sri Lanka,Winter,0.2806881822764128,0.338234536402439,0.5,0.9,pickled_models\Prophet_Sri_Lanka_Winter.pkl
Sri Lanka,February,0.4756735594064686,0.5470199464428761,0.05,0.9,pickled_models\Prophet_Sri_Lanka_February.pkl
Sri Lanka,January,0.1975890873191758,0.2723317227083053,0.6,0.9,pickled_models\Prophet_Sri_Lanka_January.pkl
Sri Lanka,July,0.4209158113126554,0.4822779144170251,0.01,0.9,pickled_models\Prophet_Sri_Lanka_July.pkl
Sri Lanka,June,0.3727989105689482,0.473470192986721,0.05,0.85,pickled_models\Prophet_Sri_Lanka_June.pkl
Sri Lanka,Summer,0.2906302734714535,0.3116271424209222,0.01,0.85,pickled_models\Prophet_Sri_Lanka_Summer.pkl
Sri Lanka,March,0.3126917382465266,0.4091140905937079,0.6,0.85,pickled_models\Prophet_Sri_Lanka_March.pkl
Sri Lanka,Spring,0.2422485450777836,0.2964836254158776,0.01,0.85,pickled_models\Prophet_Sri_Lanka_Spring.pkl
Sri Lanka,May,0.3493682433633256,0.4446615544375137,0.6,0.9,pickled_models\Prophet_Sri_Lanka_May.pkl
Sri Lanka,Meteorological year,0.134995270218823,0.1806667921266717,0.1,0.85,pickled_models\Prophet_Sri_Lanka_Meteorological_year.pkl
Sri Lanka,November,0.1895889397885406,0.2551465381259768,0.3,0.9,pickled_models\Prophet_Sri_Lanka_November.pkl
Sri Lanka,October,0.395416513383747,0.4878546859242639,0.01,0.9,pickled_models\Prophet_Sri_Lanka_October.pkl
Sri Lanka,September,0.2422033101833033,0.2697798123882931,0.6,0.9,pickled_models\Prophet_Sri_Lanka_September.pkl
Sri Lanka,Autumn,0.2120339357502163,0.244550437601085,0.4,0.85,pickled_models\Prophet_Sri_Lanka_Autumn.pkl
Suriname,April,0.2738106182803044,0.360726693696489,0.05,0.9,pickled_models\Prophet_Suriname_April.pkl
Suriname,August,0.2579929655460198,0.3504828543299888,0.05,0.85,pickled_models\Prophet_Suriname_August.pkl
Suriname,December,0.2813172033125261,0.4072208436325879,0.05,0.85,pickled_models\Prophet_Suriname_December.pkl
Suriname,Winter,0.2586575565114407,0.2759133102443006,0.1,0.85,pickled_models\Prophet_Suriname_Winter.pkl
Suriname,February,0.3035090981167841,0.3458388970186447,0.01,0.9,pickled_models\Prophet_Suriname_February.pkl
Suriname,January,0.2263597172326234,0.2365099410052727,0.1,0.9,pickled_models\Prophet_Suriname_January.pkl
Suriname,July,0.1770662551993448,0.2290239645384491,0.3,0.9,pickled_models\Prophet_Suriname_July.pkl
Suriname,June,0.2569757596108594,0.2844409783595774,0.05,0.9,pickled_models\Prophet_Suriname_June.pkl
Suriname,Summer,0.162241648222684,0.193127235392638,0.6,0.9,pickled_models\Prophet_Suriname_Summer.pkl
Suriname,March,0.2897372729022073,0.3265627398822465,0.05,0.9,pickled_models\Prophet_Suriname_March.pkl
Suriname,Spring,0.2767935894975051,0.3209834341831189,0.05,0.85,pickled_models\Prophet_Suriname_Spring.pkl
Suriname,May,0.2668161964337515,0.3275481478607278,0.1,0.85,pickled_models\Prophet_Suriname_May.pkl
Suriname,Meteorological year,0.1502177414923406,0.2061699374465198,0.1,0.85,pickled_models\Prophet_Suriname_Meteorological_year.pkl
Suriname,November,0.28461160634805,0.3320367848935428,0.6,0.85,pickled_models\Prophet_Suriname_November.pkl
Suriname,October,0.2179228681904514,0.2298729056190071,0.6,0.85,pickled_models\Prophet_Suriname_October.pkl
Suriname,September,0.2441229484532937,0.2918772753702295,0.6,0.85,pickled_models\Prophet_Suriname_September.pkl
Suriname,Autumn,0.1869293500728272,0.2284857752736722,0.6,0.85,pickled_models\Prophet_Suriname_Autumn.pkl
Svalbard and Jan Mayen Islands,April,1.754711860788417,2.0871230037663686,0.05,0.9,pickled_models\Prophet_Svalbard_and_Jan_Mayen_Islands_April.pkl
Svalbard and Jan Mayen Islands,August,0.4085860443462376,0.4290770943297315,0.1,0.85,pickled_models\Prophet_Svalbard_and_Jan_Mayen_Islands_August.pkl
Svalbard and Jan Mayen Islands,December,1.8426609795656903,1.9909413331723451,0.6,0.85,pickled_models\Prophet_Svalbard_and_Jan_Mayen_Islands_December.pkl
Svalbard and Jan Mayen Islands,Winter,1.8854941127343905,2.159144849765527,0.6,0.85,pickled_models\Prophet_Svalbard_and_Jan_Mayen_Islands_Winter.pkl
Svalbard and Jan Mayen Islands,February,3.780082130939325,4.19416981627409,0.6,0.85,pickled_models\Prophet_Svalbard_and_Jan_Mayen_Islands_February.pkl
Svalbard and Jan Mayen Islands,January,2.960478416350437,3.308771631644414,0.6,0.85,pickled_models\Prophet_Svalbard_and_Jan_Mayen_Islands_January.pkl
Svalbard and Jan Mayen Islands,July,0.4518100308501401,0.6095820747389674,0.05,0.85,pickled_models\Prophet_Svalbard_and_Jan_Mayen_Islands_July.pkl
Svalbard and Jan Mayen Islands,June,0.3142552615096508,0.4109018148101737,0.6,0.85,pickled_models\Prophet_Svalbard_and_Jan_Mayen_Islands_June.pkl
Svalbard and Jan Mayen Islands,Summer,0.3045214224154692,0.3405286448939483,0.6,0.85,pickled_models\Prophet_Svalbard_and_Jan_Mayen_Islands_Summer.pkl
Svalbard and Jan Mayen Islands,March,2.2839059094484404,2.615078455128877,0.1,0.85,pickled_models\Prophet_Svalbard_and_Jan_Mayen_Islands_March.pkl
Svalbard and Jan Mayen Islands,Spring,1.1611638056693443,1.4685711365065586,0.01,0.85,pickled_models\Prophet_Svalbard_and_Jan_Mayen_Islands_Spring.pkl
Svalbard and Jan Mayen Islands,May,1.778868413495542,2.0308804601147177,0.1,0.9,pickled_models\Prophet_Svalbard_and_Jan_Mayen_Islands_May.pkl
Svalbard and Jan Mayen Islands,Meteorological year,0.8842573815243763,1.1668571342103038,0.6,0.9,pickled_models\Prophet_Svalbard_and_Jan_Mayen_Islands_Meteorological_year.pkl
Svalbard and Jan Mayen Islands,November,2.3958521938549477,2.954771465882412,0.3,0.9,pickled_models\Prophet_Svalbard_and_Jan_Mayen_Islands_November.pkl
Svalbard and Jan Mayen Islands,October,2.58803820361619,3.1287970040060946,0.6,0.85,pickled_models\Prophet_Svalbard_and_Jan_Mayen_Islands_October.pkl
Svalbard and Jan Mayen Islands,September,1.0055004007116275,1.3290551209449473,0.6,0.9,pickled_models\Prophet_Svalbard_and_Jan_Mayen_Islands_September.pkl
Svalbard and Jan Mayen Islands,Autumn,1.6866389325122384,2.2099907941064205,0.6,0.85,pickled_models\Prophet_Svalbard_and_Jan_Mayen_Islands_Autumn.pkl
Sweden,April,0.7342906602886048,0.9064712940731257,0.3,0.85,pickled_models\Prophet_Sweden_April.pkl
Sweden,August,0.5196396045572568,0.7481414719851424,0.6,0.9,pickled_models\Prophet_Sweden_August.pkl
Sweden,December,1.4864990958598965,1.8644876672873287,0.01,0.9,pickled_models\Prophet_Sweden_December.pkl
Sweden,Winter,1.171555532586598,1.356854169901476,0.1,0.9,pickled_models\Prophet_Sweden_Winter.pkl
Sweden,February,2.781263595152464,3.0186029559545977,0.05,0.9,pickled_models\Prophet_Sweden_February.pkl
Sweden,January,1.716928314651548,2.1123942621897918,0.01,0.9,pickled_models\Prophet_Sweden_January.pkl
Sweden,July,1.6689954034428105,1.8912314974823603,0.5,0.85,pickled_models\Prophet_Sweden_July.pkl
Sweden,June,0.8580731569567925,0.9984889409270548,0.05,0.85,pickled_models\Prophet_Sweden_June.pkl
Sweden,Summer,0.7543471866774715,0.8475205731464356,0.6,0.9,pickled_models\Prophet_Sweden_Summer.pkl
Sweden,March,2.1419258504943497,2.4839998094752045,0.05,0.9,pickled_models\Prophet_Sweden_March.pkl
Sweden,Spring,0.6199799615020679,0.731984587312769,0.4,0.85,pickled_models\Prophet_Sweden_Spring.pkl
Sweden,May,1.3749401490529654,1.6915089684892797,0.3,0.9,pickled_models\Prophet_Sweden_May.pkl
Sweden,Meteorological year,0.4240554490857721,0.595484807157472,0.3,0.85,pickled_models\Prophet_Sweden_Meteorological_year.pkl
Sweden,November,1.2487078905104685,1.3087714081364317,0.4,0.9,pickled_models\Prophet_Sweden_November.pkl
Sweden,October,0.6970303330751033,0.7974321861232468,0.6,0.9,pickled_models\Prophet_Sweden_October.pkl
Sweden,September,0.6110030963576246,0.7909319043069557,0.6,0.85,pickled_models\Prophet_Sweden_September.pkl
Sweden,Autumn,0.6266091246653446,0.7592701136826615,0.6,0.85,pickled_models\Prophet_Sweden_Autumn.pkl
Switzerland,April,0.9637103863534864,1.3585764199783577,0.05,0.9,pickled_models\Prophet_Switzerland_April.pkl
Switzerland,August,0.930376285437724,1.1846490857984575,0.01,0.85,pickled_models\Prophet_Switzerland_August.pkl
Switzerland,December,1.2701434549994406,1.5924383719164663,0.3,0.85,pickled_models\Prophet_Switzerland_December.pkl
Switzerland,Winter,0.8600844117987734,1.1487034478604994,0.1,0.9,pickled_models\Prophet_Switzerland_Winter.pkl
Switzerland,February,2.1769434537554493,2.2782618850935537,0.3,0.85,pickled_models\Prophet_Switzerland_February.pkl
Switzerland,January,1.8606333241098163,2.1158024131105297,0.01,0.85,pickled_models\Prophet_Switzerland_January.pkl
Switzerland,July,1.1580296889797796,1.4057983667925658,0.01,0.9,pickled_models\Prophet_Switzerland_July.pkl
Switzerland,June,0.7464111685857514,0.9570148975534024,0.4,0.9,pickled_models\Prophet_Switzerland_June.pkl
Switzerland,Summer,0.9564361776719752,1.019196866839894,0.4,0.9,pickled_models\Prophet_Switzerland_Summer.pkl
Switzerland,March,1.3126795849962816,1.4879903239852492,0.1,0.85,pickled_models\Prophet_Switzerland_March.pkl
Switzerland,Spring,0.5872215626227569,0.7034634513472741,0.4,0.85,pickled_models\Prophet_Switzerland_Spring.pkl
Switzerland,May,1.2701596938748538,1.6541742284447452,0.05,0.9,pickled_models\Prophet_Switzerland_May.pkl
Switzerland,Meteorological year,0.4317479882957977,0.466660332489674,0.6,0.85,pickled_models\Prophet_Switzerland_Meteorological_year.pkl
Switzerland,November,1.0336777153694623,1.3782048555429156,0.6,0.85,pickled_models\Prophet_Switzerland_November.pkl
Switzerland,October,1.2832258453214214,1.3261412050607393,0.6,0.85,pickled_models\Prophet_Switzerland_October.pkl
Switzerland,September,1.428901033242732,1.5591299845321107,0.6,0.9,pickled_models\Prophet_Switzerland_September.pkl
Switzerland,Autumn,0.6862290997996053,0.8670444633840413,0.6,0.9,pickled_models\Prophet_Switzerland_Autumn.pkl
Syrian Arab Republic,April,1.4620379758210325,1.646052892231579,0.4,0.9,pickled_models\Prophet_Syrian_Arab_Republic_April.pkl
Syrian Arab Republic,August,0.5597192495089323,0.8134557632846362,0.4,0.9,pickled_models\Prophet_Syrian_Arab_Republic_August.pkl
Syrian Arab Republic,December,1.5119617289962377,1.6978153865255474,0.1,0.9,pickled_models\Prophet_Syrian_Arab_Republic_December.pkl
Syrian Arab Republic,Winter,0.9570925331593868,1.1347107696937149,0.6,0.9,pickled_models\Prophet_Syrian_Arab_Republic_Winter.pkl
Syrian Arab Republic,February,1.4969286552368273,1.7792797512021783,0.6,0.9,pickled_models\Prophet_Syrian_Arab_Republic_February.pkl
Syrian Arab Republic,January,0.9465463465077408,1.147711047258236,0.1,0.9,pickled_models\Prophet_Syrian_Arab_Republic_January.pkl
Syrian Arab Republic,July,0.5057862812011104,0.7121229202899462,0.01,0.85,pickled_models\Prophet_Syrian_Arab_Republic_July.pkl
Syrian Arab Republic,June,0.9557837205448496,1.3193460968419384,0.05,0.85,pickled_models\Prophet_Syrian_Arab_Republic_June.pkl
Syrian Arab Republic,Summer,0.5747409481881968,0.7719365240633115,0.3,0.85,pickled_models\Prophet_Syrian_Arab_Republic_Summer.pkl
Syrian Arab Republic,March,1.3389231076088737,1.63969746401874,0.6,0.9,pickled_models\Prophet_Syrian_Arab_Republic_March.pkl
Syrian Arab Republic,Spring,0.8351753275067203,1.0758977278914372,0.6,0.9,pickled_models\Prophet_Syrian_Arab_Republic_Spring.pkl
Syrian Arab Republic,May,0.4589261734271836,0.6376081809133851,0.3,0.9,pickled_models\Prophet_Syrian_Arab_Republic_May.pkl
Syrian Arab Republic,Meteorological year,0.2862051070716575,0.4267253097913103,0.6,0.9,pickled_models\Prophet_Syrian_Arab_Republic_Meteorological_year.pkl
Syrian Arab Republic,November,0.6458206570330981,0.7484021846083048,0.6,0.9,pickled_models\Prophet_Syrian_Arab_Republic_November.pkl
Syrian Arab Republic,October,0.9170511082705992,1.0002689075684696,0.1,0.85,pickled_models\Prophet_Syrian_Arab_Republic_October.pkl
Syrian Arab Republic,September,1.129579028264512,1.389022242719379,0.01,0.9,pickled_models\Prophet_Syrian_Arab_Republic_September.pkl
Syrian Arab Republic,Autumn,0.6803886164394122,0.7933109258875971,0.6,0.9,pickled_models\Prophet_Syrian_Arab_Republic_Autumn.pkl
Thailand,April,0.822373996920082,1.1595462256111662,0.6,0.85,pickled_models\Prophet_Thailand_April.pkl
Thailand,August,0.2534331027809587,0.2917401604597544,0.1,0.85,pickled_models\Prophet_Thailand_August.pkl
Thailand,December,0.7516331767138268,0.9894626807835628,0.6,0.85,pickled_models\Prophet_Thailand_December.pkl
Thailand,Winter,0.6281368280184353,0.8144199521323838,0.5,0.85,pickled_models\Prophet_Thailand_Winter.pkl
Thailand,February,0.8931931638358961,0.9172237006895247,0.3,0.9,pickled_models\Prophet_Thailand_February.pkl
Thailand,January,0.7414938212441543,1.0077591113117468,0.3,0.9,pickled_models\Prophet_Thailand_January.pkl
Thailand,July,0.3212686328839508,0.4008923473039417,0.4,0.9,pickled_models\Prophet_Thailand_July.pkl
Thailand,June,0.3641683703847606,0.4910495845819381,0.01,0.85,pickled_models\Prophet_Thailand_June.pkl
Thailand,Summer,0.2607956311484114,0.3330377783419813,0.1,0.9,pickled_models\Prophet_Thailand_Summer.pkl
Thailand,March,0.5276010817402557,0.5867579326955871,0.3,0.9,pickled_models\Prophet_Thailand_March.pkl
Thailand,Spring,0.6973028015476389,0.8638852398984392,0.01,0.9,pickled_models\Prophet_Thailand_Spring.pkl
Thailand,May,0.8717878697668273,1.0452932101780656,0.5,0.85,pickled_models\Prophet_Thailand_May.pkl
Thailand,Meteorological year,0.3547411165358357,0.4342552785505021,0.01,0.85,pickled_models\Prophet_Thailand_Meteorological_year.pkl
Thailand,November,0.7005621109730574,0.7992432453918156,0.6,0.9,pickled_models\Prophet_Thailand_November.pkl
Thailand,October,0.4870890115086819,0.5422472864584131,0.6,0.9,pickled_models\Prophet_Thailand_October.pkl
Thailand,September,0.3313513496491473,0.3775150085094546,0.01,0.9,pickled_models\Prophet_Thailand_September.pkl
Thailand,Autumn,0.4788585741850755,0.499900783451171,0.6,0.9,pickled_models\Prophet_Thailand_Autumn.pkl
Togo,April,0.2565186353500977,0.305127069029343,0.1,0.85,pickled_models\Prophet_Togo_April.pkl
Togo,August,0.3316588298139001,0.3581140027334089,0.1,0.9,pickled_models\Prophet_Togo_August.pkl
Togo,December,0.404859519517912,0.5898217649809909,0.05,0.85,pickled_models\Prophet_Togo_December.pkl
Togo,Winter,0.2248152670403781,0.2597972478603136,0.6,0.85,pickled_models\Prophet_Togo_Winter.pkl
Togo,February,0.2246571953214602,0.2740404395855586,0.05,0.9,pickled_models\Prophet_Togo_February.pkl
Togo,January,0.6064937163798884,0.6362697162311173,0.6,0.85,pickled_models\Prophet_Togo_January.pkl
Togo,July,0.2003107116870066,0.2215973116392605,0.6,0.85,pickled_models\Prophet_Togo_July.pkl
Togo,June,0.1755800531241541,0.2440255833881421,0.5,0.85,pickled_models\Prophet_Togo_June.pkl
Togo,Summer,0.1901034435209392,0.224161918390882,0.6,0.9,pickled_models\Prophet_Togo_Summer.pkl
Togo,March,0.2620079763077219,0.3338792605389352,0.3,0.9,pickled_models\Prophet_Togo_March.pkl
Togo,Spring,0.1592174113508245,0.1658524689227645,0.05,0.9,pickled_models\Prophet_Togo_Spring.pkl
Togo,May,0.2218045646593031,0.3064848328809651,0.01,0.85,pickled_models\Prophet_Togo_May.pkl
Togo,Meteorological year,0.1174151920696806,0.1347563530910033,0.6,0.9,pickled_models\Prophet_Togo_Meteorological_year.pkl
Togo,November,0.2901023056750302,0.3967477782119012,0.6,0.9,pickled_models\Prophet_Togo_November.pkl
Togo,October,0.4135591853544811,0.4351362180455201,0.6,0.9,pickled_models\Prophet_Togo_October.pkl
Togo,September,0.1624395824659863,0.1890035510888098,0.6,0.9,pickled_models\Prophet_Togo_September.pkl
Togo,Autumn,0.2566590984746939,0.284366821674002,0.6,0.9,pickled_models\Prophet_Togo_Autumn.pkl
Tonga,April,0.3294071182599872,0.4837260226151113,0.1,0.9,pickled_models\Prophet_Tonga_April.pkl
Tonga,August,0.4321340368561495,0.5557286389857043,0.6,0.85,pickled_models\Prophet_Tonga_August.pkl
Tonga,December,0.3419851771447261,0.389715587196543,0.05,0.85,pickled_models\Prophet_Tonga_December.pkl
Tonga,Winter,0.3576646615946752,0.4639855231577221,0.1,0.85,pickled_models\Prophet_Tonga_Winter.pkl
Tonga,February,0.4071651759149401,0.5269102594519715,0.1,0.9,pickled_models\Prophet_Tonga_February.pkl
Tonga,January,0.7003258554441819,0.785475355875294,0.1,0.9,pickled_models\Prophet_Tonga_January.pkl
Tonga,July,0.3346260272540034,0.452548079239588,0.4,0.9,pickled_models\Prophet_Tonga_July.pkl
Tonga,June,0.2806675518502582,0.3506325756231014,0.5,0.9,pickled_models\Prophet_Tonga_June.pkl
Tonga,Summer,0.3097874546108194,0.4372487723255363,0.4,0.85,pickled_models\Prophet_Tonga_Summer.pkl
Tonga,March,0.4335451812552456,0.4829234688946236,0.01,0.85,pickled_models\Prophet_Tonga_March.pkl
Tonga,Spring,0.2335156821213337,0.2564058234960447,0.6,0.85,pickled_models\Prophet_Tonga_Spring.pkl
Tonga,May,0.2356515653579018,0.3248658929896694,0.3,0.9,pickled_models\Prophet_Tonga_May.pkl
Tonga,Meteorological year,0.2316260752181463,0.2999989611081193,0.6,0.85,pickled_models\Prophet_Tonga_Meteorological_year.pkl
Tonga,November,0.1879393277433334,0.2119430302612598,0.01,0.9,pickled_models\Prophet_Tonga_November.pkl
Tonga,October,0.456656508412706,0.5325726836515217,0.01,0.85,pickled_models\Prophet_Tonga_October.pkl
Tonga,September,0.2558897556453723,0.3327774545733945,0.6,0.9,pickled_models\Prophet_Tonga_September.pkl
Tonga,Autumn,0.2792368470004854,0.3265698512937844,0.6,0.85,pickled_models\Prophet_Tonga_Autumn.pkl
Tunisia,April,0.7198020076798314,0.8460033058113424,0.05,0.9,pickled_models\Prophet_Tunisia_April.pkl
Tunisia,August,0.741093665716544,1.048442125213682,0.4,0.9,pickled_models\Prophet_Tunisia_August.pkl
Tunisia,December,0.7673532227489931,0.9286542868820282,0.4,0.9,pickled_models\Prophet_Tunisia_December.pkl
Tunisia,Winter,0.621724085081906,0.7206311274869507,0.3,0.85,pickled_models\Prophet_Tunisia_Winter.pkl
Tunisia,February,1.3964244725136032,1.5060922014892273,0.3,0.85,pickled_models\Prophet_Tunisia_February.pkl
Tunisia,January,1.294791889511452,1.3730618654117106,0.4,0.85,pickled_models\Prophet_Tunisia_January.pkl
Tunisia,July,0.7221271802015942,0.8529213057274795,0.01,0.85,pickled_models\Prophet_Tunisia_July.pkl
Tunisia,June,0.7200210401544744,0.8596611699932037,0.6,0.85,pickled_models\Prophet_Tunisia_June.pkl
Tunisia,Summer,0.5515610518635079,0.6038884561426369,0.6,0.9,pickled_models\Prophet_Tunisia_Summer.pkl
Tunisia,March,0.8668773087278718,1.008666194296873,0.01,0.85,pickled_models\Prophet_Tunisia_March.pkl
Tunisia,Spring,0.452300623787023,0.5754200875804862,0.01,0.9,pickled_models\Prophet_Tunisia_Spring.pkl
Tunisia,May,0.9019789466449794,1.0569265477714491,0.4,0.9,pickled_models\Prophet_Tunisia_May.pkl
Tunisia,Meteorological year,0.29951925272784,0.3154980479323538,0.6,0.9,pickled_models\Prophet_Tunisia_Meteorological_year.pkl
Tunisia,November,0.8548031355454763,0.9828075132909628,0.01,0.85,pickled_models\Prophet_Tunisia_November.pkl
Tunisia,October,1.229416319059786,1.5485531517776443,0.6,0.85,pickled_models\Prophet_Tunisia_October.pkl
Tunisia,September,0.6200879629567544,0.8181878031106485,0.01,0.9,pickled_models\Prophet_Tunisia_September.pkl
Tunisia,Autumn,0.6945063073960056,0.8464147579490104,0.6,0.9,pickled_models\Prophet_Tunisia_Autumn.pkl
Turkey,April,1.5209544699696425,1.705256648947251,0.01,0.85,pickled_models\Prophet_Turkey_April.pkl
Turkey,August,1.3386791445250734,2.519455543402102,0.3,0.85,pickled_models\Prophet_Turkey_August.pkl
Turkey,December,2.0429663847159336,2.242422145364611,0.1,0.85,pickled_models\Prophet_Turkey_December.pkl
Turkey,Winter,1.409146605897898,1.5654752526512006,0.6,0.85,pickled_models\Prophet_Turkey_Winter.pkl
Turkey,February,2.241556006315132,2.633057131847224,0.01,0.85,pickled_models\Prophet_Turkey_February.pkl
Turkey,January,1.2731762732191294,1.5054838355829594,0.3,0.85,pickled_models\Prophet_Turkey_January.pkl
Turkey,July,0.3647424774660364,0.5158815260512503,0.1,0.9,pickled_models\Prophet_Turkey_July.pkl
Turkey,June,1.116370021030603,1.649563523231719,0.01,0.9,pickled_models\Prophet_Turkey_June.pkl
Turkey,Summer,0.7589004393412527,1.4689793400774045,0.3,0.85,pickled_models\Prophet_Turkey_Summer.pkl
Turkey,March,1.3351166164017052,1.7362519162500298,0.6,0.9,pickled_models\Prophet_Turkey_March.pkl
Turkey,Spring,0.8222002460042267,1.1656341068475569,0.5,0.85,pickled_models\Prophet_Turkey_Spring.pkl
Turkey,May,0.5775616179081554,0.7510267463370589,0.4,0.85,pickled_models\Prophet_Turkey_May.pkl
Turkey,Meteorological year,0.4673530964649894,0.5984124600286354,0.6,0.9,pickled_models\Prophet_Turkey_Meteorological_year.pkl
Turkey,November,0.812214437529747,1.0314625697332405,0.6,0.9,pickled_models\Prophet_Turkey_November.pkl
Turkey,October,0.8688008712916934,1.0978422880819998,0.4,0.85,pickled_models\Prophet_Turkey_October.pkl
Turkey,September,1.039722578630894,1.3911728437669968,0.05,0.85,pickled_models\Prophet_Turkey_September.pkl
Turkey,Autumn,0.7286452544396805,0.855063739009895,0.6,0.9,pickled_models\Prophet_Turkey_Autumn.pkl
Uganda,April,1.0235806011906776,1.1361611546799324,0.6,0.85,pickled_models\Prophet_Uganda_April.pkl
Uganda,August,0.4978480803686341,0.6159285983644045,0.01,0.85,pickled_models\Prophet_Uganda_August.pkl
Uganda,December,0.2279225482628969,0.2795666058731428,0.5,0.85,pickled_models\Prophet_Uganda_December.pkl
Uganda,Winter,0.1356546792898695,0.1561767614004255,0.3,0.9,pickled_models\Prophet_Uganda_Winter.pkl
Uganda,February,0.2241974824883208,0.3151389671740758,0.3,0.9,pickled_models\Prophet_Uganda_February.pkl
Uganda,January,0.206935434318341,0.3161106400003505,0.4,0.85,pickled_models\Prophet_Uganda_January.pkl
Uganda,July,0.6243598557651816,0.6346771737326783,0.6,0.85,pickled_models\Prophet_Uganda_July.pkl
Uganda,June,0.4050965394666235,0.4827226857375224,0.5,0.85,pickled_models\Prophet_Uganda_June.pkl
Uganda,Summer,0.3527330626277025,0.4181805847822004,0.6,0.9,pickled_models\Prophet_Uganda_Summer.pkl
Uganda,March,0.6328762151527308,0.7451099649469604,0.3,0.9,pickled_models\Prophet_Uganda_March.pkl
Uganda,Spring,0.5431982028076551,0.6509775539556341,0.6,0.9,pickled_models\Prophet_Uganda_Spring.pkl
Uganda,May,0.4161416542843475,0.4718213482110491,0.6,0.85,pickled_models\Prophet_Uganda_May.pkl
Uganda,Meteorological year,0.1598234032524963,0.2139522751228611,0.6,0.9,pickled_models\Prophet_Uganda_Meteorological_year.pkl
Uganda,November,0.2902931751298532,0.3713724838589329,0.1,0.9,pickled_models\Prophet_Uganda_November.pkl
Uganda,October,0.3319099956114404,0.371984801619116,0.01,0.9,pickled_models\Prophet_Uganda_October.pkl
Uganda,September,0.5931672479184099,0.7574747607769274,0.01,0.85,pickled_models\Prophet_Uganda_September.pkl
Uganda,Autumn,0.2785516765880662,0.3443425476052146,0.01,0.9,pickled_models\Prophet_Uganda_Autumn.pkl
United Arab Emirates,April,0.9685444259264374,1.0253902500099097,0.6,0.85,pickled_models\Prophet_United_Arab_Emirates_April.pkl
United Arab Emirates,August,0.2414296842723516,0.2870611124014334,0.4,0.85,pickled_models\Prophet_United_Arab_Emirates_August.pkl
United Arab Emirates,December,0.6907453894130294,0.8782690432911717,0.5,0.85,pickled_models\Prophet_United_Arab_Emirates_December.pkl
United Arab Emirates,Winter,0.44680053051133,0.4994850272551077,0.6,0.85,pickled_models\Prophet_United_Arab_Emirates_Winter.pkl
United Arab Emirates,February,0.8775443503096511,1.0548725821254272,0.05,0.85,pickled_models\Prophet_United_Arab_Emirates_February.pkl
United Arab Emirates,January,0.7708877435713636,0.9895582618545324,0.6,0.9,pickled_models\Prophet_United_Arab_Emirates_January.pkl
United Arab Emirates,July,0.4445368017155406,0.5041259731314127,0.6,0.85,pickled_models\Prophet_United_Arab_Emirates_July.pkl
United Arab Emirates,June,0.5501170423518611,0.6688263693820948,0.4,0.85,pickled_models\Prophet_United_Arab_Emirates_June.pkl
United Arab Emirates,Summer,0.2762178332171355,0.3108680044359854,0.6,0.9,pickled_models\Prophet_United_Arab_Emirates_Summer.pkl
United Arab Emirates,March,0.5885197491544826,0.9287608023360494,0.5,0.9,pickled_models\Prophet_United_Arab_Emirates_March.pkl
United Arab Emirates,Spring,0.5084140955241657,0.6553472937303761,0.6,0.85,pickled_models\Prophet_United_Arab_Emirates_Spring.pkl
United Arab Emirates,May,0.4884297466660052,0.5720262006396616,0.01,0.85,pickled_models\Prophet_United_Arab_Emirates_May.pkl
United Arab Emirates,Meteorological year,0.2626597249371714,0.269167674812849,0.6,0.9,pickled_models\Prophet_United_Arab_Emirates_Meteorological_year.pkl
United Arab Emirates,November,0.4296672530433142,0.5171187301642447,0.6,0.85,pickled_models\Prophet_United_Arab_Emirates_November.pkl
United Arab Emirates,October,0.6333601382828373,0.6816260174325537,0.6,0.85,pickled_models\Prophet_United_Arab_Emirates_October.pkl
United Arab Emirates,September,0.3018715469006041,0.3982251044753289,0.6,0.9,pickled_models\Prophet_United_Arab_Emirates_September.pkl
United Arab Emirates,Autumn,0.2704347599002156,0.3070296456699947,0.6,0.9,pickled_models\Prophet_United_Arab_Emirates_Autumn.pkl
United Kingdom,April,0.5755661583270458,0.8206807154748677,0.5,0.85,pickled_models\Prophet_United_Kingdom_April.pkl
United Kingdom,August,0.5397440910892848,0.692308635187615,0.6,0.9,pickled_models\Prophet_United_Kingdom_August.pkl
United Kingdom,December,1.268502148546094,1.700053463615797,0.1,0.85,pickled_models\Prophet_United_Kingdom_December.pkl
United Kingdom,Winter,0.8171185595131583,0.8709666485842733,0.4,0.9,pickled_models\Prophet_United_Kingdom_Winter.pkl
United Kingdom,February,1.0764307074218435,1.2025510622660804,0.05,0.9,pickled_models\Prophet_United_Kingdom_February.pkl
United Kingdom,January,0.3626755628979559,0.4450683812321067,0.01,0.9,pickled_models\Prophet_United_Kingdom_January.pkl
United Kingdom,July,0.7662060769976957,0.8551714344402677,0.3,0.85,pickled_models\Prophet_United_Kingdom_July.pkl
United Kingdom,June,0.7170345093735095,0.8050096507342483,0.6,0.9,pickled_models\Prophet_United_Kingdom_June.pkl
United Kingdom,Summer,0.3436744779070582,0.4806784862301395,0.01,0.9,pickled_models\Prophet_United_Kingdom_Summer.pkl
United Kingdom,March,0.9695713491614518,1.1168550004529951,0.05,0.85,pickled_models\Prophet_United_Kingdom_March.pkl
United Kingdom,Spring,0.5175188652311449,0.5799835735494194,0.6,0.85,pickled_models\Prophet_United_Kingdom_Spring.pkl
United Kingdom,May,0.8269611780441624,0.8943512984733368,0.1,0.85,pickled_models\Prophet_United_Kingdom_May.pkl
United Kingdom,Meteorological year,0.3163271229402454,0.3903437146681923,0.1,0.85,pickled_models\Prophet_United_Kingdom_Meteorological_year.pkl
United Kingdom,November,1.079106581170194,1.1443015338997142,0.3,0.85,pickled_models\Prophet_United_Kingdom_November.pkl
United Kingdom,October,0.5841438954881047,0.7503358672497719,0.6,0.9,pickled_models\Prophet_United_Kingdom_October.pkl
United Kingdom,September,0.7524975947667606,0.861554959313684,0.01,0.9,pickled_models\Prophet_United_Kingdom_September.pkl
United Kingdom,Autumn,0.3374236802195486,0.4799561186123644,0.1,0.85,pickled_models\Prophet_United_Kingdom_Autumn.pkl
United Republic of Tanzania,April,0.6056544713159484,0.7617403274197843,0.6,0.85,pickled_models\Prophet_United_Republic_of_Tanzania_April.pkl
United Republic of Tanzania,August,0.508931990033731,0.5722817003072901,0.6,0.9,pickled_models\Prophet_United_Republic_of_Tanzania_August.pkl
United Republic of Tanzania,December,0.3292386823767185,0.3854852934006589,0.6,0.85,pickled_models\Prophet_United_Republic_of_Tanzania_December.pkl
United Republic of Tanzania,Winter,0.2248623055946596,0.2620551799893053,0.6,0.85,pickled_models\Prophet_United_Republic_of_Tanzania_Winter.pkl
United Republic of Tanzania,February,0.3522666784677801,0.4134784268851683,0.6,0.9,pickled_models\Prophet_United_Republic_of_Tanzania_February.pkl
United Republic of Tanzania,January,0.3648980496066937,0.4639501191932847,0.6,0.85,pickled_models\Prophet_United_Republic_of_Tanzania_January.pkl
United Republic of Tanzania,July,0.3278571942462939,0.4041514967791872,0.6,0.9,pickled_models\Prophet_United_Republic_of_Tanzania_July.pkl
United Republic of Tanzania,June,0.3912311241868362,0.4901100048734945,0.6,0.9,pickled_models\Prophet_United_Republic_of_Tanzania_June.pkl
United Republic of Tanzania,Summer,0.4012407888640223,0.4727007390168474,0.6,0.9,pickled_models\Prophet_United_Republic_of_Tanzania_Summer.pkl
United Republic of Tanzania,March,0.4678609723119354,0.6423116430781503,0.6,0.9,pickled_models\Prophet_United_Republic_of_Tanzania_March.pkl
United Republic of Tanzania,Spring,0.3963744675245347,0.5474338891907892,0.6,0.9,pickled_models\Prophet_United_Republic_of_Tanzania_Spring.pkl
United Republic of Tanzania,May,0.5062175064016687,0.605401329101758,0.6,0.85,pickled_models\Prophet_United_Republic_of_Tanzania_May.pkl
United Republic of Tanzania,Meteorological year,0.2086534409798588,0.2671381459860273,0.6,0.9,pickled_models\Prophet_United_Republic_of_Tanzania_Meteorological_year.pkl
United Republic of Tanzania,November,0.2258017269971176,0.2646386865056863,0.6,0.85,pickled_models\Prophet_United_Republic_of_Tanzania_November.pkl
United Republic of Tanzania,October,0.3211774196503918,0.3843381338812927,0.6,0.9,pickled_models\Prophet_United_Republic_of_Tanzania_October.pkl
United Republic of Tanzania,September,0.4042770546491119,0.4295328358531572,0.6,0.85,pickled_models\Prophet_United_Republic_of_Tanzania_September.pkl
United Republic of Tanzania,Autumn,0.1852403689769545,0.2036446482799569,0.6,0.85,pickled_models\Prophet_United_Republic_of_Tanzania_Autumn.pkl
United States Virgin Islands,April,0.2518772649370722,0.2838939521222851,0.05,0.85,pickled_models\Prophet_United_States_Virgin_Islands_April.pkl
United States Virgin Islands,August,0.1556585219014834,0.1755798497908554,0.1,0.85,pickled_models\Prophet_United_States_Virgin_Islands_August.pkl
United States Virgin Islands,December,0.5162194428830347,0.621472238377924,0.6,0.85,pickled_models\Prophet_United_States_Virgin_Islands_December.pkl
United States Virgin Islands,Winter,0.2571877217946345,0.302508278708293,0.6,0.85,pickled_models\Prophet_United_States_Virgin_Islands_Winter.pkl
United States Virgin Islands,February,0.3929835234359691,0.4279040009671701,0.6,0.85,pickled_models\Prophet_United_States_Virgin_Islands_February.pkl
United States Virgin Islands,January,0.2808858429113379,0.3140150021659788,0.6,0.85,pickled_models\Prophet_United_States_Virgin_Islands_January.pkl
United States Virgin Islands,July,0.2400456876212124,0.2582041039714345,0.6,0.85,pickled_models\Prophet_United_States_Virgin_Islands_July.pkl
United States Virgin Islands,June,0.1769062503127112,0.2001992930447932,0.01,0.9,pickled_models\Prophet_United_States_Virgin_Islands_June.pkl
United States Virgin Islands,Summer,0.1095042153266596,0.1450683374915924,0.6,0.9,pickled_models\Prophet_United_States_Virgin_Islands_Summer.pkl
United States Virgin Islands,March,0.2039307062355823,0.2593707341700796,0.6,0.9,pickled_models\Prophet_United_States_Virgin_Islands_March.pkl
United States Virgin Islands,Spring,0.1833637157129012,0.2172476230492226,0.6,0.85,pickled_models\Prophet_United_States_Virgin_Islands_Spring.pkl
United States Virgin Islands,May,0.2743726355864191,0.3152212260611557,0.4,0.9,pickled_models\Prophet_United_States_Virgin_Islands_May.pkl
United States Virgin Islands,Meteorological year,0.1361446571573936,0.1599076599592619,0.6,0.85,pickled_models\Prophet_United_States_Virgin_Islands_Meteorological_year.pkl
United States Virgin Islands,November,0.3007655496012953,0.431472759306061,0.1,0.85,pickled_models\Prophet_United_States_Virgin_Islands_November.pkl
United States Virgin Islands,October,0.2669796680547505,0.3226141096908315,0.05,0.85,pickled_models\Prophet_United_States_Virgin_Islands_October.pkl
United States Virgin Islands,September,0.1550013424962074,0.1878969539515092,0.6,0.85,pickled_models\Prophet_United_States_Virgin_Islands_September.pkl
United States Virgin Islands,Autumn,0.1937811327987218,0.2153040375539237,0.6,0.85,pickled_models\Prophet_United_States_Virgin_Islands_Autumn.pkl
United States of America,April,0.7658194126138623,0.8769308743006584,0.1,0.85,pickled_models\Prophet_United_States_of_America_April.pkl
United States of America,August,0.3501919197006654,0.4156945277940689,0.01,0.9,pickled_models\Prophet_United_States_of_America_August.pkl
United States of America,December,1.230587196466547,1.3754351981310966,0.4,0.9,pickled_models\Prophet_United_States_of_America_December.pkl
United States of America,Winter,0.6913220315049933,0.8756051303103053,0.3,0.85,pickled_models\Prophet_United_States_of_America_Winter.pkl
United States of America,February,1.4284524189691483,1.588154905767462,0.3,0.85,pickled_models\Prophet_United_States_of_America_February.pkl
United States of America,January,0.3021476024190985,0.3816936408210207,0.05,0.9,pickled_models\Prophet_United_States_of_America_January.pkl
United States of America,July,0.4124133410491549,0.470569528197739,0.6,0.85,pickled_models\Prophet_United_States_of_America_July.pkl
United States of America,June,0.5095147633347493,0.5668370460390436,0.5,0.85,pickled_models\Prophet_United_States_of_America_June.pkl
United States of America,Summer,0.2229408374534243,0.3177025619785498,0.5,0.9,pickled_models\Prophet_United_States_of_America_Summer.pkl
United States of America,March,0.8257169694052959,1.1221844012841384,0.5,0.9,pickled_models\Prophet_United_States_of_America_March.pkl
United States of America,Spring,0.4213350726021421,0.5264750233247336,0.1,0.85,pickled_models\Prophet_United_States_of_America_Spring.pkl
United States of America,May,0.4959669734717888,0.7539890403008087,0.3,0.9,pickled_models\Prophet_United_States_of_America_May.pkl
United States of America,Meteorological year,0.4679750436578769,0.5857642927607095,0.6,0.9,pickled_models\Prophet_United_States_of_America_Meteorological_year.pkl
United States of America,November,1.07098020411034,1.217823208516122,0.05,0.9,pickled_models\Prophet_United_States_of_America_November.pkl
United States of America,October,0.9821158468225274,1.0962505569481449,0.6,0.85,pickled_models\Prophet_United_States_of_America_October.pkl
United States of America,September,0.5135173563229732,0.6431183500272167,0.6,0.85,pickled_models\Prophet_United_States_of_America_September.pkl
United States of America,Autumn,0.5224485655345253,0.7335571306960392,0.5,0.9,pickled_models\Prophet_United_States_of_America_Autumn.pkl
Uruguay,April,0.8789450618010259,1.5388655238926645,0.1,0.9,pickled_models\Prophet_Uruguay_April.pkl
Uruguay,August,1.5034708261624792,1.6765646406998342,0.1,0.85,pickled_models\Prophet_Uruguay_August.pkl
Uruguay,December,0.5157854896584149,0.6563200816225035,0.4,0.85,pickled_models\Prophet_Uruguay_December.pkl
Uruguay,Winter,0.6050781618825436,0.6465628003991075,0.1,0.85,pickled_models\Prophet_Uruguay_Winter.pkl
Uruguay,February,0.5804706171994841,0.8019595257639013,0.5,0.9,pickled_models\Prophet_Uruguay_February.pkl
Uruguay,January,0.4466267772954631,0.4904696344057585,0.6,0.85,pickled_models\Prophet_Uruguay_January.pkl
Uruguay,July,1.1590792210833525,1.6544078879438575,0.05,0.9,pickled_models\Prophet_Uruguay_July.pkl
Uruguay,June,1.658399780958393,1.8401207104651855,0.01,0.9,pickled_models\Prophet_Uruguay_June.pkl
Uruguay,Summer,1.1868891286858654,1.410040400667609,0.4,0.9,pickled_models\Prophet_Uruguay_Summer.pkl
Uruguay,March,0.8388784630045407,0.9885058565876604,0.6,0.85,pickled_models\Prophet_Uruguay_March.pkl
Uruguay,Spring,0.7959196039081671,0.9538364543826088,0.1,0.85,pickled_models\Prophet_Uruguay_Spring.pkl
Uruguay,May,1.3020094848078496,1.4231643974859631,0.4,0.85,pickled_models\Prophet_Uruguay_May.pkl
Uruguay,Meteorological year,0.4517805123022747,0.5100359158903437,0.05,0.9,pickled_models\Prophet_Uruguay_Meteorological_year.pkl
Uruguay,November,0.6447814863328534,0.754895468903924,0.6,0.9,pickled_models\Prophet_Uruguay_November.pkl
Uruguay,October,0.8906774016389783,1.149231264536326,0.01,0.85,pickled_models\Prophet_Uruguay_October.pkl
Uruguay,September,1.175180633612922,1.3992141997526526,0.01,0.85,pickled_models\Prophet_Uruguay_September.pkl
Uruguay,Autumn,0.6396695636060445,0.7526286925205212,0.3,0.85,pickled_models\Prophet_Uruguay_Autumn.pkl
Venezuela (Bolivarian Republic of),April,0.284769795774384,0.3872844426777844,0.3,0.9,pickled_models\Prophet_Venezuela_(Bolivarian_Republic_of)_April.pkl
Venezuela (Bolivarian Republic of),August,0.1894281188599584,0.2374027432254302,0.5,0.9,pickled_models\Prophet_Venezuela_(Bolivarian_Republic_of)_August.pkl
Venezuela (Bolivarian Republic of),December,0.2867702917708064,0.3200879839807646,0.6,0.9,pickled_models\Prophet_Venezuela_(Bolivarian_Republic_of)_December.pkl
Venezuela (Bolivarian Republic of),Winter,0.3333069283129015,0.4427058657109398,0.1,0.85,pickled_models\Prophet_Venezuela_(Bolivarian_Republic_of)_Winter.pkl
Venezuela (Bolivarian Republic of),February,0.5059024114259739,0.7615490619422262,0.6,0.9,pickled_models\Prophet_Venezuela_(Bolivarian_Republic_of)_February.pkl
Venezuela (Bolivarian Republic of),January,0.3685077281012534,0.5181653229581681,0.6,0.9,pickled_models\Prophet_Venezuela_(Bolivarian_Republic_of)_January.pkl
Venezuela (Bolivarian Republic of),July,0.1748674551191567,0.2180907620664826,0.6,0.85,pickled_models\Prophet_Venezuela_(Bolivarian_Republic_of)_July.pkl
Venezuela (Bolivarian Republic of),June,0.2468699042726393,0.291511007776872,0.3,0.9,pickled_models\Prophet_Venezuela_(Bolivarian_Republic_of)_June.pkl
Venezuela (Bolivarian Republic of),Summer,0.1459691809107372,0.1985418550235323,0.6,0.85,pickled_models\Prophet_Venezuela_(Bolivarian_Republic_of)_Summer.pkl
Venezuela (Bolivarian Republic of),March,0.5372862154573658,0.6494341678041369,0.01,0.85,pickled_models\Prophet_Venezuela_(Bolivarian_Republic_of)_March.pkl
Venezuela (Bolivarian Republic of),Spring,0.34046119108909,0.3541840013000879,0.05,0.9,pickled_models\Prophet_Venezuela_(Bolivarian_Republic_of)_Spring.pkl
Venezuela (Bolivarian Republic of),May,0.3156325840987964,0.3924559256587846,0.3,0.9,pickled_models\Prophet_Venezuela_(Bolivarian_Republic_of)_May.pkl
Venezuela (Bolivarian Republic of),Meteorological year,0.1928688010923259,0.2238520127594255,0.6,0.85,pickled_models\Prophet_Venezuela_(Bolivarian_Republic_of)_Meteorological_year.pkl
Venezuela (Bolivarian Republic of),November,0.221228875843982,0.2946978747936543,0.6,0.85,pickled_models\Prophet_Venezuela_(Bolivarian_Republic_of)_November.pkl
Venezuela (Bolivarian Republic of),October,0.2370388537651241,0.373238142036389,0.1,0.9,pickled_models\Prophet_Venezuela_(Bolivarian_Republic_of)_October.pkl
Venezuela (Bolivarian Republic of),September,0.2943336901967556,0.3689282600409377,0.6,0.85,pickled_models\Prophet_Venezuela_(Bolivarian_Republic_of)_September.pkl
Venezuela (Bolivarian Republic of),Autumn,0.147851083643498,0.2231421707091898,0.5,0.9,pickled_models\Prophet_Venezuela_(Bolivarian_Republic_of)_Autumn.pkl
Viet Nam,April,0.6305545753594356,0.8523214289515475,0.3,0.85,pickled_models\Prophet_Viet_Nam_April.pkl
Viet Nam,August,0.4308553908238464,0.4944696473927887,0.01,0.9,pickled_models\Prophet_Viet_Nam_August.pkl
Viet Nam,December,0.8287080696669048,0.9024418574802076,0.1,0.85,pickled_models\Prophet_Viet_Nam_December.pkl
Viet Nam,Winter,0.8059025735659651,0.9304921879301498,0.6,0.9,pickled_models\Prophet_Viet_Nam_Winter.pkl
Viet Nam,February,1.185943834121827,1.406047932141484,0.5,0.9,pickled_models\Prophet_Viet_Nam_February.pkl
Viet Nam,January,0.7891685942213487,0.9250383490982436,0.01,0.85,pickled_models\Prophet_Viet_Nam_January.pkl
Viet Nam,July,0.384239284043206,0.4829940802332298,0.01,0.85,pickled_models\Prophet_Viet_Nam_July.pkl
Viet Nam,June,0.4911220919680142,0.6200866540132819,0.1,0.9,pickled_models\Prophet_Viet_Nam_June.pkl
Viet Nam,Summer,0.3816899019843529,0.504667402844497,0.4,0.85,pickled_models\Prophet_Viet_Nam_Summer.pkl
Viet Nam,March,0.5810551101290673,0.7007876413611479,0.1,0.85,pickled_models\Prophet_Viet_Nam_March.pkl
Viet Nam,Spring,0.5486517184005671,0.7053883382043061,0.01,0.9,pickled_models\Prophet_Viet_Nam_Spring.pkl
Viet Nam,May,0.8519345433140587,1.0079248641259455,0.4,0.9,pickled_models\Prophet_Viet_Nam_May.pkl
Viet Nam,Meteorological year,0.4272716003405612,0.5147586792002409,0.6,0.85,pickled_models\Prophet_Viet_Nam_Meteorological_year.pkl
Viet Nam,November,0.6730043888701219,0.8295968399649247,0.6,0.85,pickled_models\Prophet_Viet_Nam_November.pkl
Viet Nam,October,0.5193388457077882,0.6265145742333944,0.6,0.85,pickled_models\Prophet_Viet_Nam_October.pkl
Viet Nam,September,0.6996060801777076,0.7550543334766192,0.01,0.85,pickled_models\Prophet_Viet_Nam_September.pkl
Viet Nam,Autumn,0.5810160364470925,0.6285877175866261,0.6,0.85,pickled_models\Prophet_Viet_Nam_Autumn.pkl
Wallis and Futuna Islands,April,0.4312039391692912,0.5340055956600154,0.5,0.85,pickled_models\Prophet_Wallis_and_Futuna_Islands_April.pkl
Wallis and Futuna Islands,August,0.37068847969005,0.4163779028765724,0.01,0.85,pickled_models\Prophet_Wallis_and_Futuna_Islands_August.pkl
Wallis and Futuna Islands,December,0.2291110766754911,0.2981450832001568,0.1,0.9,pickled_models\Prophet_Wallis_and_Futuna_Islands_December.pkl
Wallis and Futuna Islands,Winter,0.4118697449519624,0.4828017316746878,0.6,0.9,pickled_models\Prophet_Wallis_and_Futuna_Islands_Winter.pkl
Wallis and Futuna Islands,February,0.4222357012927342,0.5585426094725375,0.6,0.9,pickled_models\Prophet_Wallis_and_Futuna_Islands_February.pkl
Wallis and Futuna Islands,January,0.7177653798706838,0.7667217537112365,0.6,0.85,pickled_models\Prophet_Wallis_and_Futuna_Islands_January.pkl
Wallis and Futuna Islands,July,0.2220086392198004,0.3291260787554543,0.3,0.85,pickled_models\Prophet_Wallis_and_Futuna_Islands_July.pkl
Wallis and Futuna Islands,June,0.2039833407862424,0.2522179327733537,0.1,0.85,pickled_models\Prophet_Wallis_and_Futuna_Islands_June.pkl
Wallis and Futuna Islands,Summer,0.2462873824814986,0.2693133736057831,0.05,0.9,pickled_models\Prophet_Wallis_and_Futuna_Islands_Summer.pkl
Wallis and Futuna Islands,March,0.3360814431365594,0.4218124266563687,0.6,0.85,pickled_models\Prophet_Wallis_and_Futuna_Islands_March.pkl
Wallis and Futuna Islands,Spring,0.2678914342754305,0.3377686831710356,0.5,0.85,pickled_models\Prophet_Wallis_and_Futuna_Islands_Spring.pkl
Wallis and Futuna Islands,May,0.4380598608669837,0.4660159416597978,0.01,0.9,pickled_models\Prophet_Wallis_and_Futuna_Islands_May.pkl
Wallis and Futuna Islands,Meteorological year,0.1537175129571413,0.1934866163724773,0.4,0.85,pickled_models\Prophet_Wallis_and_Futuna_Islands_Meteorological_year.pkl
Wallis and Futuna Islands,November,0.3408224473335542,0.3948252393613239,0.05,0.9,pickled_models\Prophet_Wallis_and_Futuna_Islands_November.pkl
Wallis and Futuna Islands,October,0.2607902871828143,0.3537630505668548,0.6,0.85,pickled_models\Prophet_Wallis_and_Futuna_Islands_October.pkl
Wallis and Futuna Islands,September,0.2184046901449511,0.2683679136139533,0.05,0.85,pickled_models\Prophet_Wallis_and_Futuna_Islands_September.pkl
Wallis and Futuna Islands,Autumn,0.199995229834357,0.2289259893301537,0.3,0.9,pickled_models\Prophet_Wallis_and_Futuna_Islands_Autumn.pkl
Western Africa,April,0.3708431122591299,0.4617546846502782,0.6,0.9,pickled_models\Prophet_Western_Africa_April.pkl
Western Africa,August,0.1248565558528518,0.1452060937095267,0.1,0.85,pickled_models\Prophet_Western_Africa_August.pkl
Western Africa,December,0.5886383039754092,0.7633107211569278,0.01,0.85,pickled_models\Prophet_Western_Africa_December.pkl
Western Africa,Winter,0.345055814323171,0.3738909431550955,0.3,0.9,pickled_models\Prophet_Western_Africa_Winter.pkl
Western Africa,February,0.469244405914311,0.605174856583775,0.3,0.85,pickled_models\Prophet_Western_Africa_February.pkl
Western Africa,January,0.4889046419302967,0.5232434918382556,0.01,0.9,pickled_models\Prophet_Western_Africa_January.pkl
Western Africa,July,0.2639513534821771,0.341840380945562,0.6,0.9,pickled_models\Prophet_Western_Africa_July.pkl
Western Africa,June,0.2290704393183686,0.3119354057538972,0.01,0.9,pickled_models\Prophet_Western_Africa_June.pkl
Western Africa,Summer,0.1698663047584912,0.2269791069900484,0.05,0.9,pickled_models\Prophet_Western_Africa_Summer.pkl
Western Africa,March,0.4786947548283699,0.6280567251910758,0.3,0.9,pickled_models\Prophet_Western_Africa_March.pkl
Western Africa,Spring,0.3157111339477885,0.3578070166051075,0.6,0.9,pickled_models\Prophet_Western_Africa_Spring.pkl
Western Africa,May,0.2962452724763245,0.3603655772138683,0.05,0.9,pickled_models\Prophet_Western_Africa_May.pkl
Western Africa,Meteorological year,0.1133438722952125,0.1248623511357231,0.01,0.85,pickled_models\Prophet_Western_Africa_Meteorological_year.pkl
Western Africa,November,0.3322871935494392,0.410080084588996,0.6,0.9,pickled_models\Prophet_Western_Africa_November.pkl
Western Africa,October,0.2124042559774529,0.2663793317954196,0.6,0.9,pickled_models\Prophet_Western_Africa_October.pkl
Western Africa,September,0.286089611541715,0.3235118505900552,0.05,0.9,pickled_models\Prophet_Western_Africa_September.pkl
Western Africa,Autumn,0.1752388831939716,0.2183164918773964,0.05,0.85,pickled_models\Prophet_Western_Africa_Autumn.pkl
Western Asia,April,0.828602525047634,0.9258976324234488,0.01,0.9,pickled_models\Prophet_Western_Asia_April.pkl
Western Asia,August,0.5096407905344638,0.6046300569442861,0.01,0.85,pickled_models\Prophet_Western_Asia_August.pkl
Western Asia,December,1.0741433368862487,1.1602517046237937,0.1,0.85,pickled_models\Prophet_Western_Asia_December.pkl
Western Asia,Winter,0.6850919137779231,0.7825221846576943,0.6,0.85,pickled_models\Prophet_Western_Asia_Winter.pkl
Western Asia,February,0.9581498708926832,1.2382453392012962,0.6,0.85,pickled_models\Prophet_Western_Asia_February.pkl
Western Asia,January,0.7613096514122867,0.8993930743261694,0.6,0.9,pickled_models\Prophet_Western_Asia_January.pkl
Western Asia,July,0.3948195318766866,0.5552117261956151,0.3,0.85,pickled_models\Prophet_Western_Asia_July.pkl
Western Asia,June,0.5174811988777009,0.7125585370985276,0.3,0.85,pickled_models\Prophet_Western_Asia_June.pkl
Western Asia,Summer,0.3620193745209903,0.4185135554659649,0.3,0.9,pickled_models\Prophet_Western_Asia_Summer.pkl
Western Asia,March,1.018326256669572,1.3379171049174146,0.6,0.9,pickled_models\Prophet_Western_Asia_March.pkl
Western Asia,Spring,0.564071089412928,0.6694106226169625,0.6,0.85,pickled_models\Prophet_Western_Asia_Spring.pkl
Western Asia,May,0.1599314048665103,0.2230299270859192,0.6,0.9,pickled_models\Prophet_Western_Asia_May.pkl
Western Asia,Meteorological year,0.1600495408466375,0.2278172765567039,0.6,0.85,pickled_models\Prophet_Western_Asia_Meteorological_year.pkl
Western Asia,November,0.5036737798543381,0.5728371755880304,0.6,0.85,pickled_models\Prophet_Western_Asia_November.pkl
Western Asia,October,0.5769768956994935,0.78512303003349,0.6,0.9,pickled_models\Prophet_Western_Asia_October.pkl
Western Asia,September,0.7312021105102674,0.8716757995953776,0.6,0.9,pickled_models\Prophet_Western_Asia_September.pkl
Western Asia,Autumn,0.572493663588243,0.6520768118128334,0.6,0.85,pickled_models\Prophet_Western_Asia_Autumn.pkl
Western Europe,April,0.9733117663351344,1.2789129408552884,0.1,0.9,pickled_models\Prophet_Western_Europe_April.pkl
Western Europe,August,0.7956038418632051,1.049333660194156,0.01,0.85,pickled_models\Prophet_Western_Europe_August.pkl
Western Europe,December,1.2592506656224478,1.7861431503832983,0.01,0.85,pickled_models\Prophet_Western_Europe_December.pkl
Western Europe,Winter,0.8813981180857126,1.2043231951359352,0.05,0.9,pickled_models\Prophet_Western_Europe_Winter.pkl
Western Europe,February,2.026746983944839,2.145280780302428,0.5,0.9,pickled_models\Prophet_Western_Europe_February.pkl
Western Europe,January,1.519374388211034,1.7414818328524462,0.01,0.85,pickled_models\Prophet_Western_Europe_January.pkl
Western Europe,July,0.634030810745465,0.8868168346885702,0.01,0.85,pickled_models\Prophet_Western_Europe_July.pkl
Western Europe,June,0.694347086106201,0.9129039132091972,0.5,0.85,pickled_models\Prophet_Western_Europe_June.pkl
Western Europe,Summer,0.7176996146656863,0.8075419445584627,0.6,0.85,pickled_models\Prophet_Western_Europe_Summer.pkl
Western Europe,March,1.2506084002338085,1.4154197917382378,0.05,0.9,pickled_models\Prophet_Western_Europe_March.pkl
Western Europe,Spring,0.5269903133424326,0.5613024090799488,0.1,0.85,pickled_models\Prophet_Western_Europe_Spring.pkl
Western Europe,May,1.093189602387964,1.2800663774470522,0.05,0.9,pickled_models\Prophet_Western_Europe_May.pkl
Western Europe,Meteorological year,0.4744104560968605,0.5281907000919303,0.01,0.9,pickled_models\Prophet_Western_Europe_Meteorological_year.pkl
Western Europe,November,0.9637308349921,1.3092110385890328,0.3,0.9,pickled_models\Prophet_Western_Europe_November.pkl
Western Europe,October,1.2511849568368991,1.3081528351160512,0.6,0.9,pickled_models\Prophet_Western_Europe_October.pkl
Western Europe,September,1.2973281474587697,1.4383366961075457,0.6,0.9,pickled_models\Prophet_Western_Europe_September.pkl
Western Europe,Autumn,0.532345338374998,0.7567568130274296,0.6,0.85,pickled_models\Prophet_Western_Europe_Autumn.pkl
Western Sahara,April,0.7278525801503023,0.844842377567651,0.01,0.85,pickled_models\Prophet_Western_Sahara_April.pkl
Western Sahara,August,0.3560862280271224,0.4694237745775347,0.01,0.9,pickled_models\Prophet_Western_Sahara_August.pkl
Western Sahara,December,0.7827172447422264,0.8653076601563854,0.01,0.85,pickled_models\Prophet_Western_Sahara_December.pkl
Western Sahara,Winter,0.6228374835491016,0.7620088290808235,0.1,0.85,pickled_models\Prophet_Western_Sahara_Winter.pkl
Western Sahara,February,0.7446189075899752,0.8755492049147584,0.3,0.9,pickled_models\Prophet_Western_Sahara_February.pkl
Western Sahara,January,0.5622089601384616,0.9281119593922424,0.4,0.85,pickled_models\Prophet_Western_Sahara_January.pkl
Western Sahara,July,0.4977980924745293,0.5801047403038977,0.3,0.85,pickled_models\Prophet_Western_Sahara_July.pkl
Western Sahara,June,0.5356750696533639,0.6211737556055885,0.6,0.85,pickled_models\Prophet_Western_Sahara_June.pkl
Western Sahara,Summer,0.3999693514899552,0.4818284002544291,0.3,0.85,pickled_models\Prophet_Western_Sahara_Summer.pkl
Western Sahara,March,1.089519489250588,1.2991886908258703,0.01,0.85,pickled_models\Prophet_Western_Sahara_March.pkl
Western Sahara,Spring,0.5149819046560434,0.6324455352085929,0.3,0.9,pickled_models\Prophet_Western_Sahara_Spring.pkl
Western Sahara,May,0.957495815471502,1.091451319302699,0.6,0.9,pickled_models\Prophet_Western_Sahara_May.pkl
Western Sahara,Meteorological year,0.3029483228841779,0.4141915310542603,0.1,0.9,pickled_models\Prophet_Western_Sahara_Meteorological_year.pkl
Western Sahara,November,0.5788603852205337,0.7011676346052167,0.5,0.85,pickled_models\Prophet_Western_Sahara_November.pkl
Western Sahara,October,0.6103961979002148,0.6620248633032478,0.1,0.9,pickled_models\Prophet_Western_Sahara_October.pkl
Western Sahara,September,0.2197848742661757,0.2342902005695856,0.3,0.85,pickled_models\Prophet_Western_Sahara_September.pkl
Western Sahara,Autumn,0.3527646507515449,0.4026737756887447,0.01,0.9,pickled_models\Prophet_Western_Sahara_Autumn.pkl
World,April,0.1992077507295718,0.2789567297139501,0.6,0.9,pickled_models\Prophet_World_April.pkl
World,August,0.126843797175533,0.1620596956123684,0.4,0.85,pickled_models\Prophet_World_August.pkl
World,December,0.4988399386100146,0.5904458349444338,0.01,0.9,pickled_models\Prophet_World_December.pkl
World,Winter,0.3651620913439489,0.4581369943312728,0.4,0.9,pickled_models\Prophet_World_Winter.pkl
World,February,0.5169024650174511,0.6617905995670317,0.3,0.9,pickled_models\Prophet_World_February.pkl
World,January,0.2703808979254924,0.3294742456460594,0.01,0.85,pickled_models\Prophet_World_January.pkl
World,July,0.0948700537651087,0.125225554181223,0.6,0.9,pickled_models\Prophet_World_July.pkl
World,June,0.1294924195354308,0.1397582571759055,0.6,0.9,pickled_models\Prophet_World_June.pkl
World,Summer,0.0864881149106339,0.1021716672840647,0.6,0.9,pickled_models\Prophet_World_Summer.pkl
World,March,0.4389574920737741,0.56459419819259,0.6,0.9,pickled_models\Prophet_World_March.pkl
World,Spring,0.209425735068573,0.2930519124531474,0.5,0.9,pickled_models\Prophet_World_Spring.pkl
World,May,0.0781193794360048,0.1010412413878838,0.6,0.9,pickled_models\Prophet_World_May.pkl
World,Meteorological year,0.1696977336602133,0.2048023872215781,0.5,0.9,pickled_models\Prophet_World_Meteorological_year.pkl
World,November,0.208220554523136,0.2498986452556036,0.1,0.9,pickled_models\Prophet_World_November.pkl
World,October,0.1806800164169393,0.2066979318227769,0.3,0.9,pickled_models\Prophet_World_October.pkl
World,September,0.1305375919953603,0.1507947980509341,0.6,0.85,pickled_models\Prophet_World_September.pkl
World,Autumn,0.1410724148391377,0.1814932486902963,0.1,0.85,pickled_models\Prophet_World_Autumn.pkl
Zimbabwe,April,0.5863186132613359,0.6837055276953169,0.1,0.85,pickled_models\Prophet_Zimbabwe_April.pkl
Zimbabwe,August,0.7490388819491418,1.028346886340735,0.5,0.9,pickled_models\Prophet_Zimbabwe_August.pkl
Zimbabwe,December,0.8678775892337187,1.1575593290748365,0.4,0.9,pickled_models\Prophet_Zimbabwe_December.pkl
Zimbabwe,Winter,0.5318950464413758,0.7543739620638072,0.3,0.85,pickled_models\Prophet_Zimbabwe_Winter.pkl
Zimbabwe,February,0.7565685333770299,1.033962791677545,0.1,0.85,pickled_models\Prophet_Zimbabwe_February.pkl
Zimbabwe,January,0.3957935885288946,0.4832826036819097,0.3,0.85,pickled_models\Prophet_Zimbabwe_January.pkl
Zimbabwe,July,0.6142471045305119,0.7595020930541502,0.3,0.9,pickled_models\Prophet_Zimbabwe_July.pkl
Zimbabwe,June,0.2248033621996833,0.2553429922448115,0.05,0.9,pickled_models\Prophet_Zimbabwe_June.pkl
Zimbabwe,Summer,0.2580710619273674,0.3399696230908687,0.05,0.9,pickled_models\Prophet_Zimbabwe_Summer.pkl
Zimbabwe,March,0.7486167990602975,0.8566391195346327,0.01,0.85,pickled_models\Prophet_Zimbabwe_March.pkl
Zimbabwe,Spring,0.4506490056455617,0.527392384448368,0.01,0.85,pickled_models\Prophet_Zimbabwe_Spring.pkl
Zimbabwe,May,0.5162546247844901,0.5864869058409864,0.5,0.9,pickled_models\Prophet_Zimbabwe_May.pkl
Zimbabwe,Meteorological year,0.4140107382230238,0.474895002338833,0.4,0.85,pickled_models\Prophet_Zimbabwe_Meteorological_year.pkl
Zimbabwe,November,0.9158302832785656,1.0595924935565282,0.3,0.85,pickled_models\Prophet_Zimbabwe_November.pkl
Zimbabwe,October,1.1450004416770936,1.2808207097635729,0.6,0.85,pickled_models\Prophet_Zimbabwe_October.pkl
Zimbabwe,September,0.6904794317029532,0.96314601831878,0.4,0.9,pickled_models\Prophet_Zimbabwe_September.pkl
Zimbabwe,Autumn,0.5393228186825834,0.6315055644161522,0.01,0.9,pickled_models\Prophet_Zimbabwe_Autumn.pkl
